experiment	condition	task_id	purity_pct	mixture_pct	c2_pct	c3_pct	normal_pct	sv_id	CHROM	start	end	sv_class	sv_info	membership	carrier_clones	cellular_fraction	cellular_fraction_pct
e1	c50p10m10	0	10	10	1	9	90	e1_001	chrX	2832936	2932935	inversion	None	clonal	c2,c3	0.1000	10
e1	c50p10m10	0	10	10	1	9	90	e1_002	chrX	2970776	3070775	deletion	None	clonal	c2,c3	0.1000	10
e1	c50p10m10	0	10	10	1	9	90	e1_003	chrX	3563485	3663484	inversion	None	clonal	c2,c3	0.1000	10
e1	c50p10m10	0	10	10	1	9	90	e1_004	chrX	3818519	3918518	inversion	None	clonal	c2,c3	0.1000	10
e1	c50p10m10	0	10	10	1	9	90	e1_005	chrX	4672128	4772127	tandem duplication	2	clonal	c2,c3	0.1000	10
e1	c50p10m10	0	10	10	1	9	90	e1_006	chrX	5233503	5333502	deletion	None	clonal	c2,c3	0.1000	10
e1	c50p10m10	0	10	10	1	9	90	e1_007	chrX	6543875	6643874	tandem duplication	2	clonal	c2,c3	0.1000	10
e1	c50p10m10	0	10	10	1	9	90	e1_008	chrX	9603605	9703604	inversion	None	clonal	c2,c3	0.1000	10
e1	c50p10m10	0	10	10	1	9	90	e1_009	chrX	10232079	10332078	inversion	None	clonal	c2,c3	0.1000	10
e1	c50p10m10	0	10	10	1	9	90	e1_010	chrX	11063285	11163284	inversion	None	clonal	c2,c3	0.1000	10
e1	c50p10m10	0	10	10	1	9	90	e1_011	chrX	11695441	11795440	tandem duplication	2	clonal	c2,c3	0.1000	10
e1	c50p10m10	0	10	10	1	9	90	e1_012	chrX	12923319	13023318	deletion	None	clonal	c2,c3	0.1000	10
e1	c50p10m10	0	10	10	1	9	90	e1_013	chrX	13623023	13723022	deletion	None	clonal	c2,c3	0.1000	10
e1	c50p10m10	0	10	10	1	9	90	e1_014	chrX	13904122	14004121	deletion	None	clonal	c2,c3	0.1000	10
e1	c50p10m10	0	10	10	1	9	90	e1_015	chrX	15168670	15268669	inversion	None	clonal	c2,c3	0.1000	10
e1	c50p10m10	0	10	10	1	9	90	e1_016	chrX	15302420	15402419	tandem duplication	2	clonal	c2,c3	0.1000	10
e1	c50p10m10	0	10	10	1	9	90	e1_017	chrX	15620072	15720071	deletion	None	clonal	c2,c3	0.1000	10
e1	c50p10m10	0	10	10	1	9	90	e1_018	chrX	18715859	18815858	tandem duplication	2	clonal	c2,c3	0.1000	10
e1	c50p10m10	0	10	10	1	9	90	e1_019	chrX	19262220	19362219	deletion	None	clonal	c2,c3	0.1000	10
e1	c50p10m10	0	10	10	1	9	90	e1_020	chrX	19370030	19470029	inversion	None	clonal	c2,c3	0.1000	10
e1	c50p10m10	0	10	10	1	9	90	e1_021	chrX	19940500	20040499	inversion	None	clonal	c2,c3	0.1000	10
e1	c50p10m10	0	10	10	1	9	90	e1_022	chrX	27548664	27648663	inversion	None	clonal	c2,c3	0.1000	10
e1	c50p10m10	0	10	10	1	9	90	e1_023	chrX	32561614	32661613	tandem duplication	2	clonal	c2,c3	0.1000	10
e1	c50p10m10	0	10	10	1	9	90	e1_024	chrX	33922285	34022284	deletion	None	clonal	c2,c3	0.1000	10
e1	c50p10m10	0	10	10	1	9	90	e1_025	chrX	34425887	34525886	deletion	None	clonal	c2,c3	0.1000	10
e1	c50p10m10	0	10	10	1	9	90	e1_026	chrX	36559352	36659351	deletion	None	clonal	c2,c3	0.1000	10
e1	c50p10m10	0	10	10	1	9	90	e1_027	chrX	40112604	40212603	tandem duplication	2	clonal	c2,c3	0.1000	10
e1	c50p10m10	0	10	10	1	9	90	e1_028	chrX	40270712	40370711	deletion	None	clonal	c2,c3	0.1000	10
e1	c50p10m10	0	10	10	1	9	90	e1_029	chrX	40379921	40479920	deletion	None	clonal	c2,c3	0.1000	10
e1	c50p10m10	0	10	10	1	9	90	e1_030	chrX	42127066	42227065	deletion	None	clonal	c2,c3	0.1000	10
e1	c50p10m10	0	10	10	1	9	90	e1_031	chrX	43132234	43232233	inversion	None	clonal	c2,c3	0.1000	10
e1	c50p10m10	0	10	10	1	9	90	e1_032	chrX	43940261	44040260	deletion	None	clonal	c2,c3	0.1000	10
e1	c50p10m10	0	10	10	1	9	90	e1_033	chrX	45081984	45181983	deletion	None	clonal	c2,c3	0.1000	10
e1	c50p10m10	0	10	10	1	9	90	e1_034	chrX	45587683	45687682	inversion	None	clonal	c2,c3	0.1000	10
e1	c50p10m10	0	10	10	1	9	90	e1_035	chrX	48302805	48402804	deletion	None	clonal	c2,c3	0.1000	10
e1	c50p10m10	0	10	10	1	9	90	e1_036	chrX	48428654	48528653	tandem duplication	2	clonal	c2,c3	0.1000	10
e1	c50p10m10	0	10	10	1	9	90	e1_037	chrX	51997400	52097399	inversion	None	c2_private	c2	0.0100	1
e1	c50p10m10	0	10	10	1	9	90	e1_038	chrX	52835055	52935054	tandem duplication	2	c2_private	c2	0.0100	1
e1	c50p10m10	0	10	10	1	9	90	e1_039	chrX	54189756	54289755	deletion	None	c2_private	c2	0.0100	1
e1	c50p10m10	0	10	10	1	9	90	e1_040	chrX	64367754	64467753	tandem duplication	2	c2_private	c2	0.0100	1
e1	c50p10m10	0	10	10	1	9	90	e1_041	chrX	64652388	64752387	tandem duplication	2	c2_private	c2	0.0100	1
e1	c50p10m10	0	10	10	1	9	90	e1_042	chrX	65183647	65283646	tandem duplication	2	c2_private	c2	0.0100	1
e1	c50p10m10	0	10	10	1	9	90	e1_043	chrX	66718070	66818069	deletion	None	c2_private	c2	0.0100	1
e1	c50p10m10	0	10	10	1	9	90	e1_044	chrX	71456470	71556469	deletion	None	c2_private	c2	0.0100	1
e1	c50p10m10	0	10	10	1	9	90	e1_045	chrX	71644359	71744358	inversion	None	c2_private	c2	0.0100	1
e1	c50p10m10	0	10	10	1	9	90	e1_046	chrX	72325609	72425608	tandem duplication	2	c2_private	c2	0.0100	1
e1	c50p10m10	0	10	10	1	9	90	e1_047	chrX	72503747	72603746	inversion	None	c2_private	c2	0.0100	1
e1	c50p10m10	0	10	10	1	9	90	e1_048	chrX	72713963	72813962	tandem duplication	2	c2_private	c2	0.0100	1
e1	c50p10m10	0	10	10	1	9	90	e1_049	chrX	74443743	74543742	deletion	None	c2_private	c2	0.0100	1
e1	c50p10m10	0	10	10	1	9	90	e1_050	chrX	74715145	74815144	deletion	None	c2_private	c2	0.0100	1
e1	c50p10m10	0	10	10	1	9	90	e1_051	chrX	77762447	77862446	tandem duplication	2	c2_private	c2	0.0100	1
e1	c50p10m10	0	10	10	1	9	90	e1_052	chrX	77949336	78049335	deletion	None	c2_private	c2	0.0100	1
e1	c50p10m10	0	10	10	1	9	90	e1_053	chrX	78985331	79085330	tandem duplication	2	c2_private	c2	0.0100	1
e1	c50p10m10	0	10	10	1	9	90	e1_054	chrX	79917083	80017082	deletion	None	c2_private	c2	0.0100	1
e1	c50p10m10	0	10	10	1	9	90	e1_055	chrX	80341100	80441099	deletion	None	c2_private	c2	0.0100	1
e1	c50p10m10	0	10	10	1	9	90	e1_056	chrX	80990934	81090933	inversion	None	c2_private	c2	0.0100	1
e1	c50p10m10	0	10	10	1	9	90	e1_057	chrX	81587193	81687192	inversion	None	c2_private	c2	0.0100	1
e1	c50p10m10	0	10	10	1	9	90	e1_058	chrX	87271178	87371177	deletion	None	c2_private	c2	0.0100	1
e1	c50p10m10	0	10	10	1	9	90	e1_059	chrX	87448978	87548977	inversion	None	c2_private	c2	0.0100	1
e1	c50p10m10	0	10	10	1	9	90	e1_060	chrX	88270867	88370866	tandem duplication	2	c2_private	c2	0.0100	1
e1	c50p10m10	0	10	10	1	9	90	e1_061	chrX	90711299	90811298	inversion	None	c2_private	c2	0.0100	1
e1	c50p10m10	0	10	10	1	9	90	e1_062	chrX	90824787	90924786	tandem duplication	2	c2_private	c2	0.0100	1
e1	c50p10m10	0	10	10	1	9	90	e1_063	chrX	91490111	91590110	tandem duplication	2	c2_private	c2	0.0100	1
e1	c50p10m10	0	10	10	1	9	90	e1_064	chrX	91681649	91781648	deletion	None	c2_private	c2	0.0100	1
e1	c50p10m10	0	10	10	1	9	90	e1_065	chrX	95021316	95121315	inversion	None	c2_private	c2	0.0100	1
e1	c50p10m10	0	10	10	1	9	90	e1_066	chrX	96185229	96285228	inversion	None	c2_private	c2	0.0100	1
e1	c50p10m10	0	10	10	1	9	90	e1_067	chrX	96365853	96465852	tandem duplication	2	c2_private	c2	0.0100	1
e1	c50p10m10	0	10	10	1	9	90	e1_068	chrX	97185291	97285290	tandem duplication	2	c2_private	c2	0.0100	1
e1	c50p10m10	0	10	10	1	9	90	e1_069	chrX	98120471	98220470	inversion	None	c2_private	c2	0.0100	1
e1	c50p10m10	0	10	10	1	9	90	e1_070	chrX	99739980	99839979	inversion	None	c2_private	c2	0.0100	1
e1	c50p10m10	0	10	10	1	9	90	e1_071	chrX	103682488	103782487	tandem duplication	2	c2_private	c2	0.0100	1
e1	c50p10m10	0	10	10	1	9	90	e1_072	chrX	104390113	104490112	inversion	None	c2_private	c2	0.0100	1
e1	c50p10m10	0	10	10	1	9	90	e1_073	chrX	108688322	108788321	deletion	None	c3_private	c3	0.0900	9
e1	c50p10m10	0	10	10	1	9	90	e1_074	chrX	111452478	111552477	deletion	None	c3_private	c3	0.0900	9
e1	c50p10m10	0	10	10	1	9	90	e1_075	chrX	111980762	112080761	inversion	None	c3_private	c3	0.0900	9
e1	c50p10m10	0	10	10	1	9	90	e1_076	chrX	113794576	113894575	tandem duplication	2	c3_private	c3	0.0900	9
e1	c50p10m10	0	10	10	1	9	90	e1_077	chrX	117215849	117315848	inversion	None	c3_private	c3	0.0900	9
e1	c50p10m10	0	10	10	1	9	90	e1_078	chrX	117341371	117441370	tandem duplication	2	c3_private	c3	0.0900	9
e1	c50p10m10	0	10	10	1	9	90	e1_079	chrX	118267892	118367891	tandem duplication	2	c3_private	c3	0.0900	9
e1	c50p10m10	0	10	10	1	9	90	e1_080	chrX	119806400	119906399	tandem duplication	2	c3_private	c3	0.0900	9
e1	c50p10m10	0	10	10	1	9	90	e1_081	chrX	121150720	121250719	deletion	None	c3_private	c3	0.0900	9
e1	c50p10m10	0	10	10	1	9	90	e1_082	chrX	121649937	121749936	deletion	None	c3_private	c3	0.0900	9
e1	c50p10m10	0	10	10	1	9	90	e1_083	chrX	121838711	121938710	inversion	None	c3_private	c3	0.0900	9
e1	c50p10m10	0	10	10	1	9	90	e1_084	chrX	122642691	122742690	inversion	None	c3_private	c3	0.0900	9
e1	c50p10m10	0	10	10	1	9	90	e1_085	chrX	123084150	123184149	inversion	None	c3_private	c3	0.0900	9
e1	c50p10m10	0	10	10	1	9	90	e1_086	chrX	123745699	123845698	inversion	None	c3_private	c3	0.0900	9
e1	c50p10m10	0	10	10	1	9	90	e1_087	chrX	124051807	124151806	tandem duplication	2	c3_private	c3	0.0900	9
e1	c50p10m10	0	10	10	1	9	90	e1_088	chrX	125192690	125292689	inversion	None	c3_private	c3	0.0900	9
e1	c50p10m10	0	10	10	1	9	90	e1_089	chrX	127616962	127716961	inversion	None	c3_private	c3	0.0900	9
e1	c50p10m10	0	10	10	1	9	90	e1_090	chrX	128638984	128738983	deletion	None	c3_private	c3	0.0900	9
e1	c50p10m10	0	10	10	1	9	90	e1_091	chrX	131507952	131607951	tandem duplication	2	c3_private	c3	0.0900	9
e1	c50p10m10	0	10	10	1	9	90	e1_092	chrX	132155283	132255282	tandem duplication	2	c3_private	c3	0.0900	9
e1	c50p10m10	0	10	10	1	9	90	e1_093	chrX	133100879	133200878	inversion	None	c3_private	c3	0.0900	9
e1	c50p10m10	0	10	10	1	9	90	e1_094	chrX	134248129	134348128	tandem duplication	2	c3_private	c3	0.0900	9
e1	c50p10m10	0	10	10	1	9	90	e1_095	chrX	135191535	135291534	tandem duplication	2	c3_private	c3	0.0900	9
e1	c50p10m10	0	10	10	1	9	90	e1_096	chrX	135574003	135674002	inversion	None	c3_private	c3	0.0900	9
e1	c50p10m10	0	10	10	1	9	90	e1_097	chrX	138065358	138165357	tandem duplication	2	c3_private	c3	0.0900	9
e1	c50p10m10	0	10	10	1	9	90	e1_098	chrX	139008219	139108218	deletion	None	c3_private	c3	0.0900	9
e1	c50p10m10	0	10	10	1	9	90	e1_099	chrX	139757382	139857381	tandem duplication	2	c3_private	c3	0.0900	9
e1	c50p10m10	0	10	10	1	9	90	e1_100	chrX	140733352	140833351	tandem duplication	2	c3_private	c3	0.0900	9
e1	c50p10m10	0	10	10	1	9	90	e1_101	chrX	142533875	142633874	deletion	None	c3_private	c3	0.0900	9
e1	c50p10m10	0	10	10	1	9	90	e1_102	chrX	143689926	143789925	deletion	None	c3_private	c3	0.0900	9
e1	c50p10m10	0	10	10	1	9	90	e1_103	chrX	144987090	145087089	inversion	None	c3_private	c3	0.0900	9
e1	c50p10m10	0	10	10	1	9	90	e1_104	chrX	145425714	145525713	deletion	None	c3_private	c3	0.0900	9
e1	c50p10m10	0	10	10	1	9	90	e1_105	chrX	146887534	146987533	tandem duplication	2	c3_private	c3	0.0900	9
e1	c50p10m10	0	10	10	1	9	90	e1_106	chrX	147373941	147473940	inversion	None	c3_private	c3	0.0900	9
e1	c50p10m10	0	10	10	1	9	90	e1_107	chrX	149020794	149120793	tandem duplication	2	c3_private	c3	0.0900	9
e1	c50p10m10	0	10	10	1	9	90	e1_108	chrX	149123075	149223074	deletion	None	c3_private	c3	0.0900	9
e1	c50p10m10	0	10	10	1	9	90	e1_109	chrX	154292823	154392822	deletion	None	c3_private	c3	0.0900	9
e1	c50p10m30	1	10	30	3	7	90	e1_001	chrX	2832936	2932935	inversion	None	clonal	c2,c3	0.1000	10
e1	c50p10m30	1	10	30	3	7	90	e1_002	chrX	2970776	3070775	deletion	None	clonal	c2,c3	0.1000	10
e1	c50p10m30	1	10	30	3	7	90	e1_003	chrX	3563485	3663484	inversion	None	clonal	c2,c3	0.1000	10
e1	c50p10m30	1	10	30	3	7	90	e1_004	chrX	3818519	3918518	inversion	None	clonal	c2,c3	0.1000	10
e1	c50p10m30	1	10	30	3	7	90	e1_005	chrX	4672128	4772127	tandem duplication	2	clonal	c2,c3	0.1000	10
e1	c50p10m30	1	10	30	3	7	90	e1_006	chrX	5233503	5333502	deletion	None	clonal	c2,c3	0.1000	10
e1	c50p10m30	1	10	30	3	7	90	e1_007	chrX	6543875	6643874	tandem duplication	2	clonal	c2,c3	0.1000	10
e1	c50p10m30	1	10	30	3	7	90	e1_008	chrX	9603605	9703604	inversion	None	clonal	c2,c3	0.1000	10
e1	c50p10m30	1	10	30	3	7	90	e1_009	chrX	10232079	10332078	inversion	None	clonal	c2,c3	0.1000	10
e1	c50p10m30	1	10	30	3	7	90	e1_010	chrX	11063285	11163284	inversion	None	clonal	c2,c3	0.1000	10
e1	c50p10m30	1	10	30	3	7	90	e1_011	chrX	11695441	11795440	tandem duplication	2	clonal	c2,c3	0.1000	10
e1	c50p10m30	1	10	30	3	7	90	e1_012	chrX	12923319	13023318	deletion	None	clonal	c2,c3	0.1000	10
e1	c50p10m30	1	10	30	3	7	90	e1_013	chrX	13623023	13723022	deletion	None	clonal	c2,c3	0.1000	10
e1	c50p10m30	1	10	30	3	7	90	e1_014	chrX	13904122	14004121	deletion	None	clonal	c2,c3	0.1000	10
e1	c50p10m30	1	10	30	3	7	90	e1_015	chrX	15168670	15268669	inversion	None	clonal	c2,c3	0.1000	10
e1	c50p10m30	1	10	30	3	7	90	e1_016	chrX	15302420	15402419	tandem duplication	2	clonal	c2,c3	0.1000	10
e1	c50p10m30	1	10	30	3	7	90	e1_017	chrX	15620072	15720071	deletion	None	clonal	c2,c3	0.1000	10
e1	c50p10m30	1	10	30	3	7	90	e1_018	chrX	18715859	18815858	tandem duplication	2	clonal	c2,c3	0.1000	10
e1	c50p10m30	1	10	30	3	7	90	e1_019	chrX	19262220	19362219	deletion	None	clonal	c2,c3	0.1000	10
e1	c50p10m30	1	10	30	3	7	90	e1_020	chrX	19370030	19470029	inversion	None	clonal	c2,c3	0.1000	10
e1	c50p10m30	1	10	30	3	7	90	e1_021	chrX	19940500	20040499	inversion	None	clonal	c2,c3	0.1000	10
e1	c50p10m30	1	10	30	3	7	90	e1_022	chrX	27548664	27648663	inversion	None	clonal	c2,c3	0.1000	10
e1	c50p10m30	1	10	30	3	7	90	e1_023	chrX	32561614	32661613	tandem duplication	2	clonal	c2,c3	0.1000	10
e1	c50p10m30	1	10	30	3	7	90	e1_024	chrX	33922285	34022284	deletion	None	clonal	c2,c3	0.1000	10
e1	c50p10m30	1	10	30	3	7	90	e1_025	chrX	34425887	34525886	deletion	None	clonal	c2,c3	0.1000	10
e1	c50p10m30	1	10	30	3	7	90	e1_026	chrX	36559352	36659351	deletion	None	clonal	c2,c3	0.1000	10
e1	c50p10m30	1	10	30	3	7	90	e1_027	chrX	40112604	40212603	tandem duplication	2	clonal	c2,c3	0.1000	10
e1	c50p10m30	1	10	30	3	7	90	e1_028	chrX	40270712	40370711	deletion	None	clonal	c2,c3	0.1000	10
e1	c50p10m30	1	10	30	3	7	90	e1_029	chrX	40379921	40479920	deletion	None	clonal	c2,c3	0.1000	10
e1	c50p10m30	1	10	30	3	7	90	e1_030	chrX	42127066	42227065	deletion	None	clonal	c2,c3	0.1000	10
e1	c50p10m30	1	10	30	3	7	90	e1_031	chrX	43132234	43232233	inversion	None	clonal	c2,c3	0.1000	10
e1	c50p10m30	1	10	30	3	7	90	e1_032	chrX	43940261	44040260	deletion	None	clonal	c2,c3	0.1000	10
e1	c50p10m30	1	10	30	3	7	90	e1_033	chrX	45081984	45181983	deletion	None	clonal	c2,c3	0.1000	10
e1	c50p10m30	1	10	30	3	7	90	e1_034	chrX	45587683	45687682	inversion	None	clonal	c2,c3	0.1000	10
e1	c50p10m30	1	10	30	3	7	90	e1_035	chrX	48302805	48402804	deletion	None	clonal	c2,c3	0.1000	10
e1	c50p10m30	1	10	30	3	7	90	e1_036	chrX	48428654	48528653	tandem duplication	2	clonal	c2,c3	0.1000	10
e1	c50p10m30	1	10	30	3	7	90	e1_037	chrX	51997400	52097399	inversion	None	c2_private	c2	0.0300	3
e1	c50p10m30	1	10	30	3	7	90	e1_038	chrX	52835055	52935054	tandem duplication	2	c2_private	c2	0.0300	3
e1	c50p10m30	1	10	30	3	7	90	e1_039	chrX	54189756	54289755	deletion	None	c2_private	c2	0.0300	3
e1	c50p10m30	1	10	30	3	7	90	e1_040	chrX	64367754	64467753	tandem duplication	2	c2_private	c2	0.0300	3
e1	c50p10m30	1	10	30	3	7	90	e1_041	chrX	64652388	64752387	tandem duplication	2	c2_private	c2	0.0300	3
e1	c50p10m30	1	10	30	3	7	90	e1_042	chrX	65183647	65283646	tandem duplication	2	c2_private	c2	0.0300	3
e1	c50p10m30	1	10	30	3	7	90	e1_043	chrX	66718070	66818069	deletion	None	c2_private	c2	0.0300	3
e1	c50p10m30	1	10	30	3	7	90	e1_044	chrX	71456470	71556469	deletion	None	c2_private	c2	0.0300	3
e1	c50p10m30	1	10	30	3	7	90	e1_045	chrX	71644359	71744358	inversion	None	c2_private	c2	0.0300	3
e1	c50p10m30	1	10	30	3	7	90	e1_046	chrX	72325609	72425608	tandem duplication	2	c2_private	c2	0.0300	3
e1	c50p10m30	1	10	30	3	7	90	e1_047	chrX	72503747	72603746	inversion	None	c2_private	c2	0.0300	3
e1	c50p10m30	1	10	30	3	7	90	e1_048	chrX	72713963	72813962	tandem duplication	2	c2_private	c2	0.0300	3
e1	c50p10m30	1	10	30	3	7	90	e1_049	chrX	74443743	74543742	deletion	None	c2_private	c2	0.0300	3
e1	c50p10m30	1	10	30	3	7	90	e1_050	chrX	74715145	74815144	deletion	None	c2_private	c2	0.0300	3
e1	c50p10m30	1	10	30	3	7	90	e1_051	chrX	77762447	77862446	tandem duplication	2	c2_private	c2	0.0300	3
e1	c50p10m30	1	10	30	3	7	90	e1_052	chrX	77949336	78049335	deletion	None	c2_private	c2	0.0300	3
e1	c50p10m30	1	10	30	3	7	90	e1_053	chrX	78985331	79085330	tandem duplication	2	c2_private	c2	0.0300	3
e1	c50p10m30	1	10	30	3	7	90	e1_054	chrX	79917083	80017082	deletion	None	c2_private	c2	0.0300	3
e1	c50p10m30	1	10	30	3	7	90	e1_055	chrX	80341100	80441099	deletion	None	c2_private	c2	0.0300	3
e1	c50p10m30	1	10	30	3	7	90	e1_056	chrX	80990934	81090933	inversion	None	c2_private	c2	0.0300	3
e1	c50p10m30	1	10	30	3	7	90	e1_057	chrX	81587193	81687192	inversion	None	c2_private	c2	0.0300	3
e1	c50p10m30	1	10	30	3	7	90	e1_058	chrX	87271178	87371177	deletion	None	c2_private	c2	0.0300	3
e1	c50p10m30	1	10	30	3	7	90	e1_059	chrX	87448978	87548977	inversion	None	c2_private	c2	0.0300	3
e1	c50p10m30	1	10	30	3	7	90	e1_060	chrX	88270867	88370866	tandem duplication	2	c2_private	c2	0.0300	3
e1	c50p10m30	1	10	30	3	7	90	e1_061	chrX	90711299	90811298	inversion	None	c2_private	c2	0.0300	3
e1	c50p10m30	1	10	30	3	7	90	e1_062	chrX	90824787	90924786	tandem duplication	2	c2_private	c2	0.0300	3
e1	c50p10m30	1	10	30	3	7	90	e1_063	chrX	91490111	91590110	tandem duplication	2	c2_private	c2	0.0300	3
e1	c50p10m30	1	10	30	3	7	90	e1_064	chrX	91681649	91781648	deletion	None	c2_private	c2	0.0300	3
e1	c50p10m30	1	10	30	3	7	90	e1_065	chrX	95021316	95121315	inversion	None	c2_private	c2	0.0300	3
e1	c50p10m30	1	10	30	3	7	90	e1_066	chrX	96185229	96285228	inversion	None	c2_private	c2	0.0300	3
e1	c50p10m30	1	10	30	3	7	90	e1_067	chrX	96365853	96465852	tandem duplication	2	c2_private	c2	0.0300	3
e1	c50p10m30	1	10	30	3	7	90	e1_068	chrX	97185291	97285290	tandem duplication	2	c2_private	c2	0.0300	3
e1	c50p10m30	1	10	30	3	7	90	e1_069	chrX	98120471	98220470	inversion	None	c2_private	c2	0.0300	3
e1	c50p10m30	1	10	30	3	7	90	e1_070	chrX	99739980	99839979	inversion	None	c2_private	c2	0.0300	3
e1	c50p10m30	1	10	30	3	7	90	e1_071	chrX	103682488	103782487	tandem duplication	2	c2_private	c2	0.0300	3
e1	c50p10m30	1	10	30	3	7	90	e1_072	chrX	104390113	104490112	inversion	None	c2_private	c2	0.0300	3
e1	c50p10m30	1	10	30	3	7	90	e1_073	chrX	108688322	108788321	deletion	None	c3_private	c3	0.0700	7
e1	c50p10m30	1	10	30	3	7	90	e1_074	chrX	111452478	111552477	deletion	None	c3_private	c3	0.0700	7
e1	c50p10m30	1	10	30	3	7	90	e1_075	chrX	111980762	112080761	inversion	None	c3_private	c3	0.0700	7
e1	c50p10m30	1	10	30	3	7	90	e1_076	chrX	113794576	113894575	tandem duplication	2	c3_private	c3	0.0700	7
e1	c50p10m30	1	10	30	3	7	90	e1_077	chrX	117215849	117315848	inversion	None	c3_private	c3	0.0700	7
e1	c50p10m30	1	10	30	3	7	90	e1_078	chrX	117341371	117441370	tandem duplication	2	c3_private	c3	0.0700	7
e1	c50p10m30	1	10	30	3	7	90	e1_079	chrX	118267892	118367891	tandem duplication	2	c3_private	c3	0.0700	7
e1	c50p10m30	1	10	30	3	7	90	e1_080	chrX	119806400	119906399	tandem duplication	2	c3_private	c3	0.0700	7
e1	c50p10m30	1	10	30	3	7	90	e1_081	chrX	121150720	121250719	deletion	None	c3_private	c3	0.0700	7
e1	c50p10m30	1	10	30	3	7	90	e1_082	chrX	121649937	121749936	deletion	None	c3_private	c3	0.0700	7
e1	c50p10m30	1	10	30	3	7	90	e1_083	chrX	121838711	121938710	inversion	None	c3_private	c3	0.0700	7
e1	c50p10m30	1	10	30	3	7	90	e1_084	chrX	122642691	122742690	inversion	None	c3_private	c3	0.0700	7
e1	c50p10m30	1	10	30	3	7	90	e1_085	chrX	123084150	123184149	inversion	None	c3_private	c3	0.0700	7
e1	c50p10m30	1	10	30	3	7	90	e1_086	chrX	123745699	123845698	inversion	None	c3_private	c3	0.0700	7
e1	c50p10m30	1	10	30	3	7	90	e1_087	chrX	124051807	124151806	tandem duplication	2	c3_private	c3	0.0700	7
e1	c50p10m30	1	10	30	3	7	90	e1_088	chrX	125192690	125292689	inversion	None	c3_private	c3	0.0700	7
e1	c50p10m30	1	10	30	3	7	90	e1_089	chrX	127616962	127716961	inversion	None	c3_private	c3	0.0700	7
e1	c50p10m30	1	10	30	3	7	90	e1_090	chrX	128638984	128738983	deletion	None	c3_private	c3	0.0700	7
e1	c50p10m30	1	10	30	3	7	90	e1_091	chrX	131507952	131607951	tandem duplication	2	c3_private	c3	0.0700	7
e1	c50p10m30	1	10	30	3	7	90	e1_092	chrX	132155283	132255282	tandem duplication	2	c3_private	c3	0.0700	7
e1	c50p10m30	1	10	30	3	7	90	e1_093	chrX	133100879	133200878	inversion	None	c3_private	c3	0.0700	7
e1	c50p10m30	1	10	30	3	7	90	e1_094	chrX	134248129	134348128	tandem duplication	2	c3_private	c3	0.0700	7
e1	c50p10m30	1	10	30	3	7	90	e1_095	chrX	135191535	135291534	tandem duplication	2	c3_private	c3	0.0700	7
e1	c50p10m30	1	10	30	3	7	90	e1_096	chrX	135574003	135674002	inversion	None	c3_private	c3	0.0700	7
e1	c50p10m30	1	10	30	3	7	90	e1_097	chrX	138065358	138165357	tandem duplication	2	c3_private	c3	0.0700	7
e1	c50p10m30	1	10	30	3	7	90	e1_098	chrX	139008219	139108218	deletion	None	c3_private	c3	0.0700	7
e1	c50p10m30	1	10	30	3	7	90	e1_099	chrX	139757382	139857381	tandem duplication	2	c3_private	c3	0.0700	7
e1	c50p10m30	1	10	30	3	7	90	e1_100	chrX	140733352	140833351	tandem duplication	2	c3_private	c3	0.0700	7
e1	c50p10m30	1	10	30	3	7	90	e1_101	chrX	142533875	142633874	deletion	None	c3_private	c3	0.0700	7
e1	c50p10m30	1	10	30	3	7	90	e1_102	chrX	143689926	143789925	deletion	None	c3_private	c3	0.0700	7
e1	c50p10m30	1	10	30	3	7	90	e1_103	chrX	144987090	145087089	inversion	None	c3_private	c3	0.0700	7
e1	c50p10m30	1	10	30	3	7	90	e1_104	chrX	145425714	145525713	deletion	None	c3_private	c3	0.0700	7
e1	c50p10m30	1	10	30	3	7	90	e1_105	chrX	146887534	146987533	tandem duplication	2	c3_private	c3	0.0700	7
e1	c50p10m30	1	10	30	3	7	90	e1_106	chrX	147373941	147473940	inversion	None	c3_private	c3	0.0700	7
e1	c50p10m30	1	10	30	3	7	90	e1_107	chrX	149020794	149120793	tandem duplication	2	c3_private	c3	0.0700	7
e1	c50p10m30	1	10	30	3	7	90	e1_108	chrX	149123075	149223074	deletion	None	c3_private	c3	0.0700	7
e1	c50p10m30	1	10	30	3	7	90	e1_109	chrX	154292823	154392822	deletion	None	c3_private	c3	0.0700	7
e1	c50p10m50	2	10	50	5	5	90	e1_001	chrX	2832936	2932935	inversion	None	clonal	c2,c3	0.1000	10
e1	c50p10m50	2	10	50	5	5	90	e1_002	chrX	2970776	3070775	deletion	None	clonal	c2,c3	0.1000	10
e1	c50p10m50	2	10	50	5	5	90	e1_003	chrX	3563485	3663484	inversion	None	clonal	c2,c3	0.1000	10
e1	c50p10m50	2	10	50	5	5	90	e1_004	chrX	3818519	3918518	inversion	None	clonal	c2,c3	0.1000	10
e1	c50p10m50	2	10	50	5	5	90	e1_005	chrX	4672128	4772127	tandem duplication	2	clonal	c2,c3	0.1000	10
e1	c50p10m50	2	10	50	5	5	90	e1_006	chrX	5233503	5333502	deletion	None	clonal	c2,c3	0.1000	10
e1	c50p10m50	2	10	50	5	5	90	e1_007	chrX	6543875	6643874	tandem duplication	2	clonal	c2,c3	0.1000	10
e1	c50p10m50	2	10	50	5	5	90	e1_008	chrX	9603605	9703604	inversion	None	clonal	c2,c3	0.1000	10
e1	c50p10m50	2	10	50	5	5	90	e1_009	chrX	10232079	10332078	inversion	None	clonal	c2,c3	0.1000	10
e1	c50p10m50	2	10	50	5	5	90	e1_010	chrX	11063285	11163284	inversion	None	clonal	c2,c3	0.1000	10
e1	c50p10m50	2	10	50	5	5	90	e1_011	chrX	11695441	11795440	tandem duplication	2	clonal	c2,c3	0.1000	10
e1	c50p10m50	2	10	50	5	5	90	e1_012	chrX	12923319	13023318	deletion	None	clonal	c2,c3	0.1000	10
e1	c50p10m50	2	10	50	5	5	90	e1_013	chrX	13623023	13723022	deletion	None	clonal	c2,c3	0.1000	10
e1	c50p10m50	2	10	50	5	5	90	e1_014	chrX	13904122	14004121	deletion	None	clonal	c2,c3	0.1000	10
e1	c50p10m50	2	10	50	5	5	90	e1_015	chrX	15168670	15268669	inversion	None	clonal	c2,c3	0.1000	10
e1	c50p10m50	2	10	50	5	5	90	e1_016	chrX	15302420	15402419	tandem duplication	2	clonal	c2,c3	0.1000	10
e1	c50p10m50	2	10	50	5	5	90	e1_017	chrX	15620072	15720071	deletion	None	clonal	c2,c3	0.1000	10
e1	c50p10m50	2	10	50	5	5	90	e1_018	chrX	18715859	18815858	tandem duplication	2	clonal	c2,c3	0.1000	10
e1	c50p10m50	2	10	50	5	5	90	e1_019	chrX	19262220	19362219	deletion	None	clonal	c2,c3	0.1000	10
e1	c50p10m50	2	10	50	5	5	90	e1_020	chrX	19370030	19470029	inversion	None	clonal	c2,c3	0.1000	10
e1	c50p10m50	2	10	50	5	5	90	e1_021	chrX	19940500	20040499	inversion	None	clonal	c2,c3	0.1000	10
e1	c50p10m50	2	10	50	5	5	90	e1_022	chrX	27548664	27648663	inversion	None	clonal	c2,c3	0.1000	10
e1	c50p10m50	2	10	50	5	5	90	e1_023	chrX	32561614	32661613	tandem duplication	2	clonal	c2,c3	0.1000	10
e1	c50p10m50	2	10	50	5	5	90	e1_024	chrX	33922285	34022284	deletion	None	clonal	c2,c3	0.1000	10
e1	c50p10m50	2	10	50	5	5	90	e1_025	chrX	34425887	34525886	deletion	None	clonal	c2,c3	0.1000	10
e1	c50p10m50	2	10	50	5	5	90	e1_026	chrX	36559352	36659351	deletion	None	clonal	c2,c3	0.1000	10
e1	c50p10m50	2	10	50	5	5	90	e1_027	chrX	40112604	40212603	tandem duplication	2	clonal	c2,c3	0.1000	10
e1	c50p10m50	2	10	50	5	5	90	e1_028	chrX	40270712	40370711	deletion	None	clonal	c2,c3	0.1000	10
e1	c50p10m50	2	10	50	5	5	90	e1_029	chrX	40379921	40479920	deletion	None	clonal	c2,c3	0.1000	10
e1	c50p10m50	2	10	50	5	5	90	e1_030	chrX	42127066	42227065	deletion	None	clonal	c2,c3	0.1000	10
e1	c50p10m50	2	10	50	5	5	90	e1_031	chrX	43132234	43232233	inversion	None	clonal	c2,c3	0.1000	10
e1	c50p10m50	2	10	50	5	5	90	e1_032	chrX	43940261	44040260	deletion	None	clonal	c2,c3	0.1000	10
e1	c50p10m50	2	10	50	5	5	90	e1_033	chrX	45081984	45181983	deletion	None	clonal	c2,c3	0.1000	10
e1	c50p10m50	2	10	50	5	5	90	e1_034	chrX	45587683	45687682	inversion	None	clonal	c2,c3	0.1000	10
e1	c50p10m50	2	10	50	5	5	90	e1_035	chrX	48302805	48402804	deletion	None	clonal	c2,c3	0.1000	10
e1	c50p10m50	2	10	50	5	5	90	e1_036	chrX	48428654	48528653	tandem duplication	2	clonal	c2,c3	0.1000	10
e1	c50p10m50	2	10	50	5	5	90	e1_037	chrX	51997400	52097399	inversion	None	c2_private	c2	0.0500	5
e1	c50p10m50	2	10	50	5	5	90	e1_038	chrX	52835055	52935054	tandem duplication	2	c2_private	c2	0.0500	5
e1	c50p10m50	2	10	50	5	5	90	e1_039	chrX	54189756	54289755	deletion	None	c2_private	c2	0.0500	5
e1	c50p10m50	2	10	50	5	5	90	e1_040	chrX	64367754	64467753	tandem duplication	2	c2_private	c2	0.0500	5
e1	c50p10m50	2	10	50	5	5	90	e1_041	chrX	64652388	64752387	tandem duplication	2	c2_private	c2	0.0500	5
e1	c50p10m50	2	10	50	5	5	90	e1_042	chrX	65183647	65283646	tandem duplication	2	c2_private	c2	0.0500	5
e1	c50p10m50	2	10	50	5	5	90	e1_043	chrX	66718070	66818069	deletion	None	c2_private	c2	0.0500	5
e1	c50p10m50	2	10	50	5	5	90	e1_044	chrX	71456470	71556469	deletion	None	c2_private	c2	0.0500	5
e1	c50p10m50	2	10	50	5	5	90	e1_045	chrX	71644359	71744358	inversion	None	c2_private	c2	0.0500	5
e1	c50p10m50	2	10	50	5	5	90	e1_046	chrX	72325609	72425608	tandem duplication	2	c2_private	c2	0.0500	5
e1	c50p10m50	2	10	50	5	5	90	e1_047	chrX	72503747	72603746	inversion	None	c2_private	c2	0.0500	5
e1	c50p10m50	2	10	50	5	5	90	e1_048	chrX	72713963	72813962	tandem duplication	2	c2_private	c2	0.0500	5
e1	c50p10m50	2	10	50	5	5	90	e1_049	chrX	74443743	74543742	deletion	None	c2_private	c2	0.0500	5
e1	c50p10m50	2	10	50	5	5	90	e1_050	chrX	74715145	74815144	deletion	None	c2_private	c2	0.0500	5
e1	c50p10m50	2	10	50	5	5	90	e1_051	chrX	77762447	77862446	tandem duplication	2	c2_private	c2	0.0500	5
e1	c50p10m50	2	10	50	5	5	90	e1_052	chrX	77949336	78049335	deletion	None	c2_private	c2	0.0500	5
e1	c50p10m50	2	10	50	5	5	90	e1_053	chrX	78985331	79085330	tandem duplication	2	c2_private	c2	0.0500	5
e1	c50p10m50	2	10	50	5	5	90	e1_054	chrX	79917083	80017082	deletion	None	c2_private	c2	0.0500	5
e1	c50p10m50	2	10	50	5	5	90	e1_055	chrX	80341100	80441099	deletion	None	c2_private	c2	0.0500	5
e1	c50p10m50	2	10	50	5	5	90	e1_056	chrX	80990934	81090933	inversion	None	c2_private	c2	0.0500	5
e1	c50p10m50	2	10	50	5	5	90	e1_057	chrX	81587193	81687192	inversion	None	c2_private	c2	0.0500	5
e1	c50p10m50	2	10	50	5	5	90	e1_058	chrX	87271178	87371177	deletion	None	c2_private	c2	0.0500	5
e1	c50p10m50	2	10	50	5	5	90	e1_059	chrX	87448978	87548977	inversion	None	c2_private	c2	0.0500	5
e1	c50p10m50	2	10	50	5	5	90	e1_060	chrX	88270867	88370866	tandem duplication	2	c2_private	c2	0.0500	5
e1	c50p10m50	2	10	50	5	5	90	e1_061	chrX	90711299	90811298	inversion	None	c2_private	c2	0.0500	5
e1	c50p10m50	2	10	50	5	5	90	e1_062	chrX	90824787	90924786	tandem duplication	2	c2_private	c2	0.0500	5
e1	c50p10m50	2	10	50	5	5	90	e1_063	chrX	91490111	91590110	tandem duplication	2	c2_private	c2	0.0500	5
e1	c50p10m50	2	10	50	5	5	90	e1_064	chrX	91681649	91781648	deletion	None	c2_private	c2	0.0500	5
e1	c50p10m50	2	10	50	5	5	90	e1_065	chrX	95021316	95121315	inversion	None	c2_private	c2	0.0500	5
e1	c50p10m50	2	10	50	5	5	90	e1_066	chrX	96185229	96285228	inversion	None	c2_private	c2	0.0500	5
e1	c50p10m50	2	10	50	5	5	90	e1_067	chrX	96365853	96465852	tandem duplication	2	c2_private	c2	0.0500	5
e1	c50p10m50	2	10	50	5	5	90	e1_068	chrX	97185291	97285290	tandem duplication	2	c2_private	c2	0.0500	5
e1	c50p10m50	2	10	50	5	5	90	e1_069	chrX	98120471	98220470	inversion	None	c2_private	c2	0.0500	5
e1	c50p10m50	2	10	50	5	5	90	e1_070	chrX	99739980	99839979	inversion	None	c2_private	c2	0.0500	5
e1	c50p10m50	2	10	50	5	5	90	e1_071	chrX	103682488	103782487	tandem duplication	2	c2_private	c2	0.0500	5
e1	c50p10m50	2	10	50	5	5	90	e1_072	chrX	104390113	104490112	inversion	None	c2_private	c2	0.0500	5
e1	c50p10m50	2	10	50	5	5	90	e1_073	chrX	108688322	108788321	deletion	None	c3_private	c3	0.0500	5
e1	c50p10m50	2	10	50	5	5	90	e1_074	chrX	111452478	111552477	deletion	None	c3_private	c3	0.0500	5
e1	c50p10m50	2	10	50	5	5	90	e1_075	chrX	111980762	112080761	inversion	None	c3_private	c3	0.0500	5
e1	c50p10m50	2	10	50	5	5	90	e1_076	chrX	113794576	113894575	tandem duplication	2	c3_private	c3	0.0500	5
e1	c50p10m50	2	10	50	5	5	90	e1_077	chrX	117215849	117315848	inversion	None	c3_private	c3	0.0500	5
e1	c50p10m50	2	10	50	5	5	90	e1_078	chrX	117341371	117441370	tandem duplication	2	c3_private	c3	0.0500	5
e1	c50p10m50	2	10	50	5	5	90	e1_079	chrX	118267892	118367891	tandem duplication	2	c3_private	c3	0.0500	5
e1	c50p10m50	2	10	50	5	5	90	e1_080	chrX	119806400	119906399	tandem duplication	2	c3_private	c3	0.0500	5
e1	c50p10m50	2	10	50	5	5	90	e1_081	chrX	121150720	121250719	deletion	None	c3_private	c3	0.0500	5
e1	c50p10m50	2	10	50	5	5	90	e1_082	chrX	121649937	121749936	deletion	None	c3_private	c3	0.0500	5
e1	c50p10m50	2	10	50	5	5	90	e1_083	chrX	121838711	121938710	inversion	None	c3_private	c3	0.0500	5
e1	c50p10m50	2	10	50	5	5	90	e1_084	chrX	122642691	122742690	inversion	None	c3_private	c3	0.0500	5
e1	c50p10m50	2	10	50	5	5	90	e1_085	chrX	123084150	123184149	inversion	None	c3_private	c3	0.0500	5
e1	c50p10m50	2	10	50	5	5	90	e1_086	chrX	123745699	123845698	inversion	None	c3_private	c3	0.0500	5
e1	c50p10m50	2	10	50	5	5	90	e1_087	chrX	124051807	124151806	tandem duplication	2	c3_private	c3	0.0500	5
e1	c50p10m50	2	10	50	5	5	90	e1_088	chrX	125192690	125292689	inversion	None	c3_private	c3	0.0500	5
e1	c50p10m50	2	10	50	5	5	90	e1_089	chrX	127616962	127716961	inversion	None	c3_private	c3	0.0500	5
e1	c50p10m50	2	10	50	5	5	90	e1_090	chrX	128638984	128738983	deletion	None	c3_private	c3	0.0500	5
e1	c50p10m50	2	10	50	5	5	90	e1_091	chrX	131507952	131607951	tandem duplication	2	c3_private	c3	0.0500	5
e1	c50p10m50	2	10	50	5	5	90	e1_092	chrX	132155283	132255282	tandem duplication	2	c3_private	c3	0.0500	5
e1	c50p10m50	2	10	50	5	5	90	e1_093	chrX	133100879	133200878	inversion	None	c3_private	c3	0.0500	5
e1	c50p10m50	2	10	50	5	5	90	e1_094	chrX	134248129	134348128	tandem duplication	2	c3_private	c3	0.0500	5
e1	c50p10m50	2	10	50	5	5	90	e1_095	chrX	135191535	135291534	tandem duplication	2	c3_private	c3	0.0500	5
e1	c50p10m50	2	10	50	5	5	90	e1_096	chrX	135574003	135674002	inversion	None	c3_private	c3	0.0500	5
e1	c50p10m50	2	10	50	5	5	90	e1_097	chrX	138065358	138165357	tandem duplication	2	c3_private	c3	0.0500	5
e1	c50p10m50	2	10	50	5	5	90	e1_098	chrX	139008219	139108218	deletion	None	c3_private	c3	0.0500	5
e1	c50p10m50	2	10	50	5	5	90	e1_099	chrX	139757382	139857381	tandem duplication	2	c3_private	c3	0.0500	5
e1	c50p10m50	2	10	50	5	5	90	e1_100	chrX	140733352	140833351	tandem duplication	2	c3_private	c3	0.0500	5
e1	c50p10m50	2	10	50	5	5	90	e1_101	chrX	142533875	142633874	deletion	None	c3_private	c3	0.0500	5
e1	c50p10m50	2	10	50	5	5	90	e1_102	chrX	143689926	143789925	deletion	None	c3_private	c3	0.0500	5
e1	c50p10m50	2	10	50	5	5	90	e1_103	chrX	144987090	145087089	inversion	None	c3_private	c3	0.0500	5
e1	c50p10m50	2	10	50	5	5	90	e1_104	chrX	145425714	145525713	deletion	None	c3_private	c3	0.0500	5
e1	c50p10m50	2	10	50	5	5	90	e1_105	chrX	146887534	146987533	tandem duplication	2	c3_private	c3	0.0500	5
e1	c50p10m50	2	10	50	5	5	90	e1_106	chrX	147373941	147473940	inversion	None	c3_private	c3	0.0500	5
e1	c50p10m50	2	10	50	5	5	90	e1_107	chrX	149020794	149120793	tandem duplication	2	c3_private	c3	0.0500	5
e1	c50p10m50	2	10	50	5	5	90	e1_108	chrX	149123075	149223074	deletion	None	c3_private	c3	0.0500	5
e1	c50p10m50	2	10	50	5	5	90	e1_109	chrX	154292823	154392822	deletion	None	c3_private	c3	0.0500	5
e1	c50p20m10	3	20	10	2	18	80	e1_001	chrX	2832936	2932935	inversion	None	clonal	c2,c3	0.2000	20
e1	c50p20m10	3	20	10	2	18	80	e1_002	chrX	2970776	3070775	deletion	None	clonal	c2,c3	0.2000	20
e1	c50p20m10	3	20	10	2	18	80	e1_003	chrX	3563485	3663484	inversion	None	clonal	c2,c3	0.2000	20
e1	c50p20m10	3	20	10	2	18	80	e1_004	chrX	3818519	3918518	inversion	None	clonal	c2,c3	0.2000	20
e1	c50p20m10	3	20	10	2	18	80	e1_005	chrX	4672128	4772127	tandem duplication	2	clonal	c2,c3	0.2000	20
e1	c50p20m10	3	20	10	2	18	80	e1_006	chrX	5233503	5333502	deletion	None	clonal	c2,c3	0.2000	20
e1	c50p20m10	3	20	10	2	18	80	e1_007	chrX	6543875	6643874	tandem duplication	2	clonal	c2,c3	0.2000	20
e1	c50p20m10	3	20	10	2	18	80	e1_008	chrX	9603605	9703604	inversion	None	clonal	c2,c3	0.2000	20
e1	c50p20m10	3	20	10	2	18	80	e1_009	chrX	10232079	10332078	inversion	None	clonal	c2,c3	0.2000	20
e1	c50p20m10	3	20	10	2	18	80	e1_010	chrX	11063285	11163284	inversion	None	clonal	c2,c3	0.2000	20
e1	c50p20m10	3	20	10	2	18	80	e1_011	chrX	11695441	11795440	tandem duplication	2	clonal	c2,c3	0.2000	20
e1	c50p20m10	3	20	10	2	18	80	e1_012	chrX	12923319	13023318	deletion	None	clonal	c2,c3	0.2000	20
e1	c50p20m10	3	20	10	2	18	80	e1_013	chrX	13623023	13723022	deletion	None	clonal	c2,c3	0.2000	20
e1	c50p20m10	3	20	10	2	18	80	e1_014	chrX	13904122	14004121	deletion	None	clonal	c2,c3	0.2000	20
e1	c50p20m10	3	20	10	2	18	80	e1_015	chrX	15168670	15268669	inversion	None	clonal	c2,c3	0.2000	20
e1	c50p20m10	3	20	10	2	18	80	e1_016	chrX	15302420	15402419	tandem duplication	2	clonal	c2,c3	0.2000	20
e1	c50p20m10	3	20	10	2	18	80	e1_017	chrX	15620072	15720071	deletion	None	clonal	c2,c3	0.2000	20
e1	c50p20m10	3	20	10	2	18	80	e1_018	chrX	18715859	18815858	tandem duplication	2	clonal	c2,c3	0.2000	20
e1	c50p20m10	3	20	10	2	18	80	e1_019	chrX	19262220	19362219	deletion	None	clonal	c2,c3	0.2000	20
e1	c50p20m10	3	20	10	2	18	80	e1_020	chrX	19370030	19470029	inversion	None	clonal	c2,c3	0.2000	20
e1	c50p20m10	3	20	10	2	18	80	e1_021	chrX	19940500	20040499	inversion	None	clonal	c2,c3	0.2000	20
e1	c50p20m10	3	20	10	2	18	80	e1_022	chrX	27548664	27648663	inversion	None	clonal	c2,c3	0.2000	20
e1	c50p20m10	3	20	10	2	18	80	e1_023	chrX	32561614	32661613	tandem duplication	2	clonal	c2,c3	0.2000	20
e1	c50p20m10	3	20	10	2	18	80	e1_024	chrX	33922285	34022284	deletion	None	clonal	c2,c3	0.2000	20
e1	c50p20m10	3	20	10	2	18	80	e1_025	chrX	34425887	34525886	deletion	None	clonal	c2,c3	0.2000	20
e1	c50p20m10	3	20	10	2	18	80	e1_026	chrX	36559352	36659351	deletion	None	clonal	c2,c3	0.2000	20
e1	c50p20m10	3	20	10	2	18	80	e1_027	chrX	40112604	40212603	tandem duplication	2	clonal	c2,c3	0.2000	20
e1	c50p20m10	3	20	10	2	18	80	e1_028	chrX	40270712	40370711	deletion	None	clonal	c2,c3	0.2000	20
e1	c50p20m10	3	20	10	2	18	80	e1_029	chrX	40379921	40479920	deletion	None	clonal	c2,c3	0.2000	20
e1	c50p20m10	3	20	10	2	18	80	e1_030	chrX	42127066	42227065	deletion	None	clonal	c2,c3	0.2000	20
e1	c50p20m10	3	20	10	2	18	80	e1_031	chrX	43132234	43232233	inversion	None	clonal	c2,c3	0.2000	20
e1	c50p20m10	3	20	10	2	18	80	e1_032	chrX	43940261	44040260	deletion	None	clonal	c2,c3	0.2000	20
e1	c50p20m10	3	20	10	2	18	80	e1_033	chrX	45081984	45181983	deletion	None	clonal	c2,c3	0.2000	20
e1	c50p20m10	3	20	10	2	18	80	e1_034	chrX	45587683	45687682	inversion	None	clonal	c2,c3	0.2000	20
e1	c50p20m10	3	20	10	2	18	80	e1_035	chrX	48302805	48402804	deletion	None	clonal	c2,c3	0.2000	20
e1	c50p20m10	3	20	10	2	18	80	e1_036	chrX	48428654	48528653	tandem duplication	2	clonal	c2,c3	0.2000	20
e1	c50p20m10	3	20	10	2	18	80	e1_037	chrX	51997400	52097399	inversion	None	c2_private	c2	0.0200	2
e1	c50p20m10	3	20	10	2	18	80	e1_038	chrX	52835055	52935054	tandem duplication	2	c2_private	c2	0.0200	2
e1	c50p20m10	3	20	10	2	18	80	e1_039	chrX	54189756	54289755	deletion	None	c2_private	c2	0.0200	2
e1	c50p20m10	3	20	10	2	18	80	e1_040	chrX	64367754	64467753	tandem duplication	2	c2_private	c2	0.0200	2
e1	c50p20m10	3	20	10	2	18	80	e1_041	chrX	64652388	64752387	tandem duplication	2	c2_private	c2	0.0200	2
e1	c50p20m10	3	20	10	2	18	80	e1_042	chrX	65183647	65283646	tandem duplication	2	c2_private	c2	0.0200	2
e1	c50p20m10	3	20	10	2	18	80	e1_043	chrX	66718070	66818069	deletion	None	c2_private	c2	0.0200	2
e1	c50p20m10	3	20	10	2	18	80	e1_044	chrX	71456470	71556469	deletion	None	c2_private	c2	0.0200	2
e1	c50p20m10	3	20	10	2	18	80	e1_045	chrX	71644359	71744358	inversion	None	c2_private	c2	0.0200	2
e1	c50p20m10	3	20	10	2	18	80	e1_046	chrX	72325609	72425608	tandem duplication	2	c2_private	c2	0.0200	2
e1	c50p20m10	3	20	10	2	18	80	e1_047	chrX	72503747	72603746	inversion	None	c2_private	c2	0.0200	2
e1	c50p20m10	3	20	10	2	18	80	e1_048	chrX	72713963	72813962	tandem duplication	2	c2_private	c2	0.0200	2
e1	c50p20m10	3	20	10	2	18	80	e1_049	chrX	74443743	74543742	deletion	None	c2_private	c2	0.0200	2
e1	c50p20m10	3	20	10	2	18	80	e1_050	chrX	74715145	74815144	deletion	None	c2_private	c2	0.0200	2
e1	c50p20m10	3	20	10	2	18	80	e1_051	chrX	77762447	77862446	tandem duplication	2	c2_private	c2	0.0200	2
e1	c50p20m10	3	20	10	2	18	80	e1_052	chrX	77949336	78049335	deletion	None	c2_private	c2	0.0200	2
e1	c50p20m10	3	20	10	2	18	80	e1_053	chrX	78985331	79085330	tandem duplication	2	c2_private	c2	0.0200	2
e1	c50p20m10	3	20	10	2	18	80	e1_054	chrX	79917083	80017082	deletion	None	c2_private	c2	0.0200	2
e1	c50p20m10	3	20	10	2	18	80	e1_055	chrX	80341100	80441099	deletion	None	c2_private	c2	0.0200	2
e1	c50p20m10	3	20	10	2	18	80	e1_056	chrX	80990934	81090933	inversion	None	c2_private	c2	0.0200	2
e1	c50p20m10	3	20	10	2	18	80	e1_057	chrX	81587193	81687192	inversion	None	c2_private	c2	0.0200	2
e1	c50p20m10	3	20	10	2	18	80	e1_058	chrX	87271178	87371177	deletion	None	c2_private	c2	0.0200	2
e1	c50p20m10	3	20	10	2	18	80	e1_059	chrX	87448978	87548977	inversion	None	c2_private	c2	0.0200	2
e1	c50p20m10	3	20	10	2	18	80	e1_060	chrX	88270867	88370866	tandem duplication	2	c2_private	c2	0.0200	2
e1	c50p20m10	3	20	10	2	18	80	e1_061	chrX	90711299	90811298	inversion	None	c2_private	c2	0.0200	2
e1	c50p20m10	3	20	10	2	18	80	e1_062	chrX	90824787	90924786	tandem duplication	2	c2_private	c2	0.0200	2
e1	c50p20m10	3	20	10	2	18	80	e1_063	chrX	91490111	91590110	tandem duplication	2	c2_private	c2	0.0200	2
e1	c50p20m10	3	20	10	2	18	80	e1_064	chrX	91681649	91781648	deletion	None	c2_private	c2	0.0200	2
e1	c50p20m10	3	20	10	2	18	80	e1_065	chrX	95021316	95121315	inversion	None	c2_private	c2	0.0200	2
e1	c50p20m10	3	20	10	2	18	80	e1_066	chrX	96185229	96285228	inversion	None	c2_private	c2	0.0200	2
e1	c50p20m10	3	20	10	2	18	80	e1_067	chrX	96365853	96465852	tandem duplication	2	c2_private	c2	0.0200	2
e1	c50p20m10	3	20	10	2	18	80	e1_068	chrX	97185291	97285290	tandem duplication	2	c2_private	c2	0.0200	2
e1	c50p20m10	3	20	10	2	18	80	e1_069	chrX	98120471	98220470	inversion	None	c2_private	c2	0.0200	2
e1	c50p20m10	3	20	10	2	18	80	e1_070	chrX	99739980	99839979	inversion	None	c2_private	c2	0.0200	2
e1	c50p20m10	3	20	10	2	18	80	e1_071	chrX	103682488	103782487	tandem duplication	2	c2_private	c2	0.0200	2
e1	c50p20m10	3	20	10	2	18	80	e1_072	chrX	104390113	104490112	inversion	None	c2_private	c2	0.0200	2
e1	c50p20m10	3	20	10	2	18	80	e1_073	chrX	108688322	108788321	deletion	None	c3_private	c3	0.1800	18
e1	c50p20m10	3	20	10	2	18	80	e1_074	chrX	111452478	111552477	deletion	None	c3_private	c3	0.1800	18
e1	c50p20m10	3	20	10	2	18	80	e1_075	chrX	111980762	112080761	inversion	None	c3_private	c3	0.1800	18
e1	c50p20m10	3	20	10	2	18	80	e1_076	chrX	113794576	113894575	tandem duplication	2	c3_private	c3	0.1800	18
e1	c50p20m10	3	20	10	2	18	80	e1_077	chrX	117215849	117315848	inversion	None	c3_private	c3	0.1800	18
e1	c50p20m10	3	20	10	2	18	80	e1_078	chrX	117341371	117441370	tandem duplication	2	c3_private	c3	0.1800	18
e1	c50p20m10	3	20	10	2	18	80	e1_079	chrX	118267892	118367891	tandem duplication	2	c3_private	c3	0.1800	18
e1	c50p20m10	3	20	10	2	18	80	e1_080	chrX	119806400	119906399	tandem duplication	2	c3_private	c3	0.1800	18
e1	c50p20m10	3	20	10	2	18	80	e1_081	chrX	121150720	121250719	deletion	None	c3_private	c3	0.1800	18
e1	c50p20m10	3	20	10	2	18	80	e1_082	chrX	121649937	121749936	deletion	None	c3_private	c3	0.1800	18
e1	c50p20m10	3	20	10	2	18	80	e1_083	chrX	121838711	121938710	inversion	None	c3_private	c3	0.1800	18
e1	c50p20m10	3	20	10	2	18	80	e1_084	chrX	122642691	122742690	inversion	None	c3_private	c3	0.1800	18
e1	c50p20m10	3	20	10	2	18	80	e1_085	chrX	123084150	123184149	inversion	None	c3_private	c3	0.1800	18
e1	c50p20m10	3	20	10	2	18	80	e1_086	chrX	123745699	123845698	inversion	None	c3_private	c3	0.1800	18
e1	c50p20m10	3	20	10	2	18	80	e1_087	chrX	124051807	124151806	tandem duplication	2	c3_private	c3	0.1800	18
e1	c50p20m10	3	20	10	2	18	80	e1_088	chrX	125192690	125292689	inversion	None	c3_private	c3	0.1800	18
e1	c50p20m10	3	20	10	2	18	80	e1_089	chrX	127616962	127716961	inversion	None	c3_private	c3	0.1800	18
e1	c50p20m10	3	20	10	2	18	80	e1_090	chrX	128638984	128738983	deletion	None	c3_private	c3	0.1800	18
e1	c50p20m10	3	20	10	2	18	80	e1_091	chrX	131507952	131607951	tandem duplication	2	c3_private	c3	0.1800	18
e1	c50p20m10	3	20	10	2	18	80	e1_092	chrX	132155283	132255282	tandem duplication	2	c3_private	c3	0.1800	18
e1	c50p20m10	3	20	10	2	18	80	e1_093	chrX	133100879	133200878	inversion	None	c3_private	c3	0.1800	18
e1	c50p20m10	3	20	10	2	18	80	e1_094	chrX	134248129	134348128	tandem duplication	2	c3_private	c3	0.1800	18
e1	c50p20m10	3	20	10	2	18	80	e1_095	chrX	135191535	135291534	tandem duplication	2	c3_private	c3	0.1800	18
e1	c50p20m10	3	20	10	2	18	80	e1_096	chrX	135574003	135674002	inversion	None	c3_private	c3	0.1800	18
e1	c50p20m10	3	20	10	2	18	80	e1_097	chrX	138065358	138165357	tandem duplication	2	c3_private	c3	0.1800	18
e1	c50p20m10	3	20	10	2	18	80	e1_098	chrX	139008219	139108218	deletion	None	c3_private	c3	0.1800	18
e1	c50p20m10	3	20	10	2	18	80	e1_099	chrX	139757382	139857381	tandem duplication	2	c3_private	c3	0.1800	18
e1	c50p20m10	3	20	10	2	18	80	e1_100	chrX	140733352	140833351	tandem duplication	2	c3_private	c3	0.1800	18
e1	c50p20m10	3	20	10	2	18	80	e1_101	chrX	142533875	142633874	deletion	None	c3_private	c3	0.1800	18
e1	c50p20m10	3	20	10	2	18	80	e1_102	chrX	143689926	143789925	deletion	None	c3_private	c3	0.1800	18
e1	c50p20m10	3	20	10	2	18	80	e1_103	chrX	144987090	145087089	inversion	None	c3_private	c3	0.1800	18
e1	c50p20m10	3	20	10	2	18	80	e1_104	chrX	145425714	145525713	deletion	None	c3_private	c3	0.1800	18
e1	c50p20m10	3	20	10	2	18	80	e1_105	chrX	146887534	146987533	tandem duplication	2	c3_private	c3	0.1800	18
e1	c50p20m10	3	20	10	2	18	80	e1_106	chrX	147373941	147473940	inversion	None	c3_private	c3	0.1800	18
e1	c50p20m10	3	20	10	2	18	80	e1_107	chrX	149020794	149120793	tandem duplication	2	c3_private	c3	0.1800	18
e1	c50p20m10	3	20	10	2	18	80	e1_108	chrX	149123075	149223074	deletion	None	c3_private	c3	0.1800	18
e1	c50p20m10	3	20	10	2	18	80	e1_109	chrX	154292823	154392822	deletion	None	c3_private	c3	0.1800	18
e1	c50p20m30	4	20	30	6	14	80	e1_001	chrX	2832936	2932935	inversion	None	clonal	c2,c3	0.2000	20
e1	c50p20m30	4	20	30	6	14	80	e1_002	chrX	2970776	3070775	deletion	None	clonal	c2,c3	0.2000	20
e1	c50p20m30	4	20	30	6	14	80	e1_003	chrX	3563485	3663484	inversion	None	clonal	c2,c3	0.2000	20
e1	c50p20m30	4	20	30	6	14	80	e1_004	chrX	3818519	3918518	inversion	None	clonal	c2,c3	0.2000	20
e1	c50p20m30	4	20	30	6	14	80	e1_005	chrX	4672128	4772127	tandem duplication	2	clonal	c2,c3	0.2000	20
e1	c50p20m30	4	20	30	6	14	80	e1_006	chrX	5233503	5333502	deletion	None	clonal	c2,c3	0.2000	20
e1	c50p20m30	4	20	30	6	14	80	e1_007	chrX	6543875	6643874	tandem duplication	2	clonal	c2,c3	0.2000	20
e1	c50p20m30	4	20	30	6	14	80	e1_008	chrX	9603605	9703604	inversion	None	clonal	c2,c3	0.2000	20
e1	c50p20m30	4	20	30	6	14	80	e1_009	chrX	10232079	10332078	inversion	None	clonal	c2,c3	0.2000	20
e1	c50p20m30	4	20	30	6	14	80	e1_010	chrX	11063285	11163284	inversion	None	clonal	c2,c3	0.2000	20
e1	c50p20m30	4	20	30	6	14	80	e1_011	chrX	11695441	11795440	tandem duplication	2	clonal	c2,c3	0.2000	20
e1	c50p20m30	4	20	30	6	14	80	e1_012	chrX	12923319	13023318	deletion	None	clonal	c2,c3	0.2000	20
e1	c50p20m30	4	20	30	6	14	80	e1_013	chrX	13623023	13723022	deletion	None	clonal	c2,c3	0.2000	20
e1	c50p20m30	4	20	30	6	14	80	e1_014	chrX	13904122	14004121	deletion	None	clonal	c2,c3	0.2000	20
e1	c50p20m30	4	20	30	6	14	80	e1_015	chrX	15168670	15268669	inversion	None	clonal	c2,c3	0.2000	20
e1	c50p20m30	4	20	30	6	14	80	e1_016	chrX	15302420	15402419	tandem duplication	2	clonal	c2,c3	0.2000	20
e1	c50p20m30	4	20	30	6	14	80	e1_017	chrX	15620072	15720071	deletion	None	clonal	c2,c3	0.2000	20
e1	c50p20m30	4	20	30	6	14	80	e1_018	chrX	18715859	18815858	tandem duplication	2	clonal	c2,c3	0.2000	20
e1	c50p20m30	4	20	30	6	14	80	e1_019	chrX	19262220	19362219	deletion	None	clonal	c2,c3	0.2000	20
e1	c50p20m30	4	20	30	6	14	80	e1_020	chrX	19370030	19470029	inversion	None	clonal	c2,c3	0.2000	20
e1	c50p20m30	4	20	30	6	14	80	e1_021	chrX	19940500	20040499	inversion	None	clonal	c2,c3	0.2000	20
e1	c50p20m30	4	20	30	6	14	80	e1_022	chrX	27548664	27648663	inversion	None	clonal	c2,c3	0.2000	20
e1	c50p20m30	4	20	30	6	14	80	e1_023	chrX	32561614	32661613	tandem duplication	2	clonal	c2,c3	0.2000	20
e1	c50p20m30	4	20	30	6	14	80	e1_024	chrX	33922285	34022284	deletion	None	clonal	c2,c3	0.2000	20
e1	c50p20m30	4	20	30	6	14	80	e1_025	chrX	34425887	34525886	deletion	None	clonal	c2,c3	0.2000	20
e1	c50p20m30	4	20	30	6	14	80	e1_026	chrX	36559352	36659351	deletion	None	clonal	c2,c3	0.2000	20
e1	c50p20m30	4	20	30	6	14	80	e1_027	chrX	40112604	40212603	tandem duplication	2	clonal	c2,c3	0.2000	20
e1	c50p20m30	4	20	30	6	14	80	e1_028	chrX	40270712	40370711	deletion	None	clonal	c2,c3	0.2000	20
e1	c50p20m30	4	20	30	6	14	80	e1_029	chrX	40379921	40479920	deletion	None	clonal	c2,c3	0.2000	20
e1	c50p20m30	4	20	30	6	14	80	e1_030	chrX	42127066	42227065	deletion	None	clonal	c2,c3	0.2000	20
e1	c50p20m30	4	20	30	6	14	80	e1_031	chrX	43132234	43232233	inversion	None	clonal	c2,c3	0.2000	20
e1	c50p20m30	4	20	30	6	14	80	e1_032	chrX	43940261	44040260	deletion	None	clonal	c2,c3	0.2000	20
e1	c50p20m30	4	20	30	6	14	80	e1_033	chrX	45081984	45181983	deletion	None	clonal	c2,c3	0.2000	20
e1	c50p20m30	4	20	30	6	14	80	e1_034	chrX	45587683	45687682	inversion	None	clonal	c2,c3	0.2000	20
e1	c50p20m30	4	20	30	6	14	80	e1_035	chrX	48302805	48402804	deletion	None	clonal	c2,c3	0.2000	20
e1	c50p20m30	4	20	30	6	14	80	e1_036	chrX	48428654	48528653	tandem duplication	2	clonal	c2,c3	0.2000	20
e1	c50p20m30	4	20	30	6	14	80	e1_037	chrX	51997400	52097399	inversion	None	c2_private	c2	0.0600	6
e1	c50p20m30	4	20	30	6	14	80	e1_038	chrX	52835055	52935054	tandem duplication	2	c2_private	c2	0.0600	6
e1	c50p20m30	4	20	30	6	14	80	e1_039	chrX	54189756	54289755	deletion	None	c2_private	c2	0.0600	6
e1	c50p20m30	4	20	30	6	14	80	e1_040	chrX	64367754	64467753	tandem duplication	2	c2_private	c2	0.0600	6
e1	c50p20m30	4	20	30	6	14	80	e1_041	chrX	64652388	64752387	tandem duplication	2	c2_private	c2	0.0600	6
e1	c50p20m30	4	20	30	6	14	80	e1_042	chrX	65183647	65283646	tandem duplication	2	c2_private	c2	0.0600	6
e1	c50p20m30	4	20	30	6	14	80	e1_043	chrX	66718070	66818069	deletion	None	c2_private	c2	0.0600	6
e1	c50p20m30	4	20	30	6	14	80	e1_044	chrX	71456470	71556469	deletion	None	c2_private	c2	0.0600	6
e1	c50p20m30	4	20	30	6	14	80	e1_045	chrX	71644359	71744358	inversion	None	c2_private	c2	0.0600	6
e1	c50p20m30	4	20	30	6	14	80	e1_046	chrX	72325609	72425608	tandem duplication	2	c2_private	c2	0.0600	6
e1	c50p20m30	4	20	30	6	14	80	e1_047	chrX	72503747	72603746	inversion	None	c2_private	c2	0.0600	6
e1	c50p20m30	4	20	30	6	14	80	e1_048	chrX	72713963	72813962	tandem duplication	2	c2_private	c2	0.0600	6
e1	c50p20m30	4	20	30	6	14	80	e1_049	chrX	74443743	74543742	deletion	None	c2_private	c2	0.0600	6
e1	c50p20m30	4	20	30	6	14	80	e1_050	chrX	74715145	74815144	deletion	None	c2_private	c2	0.0600	6
e1	c50p20m30	4	20	30	6	14	80	e1_051	chrX	77762447	77862446	tandem duplication	2	c2_private	c2	0.0600	6
e1	c50p20m30	4	20	30	6	14	80	e1_052	chrX	77949336	78049335	deletion	None	c2_private	c2	0.0600	6
e1	c50p20m30	4	20	30	6	14	80	e1_053	chrX	78985331	79085330	tandem duplication	2	c2_private	c2	0.0600	6
e1	c50p20m30	4	20	30	6	14	80	e1_054	chrX	79917083	80017082	deletion	None	c2_private	c2	0.0600	6
e1	c50p20m30	4	20	30	6	14	80	e1_055	chrX	80341100	80441099	deletion	None	c2_private	c2	0.0600	6
e1	c50p20m30	4	20	30	6	14	80	e1_056	chrX	80990934	81090933	inversion	None	c2_private	c2	0.0600	6
e1	c50p20m30	4	20	30	6	14	80	e1_057	chrX	81587193	81687192	inversion	None	c2_private	c2	0.0600	6
e1	c50p20m30	4	20	30	6	14	80	e1_058	chrX	87271178	87371177	deletion	None	c2_private	c2	0.0600	6
e1	c50p20m30	4	20	30	6	14	80	e1_059	chrX	87448978	87548977	inversion	None	c2_private	c2	0.0600	6
e1	c50p20m30	4	20	30	6	14	80	e1_060	chrX	88270867	88370866	tandem duplication	2	c2_private	c2	0.0600	6
e1	c50p20m30	4	20	30	6	14	80	e1_061	chrX	90711299	90811298	inversion	None	c2_private	c2	0.0600	6
e1	c50p20m30	4	20	30	6	14	80	e1_062	chrX	90824787	90924786	tandem duplication	2	c2_private	c2	0.0600	6
e1	c50p20m30	4	20	30	6	14	80	e1_063	chrX	91490111	91590110	tandem duplication	2	c2_private	c2	0.0600	6
e1	c50p20m30	4	20	30	6	14	80	e1_064	chrX	91681649	91781648	deletion	None	c2_private	c2	0.0600	6
e1	c50p20m30	4	20	30	6	14	80	e1_065	chrX	95021316	95121315	inversion	None	c2_private	c2	0.0600	6
e1	c50p20m30	4	20	30	6	14	80	e1_066	chrX	96185229	96285228	inversion	None	c2_private	c2	0.0600	6
e1	c50p20m30	4	20	30	6	14	80	e1_067	chrX	96365853	96465852	tandem duplication	2	c2_private	c2	0.0600	6
e1	c50p20m30	4	20	30	6	14	80	e1_068	chrX	97185291	97285290	tandem duplication	2	c2_private	c2	0.0600	6
e1	c50p20m30	4	20	30	6	14	80	e1_069	chrX	98120471	98220470	inversion	None	c2_private	c2	0.0600	6
e1	c50p20m30	4	20	30	6	14	80	e1_070	chrX	99739980	99839979	inversion	None	c2_private	c2	0.0600	6
e1	c50p20m30	4	20	30	6	14	80	e1_071	chrX	103682488	103782487	tandem duplication	2	c2_private	c2	0.0600	6
e1	c50p20m30	4	20	30	6	14	80	e1_072	chrX	104390113	104490112	inversion	None	c2_private	c2	0.0600	6
e1	c50p20m30	4	20	30	6	14	80	e1_073	chrX	108688322	108788321	deletion	None	c3_private	c3	0.1400	14
e1	c50p20m30	4	20	30	6	14	80	e1_074	chrX	111452478	111552477	deletion	None	c3_private	c3	0.1400	14
e1	c50p20m30	4	20	30	6	14	80	e1_075	chrX	111980762	112080761	inversion	None	c3_private	c3	0.1400	14
e1	c50p20m30	4	20	30	6	14	80	e1_076	chrX	113794576	113894575	tandem duplication	2	c3_private	c3	0.1400	14
e1	c50p20m30	4	20	30	6	14	80	e1_077	chrX	117215849	117315848	inversion	None	c3_private	c3	0.1400	14
e1	c50p20m30	4	20	30	6	14	80	e1_078	chrX	117341371	117441370	tandem duplication	2	c3_private	c3	0.1400	14
e1	c50p20m30	4	20	30	6	14	80	e1_079	chrX	118267892	118367891	tandem duplication	2	c3_private	c3	0.1400	14
e1	c50p20m30	4	20	30	6	14	80	e1_080	chrX	119806400	119906399	tandem duplication	2	c3_private	c3	0.1400	14
e1	c50p20m30	4	20	30	6	14	80	e1_081	chrX	121150720	121250719	deletion	None	c3_private	c3	0.1400	14
e1	c50p20m30	4	20	30	6	14	80	e1_082	chrX	121649937	121749936	deletion	None	c3_private	c3	0.1400	14
e1	c50p20m30	4	20	30	6	14	80	e1_083	chrX	121838711	121938710	inversion	None	c3_private	c3	0.1400	14
e1	c50p20m30	4	20	30	6	14	80	e1_084	chrX	122642691	122742690	inversion	None	c3_private	c3	0.1400	14
e1	c50p20m30	4	20	30	6	14	80	e1_085	chrX	123084150	123184149	inversion	None	c3_private	c3	0.1400	14
e1	c50p20m30	4	20	30	6	14	80	e1_086	chrX	123745699	123845698	inversion	None	c3_private	c3	0.1400	14
e1	c50p20m30	4	20	30	6	14	80	e1_087	chrX	124051807	124151806	tandem duplication	2	c3_private	c3	0.1400	14
e1	c50p20m30	4	20	30	6	14	80	e1_088	chrX	125192690	125292689	inversion	None	c3_private	c3	0.1400	14
e1	c50p20m30	4	20	30	6	14	80	e1_089	chrX	127616962	127716961	inversion	None	c3_private	c3	0.1400	14
e1	c50p20m30	4	20	30	6	14	80	e1_090	chrX	128638984	128738983	deletion	None	c3_private	c3	0.1400	14
e1	c50p20m30	4	20	30	6	14	80	e1_091	chrX	131507952	131607951	tandem duplication	2	c3_private	c3	0.1400	14
e1	c50p20m30	4	20	30	6	14	80	e1_092	chrX	132155283	132255282	tandem duplication	2	c3_private	c3	0.1400	14
e1	c50p20m30	4	20	30	6	14	80	e1_093	chrX	133100879	133200878	inversion	None	c3_private	c3	0.1400	14
e1	c50p20m30	4	20	30	6	14	80	e1_094	chrX	134248129	134348128	tandem duplication	2	c3_private	c3	0.1400	14
e1	c50p20m30	4	20	30	6	14	80	e1_095	chrX	135191535	135291534	tandem duplication	2	c3_private	c3	0.1400	14
e1	c50p20m30	4	20	30	6	14	80	e1_096	chrX	135574003	135674002	inversion	None	c3_private	c3	0.1400	14
e1	c50p20m30	4	20	30	6	14	80	e1_097	chrX	138065358	138165357	tandem duplication	2	c3_private	c3	0.1400	14
e1	c50p20m30	4	20	30	6	14	80	e1_098	chrX	139008219	139108218	deletion	None	c3_private	c3	0.1400	14
e1	c50p20m30	4	20	30	6	14	80	e1_099	chrX	139757382	139857381	tandem duplication	2	c3_private	c3	0.1400	14
e1	c50p20m30	4	20	30	6	14	80	e1_100	chrX	140733352	140833351	tandem duplication	2	c3_private	c3	0.1400	14
e1	c50p20m30	4	20	30	6	14	80	e1_101	chrX	142533875	142633874	deletion	None	c3_private	c3	0.1400	14
e1	c50p20m30	4	20	30	6	14	80	e1_102	chrX	143689926	143789925	deletion	None	c3_private	c3	0.1400	14
e1	c50p20m30	4	20	30	6	14	80	e1_103	chrX	144987090	145087089	inversion	None	c3_private	c3	0.1400	14
e1	c50p20m30	4	20	30	6	14	80	e1_104	chrX	145425714	145525713	deletion	None	c3_private	c3	0.1400	14
e1	c50p20m30	4	20	30	6	14	80	e1_105	chrX	146887534	146987533	tandem duplication	2	c3_private	c3	0.1400	14
e1	c50p20m30	4	20	30	6	14	80	e1_106	chrX	147373941	147473940	inversion	None	c3_private	c3	0.1400	14
e1	c50p20m30	4	20	30	6	14	80	e1_107	chrX	149020794	149120793	tandem duplication	2	c3_private	c3	0.1400	14
e1	c50p20m30	4	20	30	6	14	80	e1_108	chrX	149123075	149223074	deletion	None	c3_private	c3	0.1400	14
e1	c50p20m30	4	20	30	6	14	80	e1_109	chrX	154292823	154392822	deletion	None	c3_private	c3	0.1400	14
e1	c50p20m50	5	20	50	10	10	80	e1_001	chrX	2832936	2932935	inversion	None	clonal	c2,c3	0.2000	20
e1	c50p20m50	5	20	50	10	10	80	e1_002	chrX	2970776	3070775	deletion	None	clonal	c2,c3	0.2000	20
e1	c50p20m50	5	20	50	10	10	80	e1_003	chrX	3563485	3663484	inversion	None	clonal	c2,c3	0.2000	20
e1	c50p20m50	5	20	50	10	10	80	e1_004	chrX	3818519	3918518	inversion	None	clonal	c2,c3	0.2000	20
e1	c50p20m50	5	20	50	10	10	80	e1_005	chrX	4672128	4772127	tandem duplication	2	clonal	c2,c3	0.2000	20
e1	c50p20m50	5	20	50	10	10	80	e1_006	chrX	5233503	5333502	deletion	None	clonal	c2,c3	0.2000	20
e1	c50p20m50	5	20	50	10	10	80	e1_007	chrX	6543875	6643874	tandem duplication	2	clonal	c2,c3	0.2000	20
e1	c50p20m50	5	20	50	10	10	80	e1_008	chrX	9603605	9703604	inversion	None	clonal	c2,c3	0.2000	20
e1	c50p20m50	5	20	50	10	10	80	e1_009	chrX	10232079	10332078	inversion	None	clonal	c2,c3	0.2000	20
e1	c50p20m50	5	20	50	10	10	80	e1_010	chrX	11063285	11163284	inversion	None	clonal	c2,c3	0.2000	20
e1	c50p20m50	5	20	50	10	10	80	e1_011	chrX	11695441	11795440	tandem duplication	2	clonal	c2,c3	0.2000	20
e1	c50p20m50	5	20	50	10	10	80	e1_012	chrX	12923319	13023318	deletion	None	clonal	c2,c3	0.2000	20
e1	c50p20m50	5	20	50	10	10	80	e1_013	chrX	13623023	13723022	deletion	None	clonal	c2,c3	0.2000	20
e1	c50p20m50	5	20	50	10	10	80	e1_014	chrX	13904122	14004121	deletion	None	clonal	c2,c3	0.2000	20
e1	c50p20m50	5	20	50	10	10	80	e1_015	chrX	15168670	15268669	inversion	None	clonal	c2,c3	0.2000	20
e1	c50p20m50	5	20	50	10	10	80	e1_016	chrX	15302420	15402419	tandem duplication	2	clonal	c2,c3	0.2000	20
e1	c50p20m50	5	20	50	10	10	80	e1_017	chrX	15620072	15720071	deletion	None	clonal	c2,c3	0.2000	20
e1	c50p20m50	5	20	50	10	10	80	e1_018	chrX	18715859	18815858	tandem duplication	2	clonal	c2,c3	0.2000	20
e1	c50p20m50	5	20	50	10	10	80	e1_019	chrX	19262220	19362219	deletion	None	clonal	c2,c3	0.2000	20
e1	c50p20m50	5	20	50	10	10	80	e1_020	chrX	19370030	19470029	inversion	None	clonal	c2,c3	0.2000	20
e1	c50p20m50	5	20	50	10	10	80	e1_021	chrX	19940500	20040499	inversion	None	clonal	c2,c3	0.2000	20
e1	c50p20m50	5	20	50	10	10	80	e1_022	chrX	27548664	27648663	inversion	None	clonal	c2,c3	0.2000	20
e1	c50p20m50	5	20	50	10	10	80	e1_023	chrX	32561614	32661613	tandem duplication	2	clonal	c2,c3	0.2000	20
e1	c50p20m50	5	20	50	10	10	80	e1_024	chrX	33922285	34022284	deletion	None	clonal	c2,c3	0.2000	20
e1	c50p20m50	5	20	50	10	10	80	e1_025	chrX	34425887	34525886	deletion	None	clonal	c2,c3	0.2000	20
e1	c50p20m50	5	20	50	10	10	80	e1_026	chrX	36559352	36659351	deletion	None	clonal	c2,c3	0.2000	20
e1	c50p20m50	5	20	50	10	10	80	e1_027	chrX	40112604	40212603	tandem duplication	2	clonal	c2,c3	0.2000	20
e1	c50p20m50	5	20	50	10	10	80	e1_028	chrX	40270712	40370711	deletion	None	clonal	c2,c3	0.2000	20
e1	c50p20m50	5	20	50	10	10	80	e1_029	chrX	40379921	40479920	deletion	None	clonal	c2,c3	0.2000	20
e1	c50p20m50	5	20	50	10	10	80	e1_030	chrX	42127066	42227065	deletion	None	clonal	c2,c3	0.2000	20
e1	c50p20m50	5	20	50	10	10	80	e1_031	chrX	43132234	43232233	inversion	None	clonal	c2,c3	0.2000	20
e1	c50p20m50	5	20	50	10	10	80	e1_032	chrX	43940261	44040260	deletion	None	clonal	c2,c3	0.2000	20
e1	c50p20m50	5	20	50	10	10	80	e1_033	chrX	45081984	45181983	deletion	None	clonal	c2,c3	0.2000	20
e1	c50p20m50	5	20	50	10	10	80	e1_034	chrX	45587683	45687682	inversion	None	clonal	c2,c3	0.2000	20
e1	c50p20m50	5	20	50	10	10	80	e1_035	chrX	48302805	48402804	deletion	None	clonal	c2,c3	0.2000	20
e1	c50p20m50	5	20	50	10	10	80	e1_036	chrX	48428654	48528653	tandem duplication	2	clonal	c2,c3	0.2000	20
e1	c50p20m50	5	20	50	10	10	80	e1_037	chrX	51997400	52097399	inversion	None	c2_private	c2	0.1000	10
e1	c50p20m50	5	20	50	10	10	80	e1_038	chrX	52835055	52935054	tandem duplication	2	c2_private	c2	0.1000	10
e1	c50p20m50	5	20	50	10	10	80	e1_039	chrX	54189756	54289755	deletion	None	c2_private	c2	0.1000	10
e1	c50p20m50	5	20	50	10	10	80	e1_040	chrX	64367754	64467753	tandem duplication	2	c2_private	c2	0.1000	10
e1	c50p20m50	5	20	50	10	10	80	e1_041	chrX	64652388	64752387	tandem duplication	2	c2_private	c2	0.1000	10
e1	c50p20m50	5	20	50	10	10	80	e1_042	chrX	65183647	65283646	tandem duplication	2	c2_private	c2	0.1000	10
e1	c50p20m50	5	20	50	10	10	80	e1_043	chrX	66718070	66818069	deletion	None	c2_private	c2	0.1000	10
e1	c50p20m50	5	20	50	10	10	80	e1_044	chrX	71456470	71556469	deletion	None	c2_private	c2	0.1000	10
e1	c50p20m50	5	20	50	10	10	80	e1_045	chrX	71644359	71744358	inversion	None	c2_private	c2	0.1000	10
e1	c50p20m50	5	20	50	10	10	80	e1_046	chrX	72325609	72425608	tandem duplication	2	c2_private	c2	0.1000	10
e1	c50p20m50	5	20	50	10	10	80	e1_047	chrX	72503747	72603746	inversion	None	c2_private	c2	0.1000	10
e1	c50p20m50	5	20	50	10	10	80	e1_048	chrX	72713963	72813962	tandem duplication	2	c2_private	c2	0.1000	10
e1	c50p20m50	5	20	50	10	10	80	e1_049	chrX	74443743	74543742	deletion	None	c2_private	c2	0.1000	10
e1	c50p20m50	5	20	50	10	10	80	e1_050	chrX	74715145	74815144	deletion	None	c2_private	c2	0.1000	10
e1	c50p20m50	5	20	50	10	10	80	e1_051	chrX	77762447	77862446	tandem duplication	2	c2_private	c2	0.1000	10
e1	c50p20m50	5	20	50	10	10	80	e1_052	chrX	77949336	78049335	deletion	None	c2_private	c2	0.1000	10
e1	c50p20m50	5	20	50	10	10	80	e1_053	chrX	78985331	79085330	tandem duplication	2	c2_private	c2	0.1000	10
e1	c50p20m50	5	20	50	10	10	80	e1_054	chrX	79917083	80017082	deletion	None	c2_private	c2	0.1000	10
e1	c50p20m50	5	20	50	10	10	80	e1_055	chrX	80341100	80441099	deletion	None	c2_private	c2	0.1000	10
e1	c50p20m50	5	20	50	10	10	80	e1_056	chrX	80990934	81090933	inversion	None	c2_private	c2	0.1000	10
e1	c50p20m50	5	20	50	10	10	80	e1_057	chrX	81587193	81687192	inversion	None	c2_private	c2	0.1000	10
e1	c50p20m50	5	20	50	10	10	80	e1_058	chrX	87271178	87371177	deletion	None	c2_private	c2	0.1000	10
e1	c50p20m50	5	20	50	10	10	80	e1_059	chrX	87448978	87548977	inversion	None	c2_private	c2	0.1000	10
e1	c50p20m50	5	20	50	10	10	80	e1_060	chrX	88270867	88370866	tandem duplication	2	c2_private	c2	0.1000	10
e1	c50p20m50	5	20	50	10	10	80	e1_061	chrX	90711299	90811298	inversion	None	c2_private	c2	0.1000	10
e1	c50p20m50	5	20	50	10	10	80	e1_062	chrX	90824787	90924786	tandem duplication	2	c2_private	c2	0.1000	10
e1	c50p20m50	5	20	50	10	10	80	e1_063	chrX	91490111	91590110	tandem duplication	2	c2_private	c2	0.1000	10
e1	c50p20m50	5	20	50	10	10	80	e1_064	chrX	91681649	91781648	deletion	None	c2_private	c2	0.1000	10
e1	c50p20m50	5	20	50	10	10	80	e1_065	chrX	95021316	95121315	inversion	None	c2_private	c2	0.1000	10
e1	c50p20m50	5	20	50	10	10	80	e1_066	chrX	96185229	96285228	inversion	None	c2_private	c2	0.1000	10
e1	c50p20m50	5	20	50	10	10	80	e1_067	chrX	96365853	96465852	tandem duplication	2	c2_private	c2	0.1000	10
e1	c50p20m50	5	20	50	10	10	80	e1_068	chrX	97185291	97285290	tandem duplication	2	c2_private	c2	0.1000	10
e1	c50p20m50	5	20	50	10	10	80	e1_069	chrX	98120471	98220470	inversion	None	c2_private	c2	0.1000	10
e1	c50p20m50	5	20	50	10	10	80	e1_070	chrX	99739980	99839979	inversion	None	c2_private	c2	0.1000	10
e1	c50p20m50	5	20	50	10	10	80	e1_071	chrX	103682488	103782487	tandem duplication	2	c2_private	c2	0.1000	10
e1	c50p20m50	5	20	50	10	10	80	e1_072	chrX	104390113	104490112	inversion	None	c2_private	c2	0.1000	10
e1	c50p20m50	5	20	50	10	10	80	e1_073	chrX	108688322	108788321	deletion	None	c3_private	c3	0.1000	10
e1	c50p20m50	5	20	50	10	10	80	e1_074	chrX	111452478	111552477	deletion	None	c3_private	c3	0.1000	10
e1	c50p20m50	5	20	50	10	10	80	e1_075	chrX	111980762	112080761	inversion	None	c3_private	c3	0.1000	10
e1	c50p20m50	5	20	50	10	10	80	e1_076	chrX	113794576	113894575	tandem duplication	2	c3_private	c3	0.1000	10
e1	c50p20m50	5	20	50	10	10	80	e1_077	chrX	117215849	117315848	inversion	None	c3_private	c3	0.1000	10
e1	c50p20m50	5	20	50	10	10	80	e1_078	chrX	117341371	117441370	tandem duplication	2	c3_private	c3	0.1000	10
e1	c50p20m50	5	20	50	10	10	80	e1_079	chrX	118267892	118367891	tandem duplication	2	c3_private	c3	0.1000	10
e1	c50p20m50	5	20	50	10	10	80	e1_080	chrX	119806400	119906399	tandem duplication	2	c3_private	c3	0.1000	10
e1	c50p20m50	5	20	50	10	10	80	e1_081	chrX	121150720	121250719	deletion	None	c3_private	c3	0.1000	10
e1	c50p20m50	5	20	50	10	10	80	e1_082	chrX	121649937	121749936	deletion	None	c3_private	c3	0.1000	10
e1	c50p20m50	5	20	50	10	10	80	e1_083	chrX	121838711	121938710	inversion	None	c3_private	c3	0.1000	10
e1	c50p20m50	5	20	50	10	10	80	e1_084	chrX	122642691	122742690	inversion	None	c3_private	c3	0.1000	10
e1	c50p20m50	5	20	50	10	10	80	e1_085	chrX	123084150	123184149	inversion	None	c3_private	c3	0.1000	10
e1	c50p20m50	5	20	50	10	10	80	e1_086	chrX	123745699	123845698	inversion	None	c3_private	c3	0.1000	10
e1	c50p20m50	5	20	50	10	10	80	e1_087	chrX	124051807	124151806	tandem duplication	2	c3_private	c3	0.1000	10
e1	c50p20m50	5	20	50	10	10	80	e1_088	chrX	125192690	125292689	inversion	None	c3_private	c3	0.1000	10
e1	c50p20m50	5	20	50	10	10	80	e1_089	chrX	127616962	127716961	inversion	None	c3_private	c3	0.1000	10
e1	c50p20m50	5	20	50	10	10	80	e1_090	chrX	128638984	128738983	deletion	None	c3_private	c3	0.1000	10
e1	c50p20m50	5	20	50	10	10	80	e1_091	chrX	131507952	131607951	tandem duplication	2	c3_private	c3	0.1000	10
e1	c50p20m50	5	20	50	10	10	80	e1_092	chrX	132155283	132255282	tandem duplication	2	c3_private	c3	0.1000	10
e1	c50p20m50	5	20	50	10	10	80	e1_093	chrX	133100879	133200878	inversion	None	c3_private	c3	0.1000	10
e1	c50p20m50	5	20	50	10	10	80	e1_094	chrX	134248129	134348128	tandem duplication	2	c3_private	c3	0.1000	10
e1	c50p20m50	5	20	50	10	10	80	e1_095	chrX	135191535	135291534	tandem duplication	2	c3_private	c3	0.1000	10
e1	c50p20m50	5	20	50	10	10	80	e1_096	chrX	135574003	135674002	inversion	None	c3_private	c3	0.1000	10
e1	c50p20m50	5	20	50	10	10	80	e1_097	chrX	138065358	138165357	tandem duplication	2	c3_private	c3	0.1000	10
e1	c50p20m50	5	20	50	10	10	80	e1_098	chrX	139008219	139108218	deletion	None	c3_private	c3	0.1000	10
e1	c50p20m50	5	20	50	10	10	80	e1_099	chrX	139757382	139857381	tandem duplication	2	c3_private	c3	0.1000	10
e1	c50p20m50	5	20	50	10	10	80	e1_100	chrX	140733352	140833351	tandem duplication	2	c3_private	c3	0.1000	10
e1	c50p20m50	5	20	50	10	10	80	e1_101	chrX	142533875	142633874	deletion	None	c3_private	c3	0.1000	10
e1	c50p20m50	5	20	50	10	10	80	e1_102	chrX	143689926	143789925	deletion	None	c3_private	c3	0.1000	10
e1	c50p20m50	5	20	50	10	10	80	e1_103	chrX	144987090	145087089	inversion	None	c3_private	c3	0.1000	10
e1	c50p20m50	5	20	50	10	10	80	e1_104	chrX	145425714	145525713	deletion	None	c3_private	c3	0.1000	10
e1	c50p20m50	5	20	50	10	10	80	e1_105	chrX	146887534	146987533	tandem duplication	2	c3_private	c3	0.1000	10
e1	c50p20m50	5	20	50	10	10	80	e1_106	chrX	147373941	147473940	inversion	None	c3_private	c3	0.1000	10
e1	c50p20m50	5	20	50	10	10	80	e1_107	chrX	149020794	149120793	tandem duplication	2	c3_private	c3	0.1000	10
e1	c50p20m50	5	20	50	10	10	80	e1_108	chrX	149123075	149223074	deletion	None	c3_private	c3	0.1000	10
e1	c50p20m50	5	20	50	10	10	80	e1_109	chrX	154292823	154392822	deletion	None	c3_private	c3	0.1000	10
e1	c50p40m10	6	40	10	4	36	60	e1_001	chrX	2832936	2932935	inversion	None	clonal	c2,c3	0.4000	40
e1	c50p40m10	6	40	10	4	36	60	e1_002	chrX	2970776	3070775	deletion	None	clonal	c2,c3	0.4000	40
e1	c50p40m10	6	40	10	4	36	60	e1_003	chrX	3563485	3663484	inversion	None	clonal	c2,c3	0.4000	40
e1	c50p40m10	6	40	10	4	36	60	e1_004	chrX	3818519	3918518	inversion	None	clonal	c2,c3	0.4000	40
e1	c50p40m10	6	40	10	4	36	60	e1_005	chrX	4672128	4772127	tandem duplication	2	clonal	c2,c3	0.4000	40
e1	c50p40m10	6	40	10	4	36	60	e1_006	chrX	5233503	5333502	deletion	None	clonal	c2,c3	0.4000	40
e1	c50p40m10	6	40	10	4	36	60	e1_007	chrX	6543875	6643874	tandem duplication	2	clonal	c2,c3	0.4000	40
e1	c50p40m10	6	40	10	4	36	60	e1_008	chrX	9603605	9703604	inversion	None	clonal	c2,c3	0.4000	40
e1	c50p40m10	6	40	10	4	36	60	e1_009	chrX	10232079	10332078	inversion	None	clonal	c2,c3	0.4000	40
e1	c50p40m10	6	40	10	4	36	60	e1_010	chrX	11063285	11163284	inversion	None	clonal	c2,c3	0.4000	40
e1	c50p40m10	6	40	10	4	36	60	e1_011	chrX	11695441	11795440	tandem duplication	2	clonal	c2,c3	0.4000	40
e1	c50p40m10	6	40	10	4	36	60	e1_012	chrX	12923319	13023318	deletion	None	clonal	c2,c3	0.4000	40
e1	c50p40m10	6	40	10	4	36	60	e1_013	chrX	13623023	13723022	deletion	None	clonal	c2,c3	0.4000	40
e1	c50p40m10	6	40	10	4	36	60	e1_014	chrX	13904122	14004121	deletion	None	clonal	c2,c3	0.4000	40
e1	c50p40m10	6	40	10	4	36	60	e1_015	chrX	15168670	15268669	inversion	None	clonal	c2,c3	0.4000	40
e1	c50p40m10	6	40	10	4	36	60	e1_016	chrX	15302420	15402419	tandem duplication	2	clonal	c2,c3	0.4000	40
e1	c50p40m10	6	40	10	4	36	60	e1_017	chrX	15620072	15720071	deletion	None	clonal	c2,c3	0.4000	40
e1	c50p40m10	6	40	10	4	36	60	e1_018	chrX	18715859	18815858	tandem duplication	2	clonal	c2,c3	0.4000	40
e1	c50p40m10	6	40	10	4	36	60	e1_019	chrX	19262220	19362219	deletion	None	clonal	c2,c3	0.4000	40
e1	c50p40m10	6	40	10	4	36	60	e1_020	chrX	19370030	19470029	inversion	None	clonal	c2,c3	0.4000	40
e1	c50p40m10	6	40	10	4	36	60	e1_021	chrX	19940500	20040499	inversion	None	clonal	c2,c3	0.4000	40
e1	c50p40m10	6	40	10	4	36	60	e1_022	chrX	27548664	27648663	inversion	None	clonal	c2,c3	0.4000	40
e1	c50p40m10	6	40	10	4	36	60	e1_023	chrX	32561614	32661613	tandem duplication	2	clonal	c2,c3	0.4000	40
e1	c50p40m10	6	40	10	4	36	60	e1_024	chrX	33922285	34022284	deletion	None	clonal	c2,c3	0.4000	40
e1	c50p40m10	6	40	10	4	36	60	e1_025	chrX	34425887	34525886	deletion	None	clonal	c2,c3	0.4000	40
e1	c50p40m10	6	40	10	4	36	60	e1_026	chrX	36559352	36659351	deletion	None	clonal	c2,c3	0.4000	40
e1	c50p40m10	6	40	10	4	36	60	e1_027	chrX	40112604	40212603	tandem duplication	2	clonal	c2,c3	0.4000	40
e1	c50p40m10	6	40	10	4	36	60	e1_028	chrX	40270712	40370711	deletion	None	clonal	c2,c3	0.4000	40
e1	c50p40m10	6	40	10	4	36	60	e1_029	chrX	40379921	40479920	deletion	None	clonal	c2,c3	0.4000	40
e1	c50p40m10	6	40	10	4	36	60	e1_030	chrX	42127066	42227065	deletion	None	clonal	c2,c3	0.4000	40
e1	c50p40m10	6	40	10	4	36	60	e1_031	chrX	43132234	43232233	inversion	None	clonal	c2,c3	0.4000	40
e1	c50p40m10	6	40	10	4	36	60	e1_032	chrX	43940261	44040260	deletion	None	clonal	c2,c3	0.4000	40
e1	c50p40m10	6	40	10	4	36	60	e1_033	chrX	45081984	45181983	deletion	None	clonal	c2,c3	0.4000	40
e1	c50p40m10	6	40	10	4	36	60	e1_034	chrX	45587683	45687682	inversion	None	clonal	c2,c3	0.4000	40
e1	c50p40m10	6	40	10	4	36	60	e1_035	chrX	48302805	48402804	deletion	None	clonal	c2,c3	0.4000	40
e1	c50p40m10	6	40	10	4	36	60	e1_036	chrX	48428654	48528653	tandem duplication	2	clonal	c2,c3	0.4000	40
e1	c50p40m10	6	40	10	4	36	60	e1_037	chrX	51997400	52097399	inversion	None	c2_private	c2	0.0400	4
e1	c50p40m10	6	40	10	4	36	60	e1_038	chrX	52835055	52935054	tandem duplication	2	c2_private	c2	0.0400	4
e1	c50p40m10	6	40	10	4	36	60	e1_039	chrX	54189756	54289755	deletion	None	c2_private	c2	0.0400	4
e1	c50p40m10	6	40	10	4	36	60	e1_040	chrX	64367754	64467753	tandem duplication	2	c2_private	c2	0.0400	4
e1	c50p40m10	6	40	10	4	36	60	e1_041	chrX	64652388	64752387	tandem duplication	2	c2_private	c2	0.0400	4
e1	c50p40m10	6	40	10	4	36	60	e1_042	chrX	65183647	65283646	tandem duplication	2	c2_private	c2	0.0400	4
e1	c50p40m10	6	40	10	4	36	60	e1_043	chrX	66718070	66818069	deletion	None	c2_private	c2	0.0400	4
e1	c50p40m10	6	40	10	4	36	60	e1_044	chrX	71456470	71556469	deletion	None	c2_private	c2	0.0400	4
e1	c50p40m10	6	40	10	4	36	60	e1_045	chrX	71644359	71744358	inversion	None	c2_private	c2	0.0400	4
e1	c50p40m10	6	40	10	4	36	60	e1_046	chrX	72325609	72425608	tandem duplication	2	c2_private	c2	0.0400	4
e1	c50p40m10	6	40	10	4	36	60	e1_047	chrX	72503747	72603746	inversion	None	c2_private	c2	0.0400	4
e1	c50p40m10	6	40	10	4	36	60	e1_048	chrX	72713963	72813962	tandem duplication	2	c2_private	c2	0.0400	4
e1	c50p40m10	6	40	10	4	36	60	e1_049	chrX	74443743	74543742	deletion	None	c2_private	c2	0.0400	4
e1	c50p40m10	6	40	10	4	36	60	e1_050	chrX	74715145	74815144	deletion	None	c2_private	c2	0.0400	4
e1	c50p40m10	6	40	10	4	36	60	e1_051	chrX	77762447	77862446	tandem duplication	2	c2_private	c2	0.0400	4
e1	c50p40m10	6	40	10	4	36	60	e1_052	chrX	77949336	78049335	deletion	None	c2_private	c2	0.0400	4
e1	c50p40m10	6	40	10	4	36	60	e1_053	chrX	78985331	79085330	tandem duplication	2	c2_private	c2	0.0400	4
e1	c50p40m10	6	40	10	4	36	60	e1_054	chrX	79917083	80017082	deletion	None	c2_private	c2	0.0400	4
e1	c50p40m10	6	40	10	4	36	60	e1_055	chrX	80341100	80441099	deletion	None	c2_private	c2	0.0400	4
e1	c50p40m10	6	40	10	4	36	60	e1_056	chrX	80990934	81090933	inversion	None	c2_private	c2	0.0400	4
e1	c50p40m10	6	40	10	4	36	60	e1_057	chrX	81587193	81687192	inversion	None	c2_private	c2	0.0400	4
e1	c50p40m10	6	40	10	4	36	60	e1_058	chrX	87271178	87371177	deletion	None	c2_private	c2	0.0400	4
e1	c50p40m10	6	40	10	4	36	60	e1_059	chrX	87448978	87548977	inversion	None	c2_private	c2	0.0400	4
e1	c50p40m10	6	40	10	4	36	60	e1_060	chrX	88270867	88370866	tandem duplication	2	c2_private	c2	0.0400	4
e1	c50p40m10	6	40	10	4	36	60	e1_061	chrX	90711299	90811298	inversion	None	c2_private	c2	0.0400	4
e1	c50p40m10	6	40	10	4	36	60	e1_062	chrX	90824787	90924786	tandem duplication	2	c2_private	c2	0.0400	4
e1	c50p40m10	6	40	10	4	36	60	e1_063	chrX	91490111	91590110	tandem duplication	2	c2_private	c2	0.0400	4
e1	c50p40m10	6	40	10	4	36	60	e1_064	chrX	91681649	91781648	deletion	None	c2_private	c2	0.0400	4
e1	c50p40m10	6	40	10	4	36	60	e1_065	chrX	95021316	95121315	inversion	None	c2_private	c2	0.0400	4
e1	c50p40m10	6	40	10	4	36	60	e1_066	chrX	96185229	96285228	inversion	None	c2_private	c2	0.0400	4
e1	c50p40m10	6	40	10	4	36	60	e1_067	chrX	96365853	96465852	tandem duplication	2	c2_private	c2	0.0400	4
e1	c50p40m10	6	40	10	4	36	60	e1_068	chrX	97185291	97285290	tandem duplication	2	c2_private	c2	0.0400	4
e1	c50p40m10	6	40	10	4	36	60	e1_069	chrX	98120471	98220470	inversion	None	c2_private	c2	0.0400	4
e1	c50p40m10	6	40	10	4	36	60	e1_070	chrX	99739980	99839979	inversion	None	c2_private	c2	0.0400	4
e1	c50p40m10	6	40	10	4	36	60	e1_071	chrX	103682488	103782487	tandem duplication	2	c2_private	c2	0.0400	4
e1	c50p40m10	6	40	10	4	36	60	e1_072	chrX	104390113	104490112	inversion	None	c2_private	c2	0.0400	4
e1	c50p40m10	6	40	10	4	36	60	e1_073	chrX	108688322	108788321	deletion	None	c3_private	c3	0.3600	36
e1	c50p40m10	6	40	10	4	36	60	e1_074	chrX	111452478	111552477	deletion	None	c3_private	c3	0.3600	36
e1	c50p40m10	6	40	10	4	36	60	e1_075	chrX	111980762	112080761	inversion	None	c3_private	c3	0.3600	36
e1	c50p40m10	6	40	10	4	36	60	e1_076	chrX	113794576	113894575	tandem duplication	2	c3_private	c3	0.3600	36
e1	c50p40m10	6	40	10	4	36	60	e1_077	chrX	117215849	117315848	inversion	None	c3_private	c3	0.3600	36
e1	c50p40m10	6	40	10	4	36	60	e1_078	chrX	117341371	117441370	tandem duplication	2	c3_private	c3	0.3600	36
e1	c50p40m10	6	40	10	4	36	60	e1_079	chrX	118267892	118367891	tandem duplication	2	c3_private	c3	0.3600	36
e1	c50p40m10	6	40	10	4	36	60	e1_080	chrX	119806400	119906399	tandem duplication	2	c3_private	c3	0.3600	36
e1	c50p40m10	6	40	10	4	36	60	e1_081	chrX	121150720	121250719	deletion	None	c3_private	c3	0.3600	36
e1	c50p40m10	6	40	10	4	36	60	e1_082	chrX	121649937	121749936	deletion	None	c3_private	c3	0.3600	36
e1	c50p40m10	6	40	10	4	36	60	e1_083	chrX	121838711	121938710	inversion	None	c3_private	c3	0.3600	36
e1	c50p40m10	6	40	10	4	36	60	e1_084	chrX	122642691	122742690	inversion	None	c3_private	c3	0.3600	36
e1	c50p40m10	6	40	10	4	36	60	e1_085	chrX	123084150	123184149	inversion	None	c3_private	c3	0.3600	36
e1	c50p40m10	6	40	10	4	36	60	e1_086	chrX	123745699	123845698	inversion	None	c3_private	c3	0.3600	36
e1	c50p40m10	6	40	10	4	36	60	e1_087	chrX	124051807	124151806	tandem duplication	2	c3_private	c3	0.3600	36
e1	c50p40m10	6	40	10	4	36	60	e1_088	chrX	125192690	125292689	inversion	None	c3_private	c3	0.3600	36
e1	c50p40m10	6	40	10	4	36	60	e1_089	chrX	127616962	127716961	inversion	None	c3_private	c3	0.3600	36
e1	c50p40m10	6	40	10	4	36	60	e1_090	chrX	128638984	128738983	deletion	None	c3_private	c3	0.3600	36
e1	c50p40m10	6	40	10	4	36	60	e1_091	chrX	131507952	131607951	tandem duplication	2	c3_private	c3	0.3600	36
e1	c50p40m10	6	40	10	4	36	60	e1_092	chrX	132155283	132255282	tandem duplication	2	c3_private	c3	0.3600	36
e1	c50p40m10	6	40	10	4	36	60	e1_093	chrX	133100879	133200878	inversion	None	c3_private	c3	0.3600	36
e1	c50p40m10	6	40	10	4	36	60	e1_094	chrX	134248129	134348128	tandem duplication	2	c3_private	c3	0.3600	36
e1	c50p40m10	6	40	10	4	36	60	e1_095	chrX	135191535	135291534	tandem duplication	2	c3_private	c3	0.3600	36
e1	c50p40m10	6	40	10	4	36	60	e1_096	chrX	135574003	135674002	inversion	None	c3_private	c3	0.3600	36
e1	c50p40m10	6	40	10	4	36	60	e1_097	chrX	138065358	138165357	tandem duplication	2	c3_private	c3	0.3600	36
e1	c50p40m10	6	40	10	4	36	60	e1_098	chrX	139008219	139108218	deletion	None	c3_private	c3	0.3600	36
e1	c50p40m10	6	40	10	4	36	60	e1_099	chrX	139757382	139857381	tandem duplication	2	c3_private	c3	0.3600	36
e1	c50p40m10	6	40	10	4	36	60	e1_100	chrX	140733352	140833351	tandem duplication	2	c3_private	c3	0.3600	36
e1	c50p40m10	6	40	10	4	36	60	e1_101	chrX	142533875	142633874	deletion	None	c3_private	c3	0.3600	36
e1	c50p40m10	6	40	10	4	36	60	e1_102	chrX	143689926	143789925	deletion	None	c3_private	c3	0.3600	36
e1	c50p40m10	6	40	10	4	36	60	e1_103	chrX	144987090	145087089	inversion	None	c3_private	c3	0.3600	36
e1	c50p40m10	6	40	10	4	36	60	e1_104	chrX	145425714	145525713	deletion	None	c3_private	c3	0.3600	36
e1	c50p40m10	6	40	10	4	36	60	e1_105	chrX	146887534	146987533	tandem duplication	2	c3_private	c3	0.3600	36
e1	c50p40m10	6	40	10	4	36	60	e1_106	chrX	147373941	147473940	inversion	None	c3_private	c3	0.3600	36
e1	c50p40m10	6	40	10	4	36	60	e1_107	chrX	149020794	149120793	tandem duplication	2	c3_private	c3	0.3600	36
e1	c50p40m10	6	40	10	4	36	60	e1_108	chrX	149123075	149223074	deletion	None	c3_private	c3	0.3600	36
e1	c50p40m10	6	40	10	4	36	60	e1_109	chrX	154292823	154392822	deletion	None	c3_private	c3	0.3600	36
e1	c50p40m30	7	40	30	12	28	60	e1_001	chrX	2832936	2932935	inversion	None	clonal	c2,c3	0.4000	40
e1	c50p40m30	7	40	30	12	28	60	e1_002	chrX	2970776	3070775	deletion	None	clonal	c2,c3	0.4000	40
e1	c50p40m30	7	40	30	12	28	60	e1_003	chrX	3563485	3663484	inversion	None	clonal	c2,c3	0.4000	40
e1	c50p40m30	7	40	30	12	28	60	e1_004	chrX	3818519	3918518	inversion	None	clonal	c2,c3	0.4000	40
e1	c50p40m30	7	40	30	12	28	60	e1_005	chrX	4672128	4772127	tandem duplication	2	clonal	c2,c3	0.4000	40
e1	c50p40m30	7	40	30	12	28	60	e1_006	chrX	5233503	5333502	deletion	None	clonal	c2,c3	0.4000	40
e1	c50p40m30	7	40	30	12	28	60	e1_007	chrX	6543875	6643874	tandem duplication	2	clonal	c2,c3	0.4000	40
e1	c50p40m30	7	40	30	12	28	60	e1_008	chrX	9603605	9703604	inversion	None	clonal	c2,c3	0.4000	40
e1	c50p40m30	7	40	30	12	28	60	e1_009	chrX	10232079	10332078	inversion	None	clonal	c2,c3	0.4000	40
e1	c50p40m30	7	40	30	12	28	60	e1_010	chrX	11063285	11163284	inversion	None	clonal	c2,c3	0.4000	40
e1	c50p40m30	7	40	30	12	28	60	e1_011	chrX	11695441	11795440	tandem duplication	2	clonal	c2,c3	0.4000	40
e1	c50p40m30	7	40	30	12	28	60	e1_012	chrX	12923319	13023318	deletion	None	clonal	c2,c3	0.4000	40
e1	c50p40m30	7	40	30	12	28	60	e1_013	chrX	13623023	13723022	deletion	None	clonal	c2,c3	0.4000	40
e1	c50p40m30	7	40	30	12	28	60	e1_014	chrX	13904122	14004121	deletion	None	clonal	c2,c3	0.4000	40
e1	c50p40m30	7	40	30	12	28	60	e1_015	chrX	15168670	15268669	inversion	None	clonal	c2,c3	0.4000	40
e1	c50p40m30	7	40	30	12	28	60	e1_016	chrX	15302420	15402419	tandem duplication	2	clonal	c2,c3	0.4000	40
e1	c50p40m30	7	40	30	12	28	60	e1_017	chrX	15620072	15720071	deletion	None	clonal	c2,c3	0.4000	40
e1	c50p40m30	7	40	30	12	28	60	e1_018	chrX	18715859	18815858	tandem duplication	2	clonal	c2,c3	0.4000	40
e1	c50p40m30	7	40	30	12	28	60	e1_019	chrX	19262220	19362219	deletion	None	clonal	c2,c3	0.4000	40
e1	c50p40m30	7	40	30	12	28	60	e1_020	chrX	19370030	19470029	inversion	None	clonal	c2,c3	0.4000	40
e1	c50p40m30	7	40	30	12	28	60	e1_021	chrX	19940500	20040499	inversion	None	clonal	c2,c3	0.4000	40
e1	c50p40m30	7	40	30	12	28	60	e1_022	chrX	27548664	27648663	inversion	None	clonal	c2,c3	0.4000	40
e1	c50p40m30	7	40	30	12	28	60	e1_023	chrX	32561614	32661613	tandem duplication	2	clonal	c2,c3	0.4000	40
e1	c50p40m30	7	40	30	12	28	60	e1_024	chrX	33922285	34022284	deletion	None	clonal	c2,c3	0.4000	40
e1	c50p40m30	7	40	30	12	28	60	e1_025	chrX	34425887	34525886	deletion	None	clonal	c2,c3	0.4000	40
e1	c50p40m30	7	40	30	12	28	60	e1_026	chrX	36559352	36659351	deletion	None	clonal	c2,c3	0.4000	40
e1	c50p40m30	7	40	30	12	28	60	e1_027	chrX	40112604	40212603	tandem duplication	2	clonal	c2,c3	0.4000	40
e1	c50p40m30	7	40	30	12	28	60	e1_028	chrX	40270712	40370711	deletion	None	clonal	c2,c3	0.4000	40
e1	c50p40m30	7	40	30	12	28	60	e1_029	chrX	40379921	40479920	deletion	None	clonal	c2,c3	0.4000	40
e1	c50p40m30	7	40	30	12	28	60	e1_030	chrX	42127066	42227065	deletion	None	clonal	c2,c3	0.4000	40
e1	c50p40m30	7	40	30	12	28	60	e1_031	chrX	43132234	43232233	inversion	None	clonal	c2,c3	0.4000	40
e1	c50p40m30	7	40	30	12	28	60	e1_032	chrX	43940261	44040260	deletion	None	clonal	c2,c3	0.4000	40
e1	c50p40m30	7	40	30	12	28	60	e1_033	chrX	45081984	45181983	deletion	None	clonal	c2,c3	0.4000	40
e1	c50p40m30	7	40	30	12	28	60	e1_034	chrX	45587683	45687682	inversion	None	clonal	c2,c3	0.4000	40
e1	c50p40m30	7	40	30	12	28	60	e1_035	chrX	48302805	48402804	deletion	None	clonal	c2,c3	0.4000	40
e1	c50p40m30	7	40	30	12	28	60	e1_036	chrX	48428654	48528653	tandem duplication	2	clonal	c2,c3	0.4000	40
e1	c50p40m30	7	40	30	12	28	60	e1_037	chrX	51997400	52097399	inversion	None	c2_private	c2	0.1200	12
e1	c50p40m30	7	40	30	12	28	60	e1_038	chrX	52835055	52935054	tandem duplication	2	c2_private	c2	0.1200	12
e1	c50p40m30	7	40	30	12	28	60	e1_039	chrX	54189756	54289755	deletion	None	c2_private	c2	0.1200	12
e1	c50p40m30	7	40	30	12	28	60	e1_040	chrX	64367754	64467753	tandem duplication	2	c2_private	c2	0.1200	12
e1	c50p40m30	7	40	30	12	28	60	e1_041	chrX	64652388	64752387	tandem duplication	2	c2_private	c2	0.1200	12
e1	c50p40m30	7	40	30	12	28	60	e1_042	chrX	65183647	65283646	tandem duplication	2	c2_private	c2	0.1200	12
e1	c50p40m30	7	40	30	12	28	60	e1_043	chrX	66718070	66818069	deletion	None	c2_private	c2	0.1200	12
e1	c50p40m30	7	40	30	12	28	60	e1_044	chrX	71456470	71556469	deletion	None	c2_private	c2	0.1200	12
e1	c50p40m30	7	40	30	12	28	60	e1_045	chrX	71644359	71744358	inversion	None	c2_private	c2	0.1200	12
e1	c50p40m30	7	40	30	12	28	60	e1_046	chrX	72325609	72425608	tandem duplication	2	c2_private	c2	0.1200	12
e1	c50p40m30	7	40	30	12	28	60	e1_047	chrX	72503747	72603746	inversion	None	c2_private	c2	0.1200	12
e1	c50p40m30	7	40	30	12	28	60	e1_048	chrX	72713963	72813962	tandem duplication	2	c2_private	c2	0.1200	12
e1	c50p40m30	7	40	30	12	28	60	e1_049	chrX	74443743	74543742	deletion	None	c2_private	c2	0.1200	12
e1	c50p40m30	7	40	30	12	28	60	e1_050	chrX	74715145	74815144	deletion	None	c2_private	c2	0.1200	12
e1	c50p40m30	7	40	30	12	28	60	e1_051	chrX	77762447	77862446	tandem duplication	2	c2_private	c2	0.1200	12
e1	c50p40m30	7	40	30	12	28	60	e1_052	chrX	77949336	78049335	deletion	None	c2_private	c2	0.1200	12
e1	c50p40m30	7	40	30	12	28	60	e1_053	chrX	78985331	79085330	tandem duplication	2	c2_private	c2	0.1200	12
e1	c50p40m30	7	40	30	12	28	60	e1_054	chrX	79917083	80017082	deletion	None	c2_private	c2	0.1200	12
e1	c50p40m30	7	40	30	12	28	60	e1_055	chrX	80341100	80441099	deletion	None	c2_private	c2	0.1200	12
e1	c50p40m30	7	40	30	12	28	60	e1_056	chrX	80990934	81090933	inversion	None	c2_private	c2	0.1200	12
e1	c50p40m30	7	40	30	12	28	60	e1_057	chrX	81587193	81687192	inversion	None	c2_private	c2	0.1200	12
e1	c50p40m30	7	40	30	12	28	60	e1_058	chrX	87271178	87371177	deletion	None	c2_private	c2	0.1200	12
e1	c50p40m30	7	40	30	12	28	60	e1_059	chrX	87448978	87548977	inversion	None	c2_private	c2	0.1200	12
e1	c50p40m30	7	40	30	12	28	60	e1_060	chrX	88270867	88370866	tandem duplication	2	c2_private	c2	0.1200	12
e1	c50p40m30	7	40	30	12	28	60	e1_061	chrX	90711299	90811298	inversion	None	c2_private	c2	0.1200	12
e1	c50p40m30	7	40	30	12	28	60	e1_062	chrX	90824787	90924786	tandem duplication	2	c2_private	c2	0.1200	12
e1	c50p40m30	7	40	30	12	28	60	e1_063	chrX	91490111	91590110	tandem duplication	2	c2_private	c2	0.1200	12
e1	c50p40m30	7	40	30	12	28	60	e1_064	chrX	91681649	91781648	deletion	None	c2_private	c2	0.1200	12
e1	c50p40m30	7	40	30	12	28	60	e1_065	chrX	95021316	95121315	inversion	None	c2_private	c2	0.1200	12
e1	c50p40m30	7	40	30	12	28	60	e1_066	chrX	96185229	96285228	inversion	None	c2_private	c2	0.1200	12
e1	c50p40m30	7	40	30	12	28	60	e1_067	chrX	96365853	96465852	tandem duplication	2	c2_private	c2	0.1200	12
e1	c50p40m30	7	40	30	12	28	60	e1_068	chrX	97185291	97285290	tandem duplication	2	c2_private	c2	0.1200	12
e1	c50p40m30	7	40	30	12	28	60	e1_069	chrX	98120471	98220470	inversion	None	c2_private	c2	0.1200	12
e1	c50p40m30	7	40	30	12	28	60	e1_070	chrX	99739980	99839979	inversion	None	c2_private	c2	0.1200	12
e1	c50p40m30	7	40	30	12	28	60	e1_071	chrX	103682488	103782487	tandem duplication	2	c2_private	c2	0.1200	12
e1	c50p40m30	7	40	30	12	28	60	e1_072	chrX	104390113	104490112	inversion	None	c2_private	c2	0.1200	12
e1	c50p40m30	7	40	30	12	28	60	e1_073	chrX	108688322	108788321	deletion	None	c3_private	c3	0.2800	28
e1	c50p40m30	7	40	30	12	28	60	e1_074	chrX	111452478	111552477	deletion	None	c3_private	c3	0.2800	28
e1	c50p40m30	7	40	30	12	28	60	e1_075	chrX	111980762	112080761	inversion	None	c3_private	c3	0.2800	28
e1	c50p40m30	7	40	30	12	28	60	e1_076	chrX	113794576	113894575	tandem duplication	2	c3_private	c3	0.2800	28
e1	c50p40m30	7	40	30	12	28	60	e1_077	chrX	117215849	117315848	inversion	None	c3_private	c3	0.2800	28
e1	c50p40m30	7	40	30	12	28	60	e1_078	chrX	117341371	117441370	tandem duplication	2	c3_private	c3	0.2800	28
e1	c50p40m30	7	40	30	12	28	60	e1_079	chrX	118267892	118367891	tandem duplication	2	c3_private	c3	0.2800	28
e1	c50p40m30	7	40	30	12	28	60	e1_080	chrX	119806400	119906399	tandem duplication	2	c3_private	c3	0.2800	28
e1	c50p40m30	7	40	30	12	28	60	e1_081	chrX	121150720	121250719	deletion	None	c3_private	c3	0.2800	28
e1	c50p40m30	7	40	30	12	28	60	e1_082	chrX	121649937	121749936	deletion	None	c3_private	c3	0.2800	28
e1	c50p40m30	7	40	30	12	28	60	e1_083	chrX	121838711	121938710	inversion	None	c3_private	c3	0.2800	28
e1	c50p40m30	7	40	30	12	28	60	e1_084	chrX	122642691	122742690	inversion	None	c3_private	c3	0.2800	28
e1	c50p40m30	7	40	30	12	28	60	e1_085	chrX	123084150	123184149	inversion	None	c3_private	c3	0.2800	28
e1	c50p40m30	7	40	30	12	28	60	e1_086	chrX	123745699	123845698	inversion	None	c3_private	c3	0.2800	28
e1	c50p40m30	7	40	30	12	28	60	e1_087	chrX	124051807	124151806	tandem duplication	2	c3_private	c3	0.2800	28
e1	c50p40m30	7	40	30	12	28	60	e1_088	chrX	125192690	125292689	inversion	None	c3_private	c3	0.2800	28
e1	c50p40m30	7	40	30	12	28	60	e1_089	chrX	127616962	127716961	inversion	None	c3_private	c3	0.2800	28
e1	c50p40m30	7	40	30	12	28	60	e1_090	chrX	128638984	128738983	deletion	None	c3_private	c3	0.2800	28
e1	c50p40m30	7	40	30	12	28	60	e1_091	chrX	131507952	131607951	tandem duplication	2	c3_private	c3	0.2800	28
e1	c50p40m30	7	40	30	12	28	60	e1_092	chrX	132155283	132255282	tandem duplication	2	c3_private	c3	0.2800	28
e1	c50p40m30	7	40	30	12	28	60	e1_093	chrX	133100879	133200878	inversion	None	c3_private	c3	0.2800	28
e1	c50p40m30	7	40	30	12	28	60	e1_094	chrX	134248129	134348128	tandem duplication	2	c3_private	c3	0.2800	28
e1	c50p40m30	7	40	30	12	28	60	e1_095	chrX	135191535	135291534	tandem duplication	2	c3_private	c3	0.2800	28
e1	c50p40m30	7	40	30	12	28	60	e1_096	chrX	135574003	135674002	inversion	None	c3_private	c3	0.2800	28
e1	c50p40m30	7	40	30	12	28	60	e1_097	chrX	138065358	138165357	tandem duplication	2	c3_private	c3	0.2800	28
e1	c50p40m30	7	40	30	12	28	60	e1_098	chrX	139008219	139108218	deletion	None	c3_private	c3	0.2800	28
e1	c50p40m30	7	40	30	12	28	60	e1_099	chrX	139757382	139857381	tandem duplication	2	c3_private	c3	0.2800	28
e1	c50p40m30	7	40	30	12	28	60	e1_100	chrX	140733352	140833351	tandem duplication	2	c3_private	c3	0.2800	28
e1	c50p40m30	7	40	30	12	28	60	e1_101	chrX	142533875	142633874	deletion	None	c3_private	c3	0.2800	28
e1	c50p40m30	7	40	30	12	28	60	e1_102	chrX	143689926	143789925	deletion	None	c3_private	c3	0.2800	28
e1	c50p40m30	7	40	30	12	28	60	e1_103	chrX	144987090	145087089	inversion	None	c3_private	c3	0.2800	28
e1	c50p40m30	7	40	30	12	28	60	e1_104	chrX	145425714	145525713	deletion	None	c3_private	c3	0.2800	28
e1	c50p40m30	7	40	30	12	28	60	e1_105	chrX	146887534	146987533	tandem duplication	2	c3_private	c3	0.2800	28
e1	c50p40m30	7	40	30	12	28	60	e1_106	chrX	147373941	147473940	inversion	None	c3_private	c3	0.2800	28
e1	c50p40m30	7	40	30	12	28	60	e1_107	chrX	149020794	149120793	tandem duplication	2	c3_private	c3	0.2800	28
e1	c50p40m30	7	40	30	12	28	60	e1_108	chrX	149123075	149223074	deletion	None	c3_private	c3	0.2800	28
e1	c50p40m30	7	40	30	12	28	60	e1_109	chrX	154292823	154392822	deletion	None	c3_private	c3	0.2800	28
e1	c50p40m50	8	40	50	20	20	60	e1_001	chrX	2832936	2932935	inversion	None	clonal	c2,c3	0.4000	40
e1	c50p40m50	8	40	50	20	20	60	e1_002	chrX	2970776	3070775	deletion	None	clonal	c2,c3	0.4000	40
e1	c50p40m50	8	40	50	20	20	60	e1_003	chrX	3563485	3663484	inversion	None	clonal	c2,c3	0.4000	40
e1	c50p40m50	8	40	50	20	20	60	e1_004	chrX	3818519	3918518	inversion	None	clonal	c2,c3	0.4000	40
e1	c50p40m50	8	40	50	20	20	60	e1_005	chrX	4672128	4772127	tandem duplication	2	clonal	c2,c3	0.4000	40
e1	c50p40m50	8	40	50	20	20	60	e1_006	chrX	5233503	5333502	deletion	None	clonal	c2,c3	0.4000	40
e1	c50p40m50	8	40	50	20	20	60	e1_007	chrX	6543875	6643874	tandem duplication	2	clonal	c2,c3	0.4000	40
e1	c50p40m50	8	40	50	20	20	60	e1_008	chrX	9603605	9703604	inversion	None	clonal	c2,c3	0.4000	40
e1	c50p40m50	8	40	50	20	20	60	e1_009	chrX	10232079	10332078	inversion	None	clonal	c2,c3	0.4000	40
e1	c50p40m50	8	40	50	20	20	60	e1_010	chrX	11063285	11163284	inversion	None	clonal	c2,c3	0.4000	40
e1	c50p40m50	8	40	50	20	20	60	e1_011	chrX	11695441	11795440	tandem duplication	2	clonal	c2,c3	0.4000	40
e1	c50p40m50	8	40	50	20	20	60	e1_012	chrX	12923319	13023318	deletion	None	clonal	c2,c3	0.4000	40
e1	c50p40m50	8	40	50	20	20	60	e1_013	chrX	13623023	13723022	deletion	None	clonal	c2,c3	0.4000	40
e1	c50p40m50	8	40	50	20	20	60	e1_014	chrX	13904122	14004121	deletion	None	clonal	c2,c3	0.4000	40
e1	c50p40m50	8	40	50	20	20	60	e1_015	chrX	15168670	15268669	inversion	None	clonal	c2,c3	0.4000	40
e1	c50p40m50	8	40	50	20	20	60	e1_016	chrX	15302420	15402419	tandem duplication	2	clonal	c2,c3	0.4000	40
e1	c50p40m50	8	40	50	20	20	60	e1_017	chrX	15620072	15720071	deletion	None	clonal	c2,c3	0.4000	40
e1	c50p40m50	8	40	50	20	20	60	e1_018	chrX	18715859	18815858	tandem duplication	2	clonal	c2,c3	0.4000	40
e1	c50p40m50	8	40	50	20	20	60	e1_019	chrX	19262220	19362219	deletion	None	clonal	c2,c3	0.4000	40
e1	c50p40m50	8	40	50	20	20	60	e1_020	chrX	19370030	19470029	inversion	None	clonal	c2,c3	0.4000	40
e1	c50p40m50	8	40	50	20	20	60	e1_021	chrX	19940500	20040499	inversion	None	clonal	c2,c3	0.4000	40
e1	c50p40m50	8	40	50	20	20	60	e1_022	chrX	27548664	27648663	inversion	None	clonal	c2,c3	0.4000	40
e1	c50p40m50	8	40	50	20	20	60	e1_023	chrX	32561614	32661613	tandem duplication	2	clonal	c2,c3	0.4000	40
e1	c50p40m50	8	40	50	20	20	60	e1_024	chrX	33922285	34022284	deletion	None	clonal	c2,c3	0.4000	40
e1	c50p40m50	8	40	50	20	20	60	e1_025	chrX	34425887	34525886	deletion	None	clonal	c2,c3	0.4000	40
e1	c50p40m50	8	40	50	20	20	60	e1_026	chrX	36559352	36659351	deletion	None	clonal	c2,c3	0.4000	40
e1	c50p40m50	8	40	50	20	20	60	e1_027	chrX	40112604	40212603	tandem duplication	2	clonal	c2,c3	0.4000	40
e1	c50p40m50	8	40	50	20	20	60	e1_028	chrX	40270712	40370711	deletion	None	clonal	c2,c3	0.4000	40
e1	c50p40m50	8	40	50	20	20	60	e1_029	chrX	40379921	40479920	deletion	None	clonal	c2,c3	0.4000	40
e1	c50p40m50	8	40	50	20	20	60	e1_030	chrX	42127066	42227065	deletion	None	clonal	c2,c3	0.4000	40
e1	c50p40m50	8	40	50	20	20	60	e1_031	chrX	43132234	43232233	inversion	None	clonal	c2,c3	0.4000	40
e1	c50p40m50	8	40	50	20	20	60	e1_032	chrX	43940261	44040260	deletion	None	clonal	c2,c3	0.4000	40
e1	c50p40m50	8	40	50	20	20	60	e1_033	chrX	45081984	45181983	deletion	None	clonal	c2,c3	0.4000	40
e1	c50p40m50	8	40	50	20	20	60	e1_034	chrX	45587683	45687682	inversion	None	clonal	c2,c3	0.4000	40
e1	c50p40m50	8	40	50	20	20	60	e1_035	chrX	48302805	48402804	deletion	None	clonal	c2,c3	0.4000	40
e1	c50p40m50	8	40	50	20	20	60	e1_036	chrX	48428654	48528653	tandem duplication	2	clonal	c2,c3	0.4000	40
e1	c50p40m50	8	40	50	20	20	60	e1_037	chrX	51997400	52097399	inversion	None	c2_private	c2	0.2000	20
e1	c50p40m50	8	40	50	20	20	60	e1_038	chrX	52835055	52935054	tandem duplication	2	c2_private	c2	0.2000	20
e1	c50p40m50	8	40	50	20	20	60	e1_039	chrX	54189756	54289755	deletion	None	c2_private	c2	0.2000	20
e1	c50p40m50	8	40	50	20	20	60	e1_040	chrX	64367754	64467753	tandem duplication	2	c2_private	c2	0.2000	20
e1	c50p40m50	8	40	50	20	20	60	e1_041	chrX	64652388	64752387	tandem duplication	2	c2_private	c2	0.2000	20
e1	c50p40m50	8	40	50	20	20	60	e1_042	chrX	65183647	65283646	tandem duplication	2	c2_private	c2	0.2000	20
e1	c50p40m50	8	40	50	20	20	60	e1_043	chrX	66718070	66818069	deletion	None	c2_private	c2	0.2000	20
e1	c50p40m50	8	40	50	20	20	60	e1_044	chrX	71456470	71556469	deletion	None	c2_private	c2	0.2000	20
e1	c50p40m50	8	40	50	20	20	60	e1_045	chrX	71644359	71744358	inversion	None	c2_private	c2	0.2000	20
e1	c50p40m50	8	40	50	20	20	60	e1_046	chrX	72325609	72425608	tandem duplication	2	c2_private	c2	0.2000	20
e1	c50p40m50	8	40	50	20	20	60	e1_047	chrX	72503747	72603746	inversion	None	c2_private	c2	0.2000	20
e1	c50p40m50	8	40	50	20	20	60	e1_048	chrX	72713963	72813962	tandem duplication	2	c2_private	c2	0.2000	20
e1	c50p40m50	8	40	50	20	20	60	e1_049	chrX	74443743	74543742	deletion	None	c2_private	c2	0.2000	20
e1	c50p40m50	8	40	50	20	20	60	e1_050	chrX	74715145	74815144	deletion	None	c2_private	c2	0.2000	20
e1	c50p40m50	8	40	50	20	20	60	e1_051	chrX	77762447	77862446	tandem duplication	2	c2_private	c2	0.2000	20
e1	c50p40m50	8	40	50	20	20	60	e1_052	chrX	77949336	78049335	deletion	None	c2_private	c2	0.2000	20
e1	c50p40m50	8	40	50	20	20	60	e1_053	chrX	78985331	79085330	tandem duplication	2	c2_private	c2	0.2000	20
e1	c50p40m50	8	40	50	20	20	60	e1_054	chrX	79917083	80017082	deletion	None	c2_private	c2	0.2000	20
e1	c50p40m50	8	40	50	20	20	60	e1_055	chrX	80341100	80441099	deletion	None	c2_private	c2	0.2000	20
e1	c50p40m50	8	40	50	20	20	60	e1_056	chrX	80990934	81090933	inversion	None	c2_private	c2	0.2000	20
e1	c50p40m50	8	40	50	20	20	60	e1_057	chrX	81587193	81687192	inversion	None	c2_private	c2	0.2000	20
e1	c50p40m50	8	40	50	20	20	60	e1_058	chrX	87271178	87371177	deletion	None	c2_private	c2	0.2000	20
e1	c50p40m50	8	40	50	20	20	60	e1_059	chrX	87448978	87548977	inversion	None	c2_private	c2	0.2000	20
e1	c50p40m50	8	40	50	20	20	60	e1_060	chrX	88270867	88370866	tandem duplication	2	c2_private	c2	0.2000	20
e1	c50p40m50	8	40	50	20	20	60	e1_061	chrX	90711299	90811298	inversion	None	c2_private	c2	0.2000	20
e1	c50p40m50	8	40	50	20	20	60	e1_062	chrX	90824787	90924786	tandem duplication	2	c2_private	c2	0.2000	20
e1	c50p40m50	8	40	50	20	20	60	e1_063	chrX	91490111	91590110	tandem duplication	2	c2_private	c2	0.2000	20
e1	c50p40m50	8	40	50	20	20	60	e1_064	chrX	91681649	91781648	deletion	None	c2_private	c2	0.2000	20
e1	c50p40m50	8	40	50	20	20	60	e1_065	chrX	95021316	95121315	inversion	None	c2_private	c2	0.2000	20
e1	c50p40m50	8	40	50	20	20	60	e1_066	chrX	96185229	96285228	inversion	None	c2_private	c2	0.2000	20
e1	c50p40m50	8	40	50	20	20	60	e1_067	chrX	96365853	96465852	tandem duplication	2	c2_private	c2	0.2000	20
e1	c50p40m50	8	40	50	20	20	60	e1_068	chrX	97185291	97285290	tandem duplication	2	c2_private	c2	0.2000	20
e1	c50p40m50	8	40	50	20	20	60	e1_069	chrX	98120471	98220470	inversion	None	c2_private	c2	0.2000	20
e1	c50p40m50	8	40	50	20	20	60	e1_070	chrX	99739980	99839979	inversion	None	c2_private	c2	0.2000	20
e1	c50p40m50	8	40	50	20	20	60	e1_071	chrX	103682488	103782487	tandem duplication	2	c2_private	c2	0.2000	20
e1	c50p40m50	8	40	50	20	20	60	e1_072	chrX	104390113	104490112	inversion	None	c2_private	c2	0.2000	20
e1	c50p40m50	8	40	50	20	20	60	e1_073	chrX	108688322	108788321	deletion	None	c3_private	c3	0.2000	20
e1	c50p40m50	8	40	50	20	20	60	e1_074	chrX	111452478	111552477	deletion	None	c3_private	c3	0.2000	20
e1	c50p40m50	8	40	50	20	20	60	e1_075	chrX	111980762	112080761	inversion	None	c3_private	c3	0.2000	20
e1	c50p40m50	8	40	50	20	20	60	e1_076	chrX	113794576	113894575	tandem duplication	2	c3_private	c3	0.2000	20
e1	c50p40m50	8	40	50	20	20	60	e1_077	chrX	117215849	117315848	inversion	None	c3_private	c3	0.2000	20
e1	c50p40m50	8	40	50	20	20	60	e1_078	chrX	117341371	117441370	tandem duplication	2	c3_private	c3	0.2000	20
e1	c50p40m50	8	40	50	20	20	60	e1_079	chrX	118267892	118367891	tandem duplication	2	c3_private	c3	0.2000	20
e1	c50p40m50	8	40	50	20	20	60	e1_080	chrX	119806400	119906399	tandem duplication	2	c3_private	c3	0.2000	20
e1	c50p40m50	8	40	50	20	20	60	e1_081	chrX	121150720	121250719	deletion	None	c3_private	c3	0.2000	20
e1	c50p40m50	8	40	50	20	20	60	e1_082	chrX	121649937	121749936	deletion	None	c3_private	c3	0.2000	20
e1	c50p40m50	8	40	50	20	20	60	e1_083	chrX	121838711	121938710	inversion	None	c3_private	c3	0.2000	20
e1	c50p40m50	8	40	50	20	20	60	e1_084	chrX	122642691	122742690	inversion	None	c3_private	c3	0.2000	20
e1	c50p40m50	8	40	50	20	20	60	e1_085	chrX	123084150	123184149	inversion	None	c3_private	c3	0.2000	20
e1	c50p40m50	8	40	50	20	20	60	e1_086	chrX	123745699	123845698	inversion	None	c3_private	c3	0.2000	20
e1	c50p40m50	8	40	50	20	20	60	e1_087	chrX	124051807	124151806	tandem duplication	2	c3_private	c3	0.2000	20
e1	c50p40m50	8	40	50	20	20	60	e1_088	chrX	125192690	125292689	inversion	None	c3_private	c3	0.2000	20
e1	c50p40m50	8	40	50	20	20	60	e1_089	chrX	127616962	127716961	inversion	None	c3_private	c3	0.2000	20
e1	c50p40m50	8	40	50	20	20	60	e1_090	chrX	128638984	128738983	deletion	None	c3_private	c3	0.2000	20
e1	c50p40m50	8	40	50	20	20	60	e1_091	chrX	131507952	131607951	tandem duplication	2	c3_private	c3	0.2000	20
e1	c50p40m50	8	40	50	20	20	60	e1_092	chrX	132155283	132255282	tandem duplication	2	c3_private	c3	0.2000	20
e1	c50p40m50	8	40	50	20	20	60	e1_093	chrX	133100879	133200878	inversion	None	c3_private	c3	0.2000	20
e1	c50p40m50	8	40	50	20	20	60	e1_094	chrX	134248129	134348128	tandem duplication	2	c3_private	c3	0.2000	20
e1	c50p40m50	8	40	50	20	20	60	e1_095	chrX	135191535	135291534	tandem duplication	2	c3_private	c3	0.2000	20
e1	c50p40m50	8	40	50	20	20	60	e1_096	chrX	135574003	135674002	inversion	None	c3_private	c3	0.2000	20
e1	c50p40m50	8	40	50	20	20	60	e1_097	chrX	138065358	138165357	tandem duplication	2	c3_private	c3	0.2000	20
e1	c50p40m50	8	40	50	20	20	60	e1_098	chrX	139008219	139108218	deletion	None	c3_private	c3	0.2000	20
e1	c50p40m50	8	40	50	20	20	60	e1_099	chrX	139757382	139857381	tandem duplication	2	c3_private	c3	0.2000	20
e1	c50p40m50	8	40	50	20	20	60	e1_100	chrX	140733352	140833351	tandem duplication	2	c3_private	c3	0.2000	20
e1	c50p40m50	8	40	50	20	20	60	e1_101	chrX	142533875	142633874	deletion	None	c3_private	c3	0.2000	20
e1	c50p40m50	8	40	50	20	20	60	e1_102	chrX	143689926	143789925	deletion	None	c3_private	c3	0.2000	20
e1	c50p40m50	8	40	50	20	20	60	e1_103	chrX	144987090	145087089	inversion	None	c3_private	c3	0.2000	20
e1	c50p40m50	8	40	50	20	20	60	e1_104	chrX	145425714	145525713	deletion	None	c3_private	c3	0.2000	20
e1	c50p40m50	8	40	50	20	20	60	e1_105	chrX	146887534	146987533	tandem duplication	2	c3_private	c3	0.2000	20
e1	c50p40m50	8	40	50	20	20	60	e1_106	chrX	147373941	147473940	inversion	None	c3_private	c3	0.2000	20
e1	c50p40m50	8	40	50	20	20	60	e1_107	chrX	149020794	149120793	tandem duplication	2	c3_private	c3	0.2000	20
e1	c50p40m50	8	40	50	20	20	60	e1_108	chrX	149123075	149223074	deletion	None	c3_private	c3	0.2000	20
e1	c50p40m50	8	40	50	20	20	60	e1_109	chrX	154292823	154392822	deletion	None	c3_private	c3	0.2000	20
e1	c50p60m10	9	60	10	6	54	40	e1_001	chrX	2832936	2932935	inversion	None	clonal	c2,c3	0.6000	60
e1	c50p60m10	9	60	10	6	54	40	e1_002	chrX	2970776	3070775	deletion	None	clonal	c2,c3	0.6000	60
e1	c50p60m10	9	60	10	6	54	40	e1_003	chrX	3563485	3663484	inversion	None	clonal	c2,c3	0.6000	60
e1	c50p60m10	9	60	10	6	54	40	e1_004	chrX	3818519	3918518	inversion	None	clonal	c2,c3	0.6000	60
e1	c50p60m10	9	60	10	6	54	40	e1_005	chrX	4672128	4772127	tandem duplication	2	clonal	c2,c3	0.6000	60
e1	c50p60m10	9	60	10	6	54	40	e1_006	chrX	5233503	5333502	deletion	None	clonal	c2,c3	0.6000	60
e1	c50p60m10	9	60	10	6	54	40	e1_007	chrX	6543875	6643874	tandem duplication	2	clonal	c2,c3	0.6000	60
e1	c50p60m10	9	60	10	6	54	40	e1_008	chrX	9603605	9703604	inversion	None	clonal	c2,c3	0.6000	60
e1	c50p60m10	9	60	10	6	54	40	e1_009	chrX	10232079	10332078	inversion	None	clonal	c2,c3	0.6000	60
e1	c50p60m10	9	60	10	6	54	40	e1_010	chrX	11063285	11163284	inversion	None	clonal	c2,c3	0.6000	60
e1	c50p60m10	9	60	10	6	54	40	e1_011	chrX	11695441	11795440	tandem duplication	2	clonal	c2,c3	0.6000	60
e1	c50p60m10	9	60	10	6	54	40	e1_012	chrX	12923319	13023318	deletion	None	clonal	c2,c3	0.6000	60
e1	c50p60m10	9	60	10	6	54	40	e1_013	chrX	13623023	13723022	deletion	None	clonal	c2,c3	0.6000	60
e1	c50p60m10	9	60	10	6	54	40	e1_014	chrX	13904122	14004121	deletion	None	clonal	c2,c3	0.6000	60
e1	c50p60m10	9	60	10	6	54	40	e1_015	chrX	15168670	15268669	inversion	None	clonal	c2,c3	0.6000	60
e1	c50p60m10	9	60	10	6	54	40	e1_016	chrX	15302420	15402419	tandem duplication	2	clonal	c2,c3	0.6000	60
e1	c50p60m10	9	60	10	6	54	40	e1_017	chrX	15620072	15720071	deletion	None	clonal	c2,c3	0.6000	60
e1	c50p60m10	9	60	10	6	54	40	e1_018	chrX	18715859	18815858	tandem duplication	2	clonal	c2,c3	0.6000	60
e1	c50p60m10	9	60	10	6	54	40	e1_019	chrX	19262220	19362219	deletion	None	clonal	c2,c3	0.6000	60
e1	c50p60m10	9	60	10	6	54	40	e1_020	chrX	19370030	19470029	inversion	None	clonal	c2,c3	0.6000	60
e1	c50p60m10	9	60	10	6	54	40	e1_021	chrX	19940500	20040499	inversion	None	clonal	c2,c3	0.6000	60
e1	c50p60m10	9	60	10	6	54	40	e1_022	chrX	27548664	27648663	inversion	None	clonal	c2,c3	0.6000	60
e1	c50p60m10	9	60	10	6	54	40	e1_023	chrX	32561614	32661613	tandem duplication	2	clonal	c2,c3	0.6000	60
e1	c50p60m10	9	60	10	6	54	40	e1_024	chrX	33922285	34022284	deletion	None	clonal	c2,c3	0.6000	60
e1	c50p60m10	9	60	10	6	54	40	e1_025	chrX	34425887	34525886	deletion	None	clonal	c2,c3	0.6000	60
e1	c50p60m10	9	60	10	6	54	40	e1_026	chrX	36559352	36659351	deletion	None	clonal	c2,c3	0.6000	60
e1	c50p60m10	9	60	10	6	54	40	e1_027	chrX	40112604	40212603	tandem duplication	2	clonal	c2,c3	0.6000	60
e1	c50p60m10	9	60	10	6	54	40	e1_028	chrX	40270712	40370711	deletion	None	clonal	c2,c3	0.6000	60
e1	c50p60m10	9	60	10	6	54	40	e1_029	chrX	40379921	40479920	deletion	None	clonal	c2,c3	0.6000	60
e1	c50p60m10	9	60	10	6	54	40	e1_030	chrX	42127066	42227065	deletion	None	clonal	c2,c3	0.6000	60
e1	c50p60m10	9	60	10	6	54	40	e1_031	chrX	43132234	43232233	inversion	None	clonal	c2,c3	0.6000	60
e1	c50p60m10	9	60	10	6	54	40	e1_032	chrX	43940261	44040260	deletion	None	clonal	c2,c3	0.6000	60
e1	c50p60m10	9	60	10	6	54	40	e1_033	chrX	45081984	45181983	deletion	None	clonal	c2,c3	0.6000	60
e1	c50p60m10	9	60	10	6	54	40	e1_034	chrX	45587683	45687682	inversion	None	clonal	c2,c3	0.6000	60
e1	c50p60m10	9	60	10	6	54	40	e1_035	chrX	48302805	48402804	deletion	None	clonal	c2,c3	0.6000	60
e1	c50p60m10	9	60	10	6	54	40	e1_036	chrX	48428654	48528653	tandem duplication	2	clonal	c2,c3	0.6000	60
e1	c50p60m10	9	60	10	6	54	40	e1_037	chrX	51997400	52097399	inversion	None	c2_private	c2	0.0600	6
e1	c50p60m10	9	60	10	6	54	40	e1_038	chrX	52835055	52935054	tandem duplication	2	c2_private	c2	0.0600	6
e1	c50p60m10	9	60	10	6	54	40	e1_039	chrX	54189756	54289755	deletion	None	c2_private	c2	0.0600	6
e1	c50p60m10	9	60	10	6	54	40	e1_040	chrX	64367754	64467753	tandem duplication	2	c2_private	c2	0.0600	6
e1	c50p60m10	9	60	10	6	54	40	e1_041	chrX	64652388	64752387	tandem duplication	2	c2_private	c2	0.0600	6
e1	c50p60m10	9	60	10	6	54	40	e1_042	chrX	65183647	65283646	tandem duplication	2	c2_private	c2	0.0600	6
e1	c50p60m10	9	60	10	6	54	40	e1_043	chrX	66718070	66818069	deletion	None	c2_private	c2	0.0600	6
e1	c50p60m10	9	60	10	6	54	40	e1_044	chrX	71456470	71556469	deletion	None	c2_private	c2	0.0600	6
e1	c50p60m10	9	60	10	6	54	40	e1_045	chrX	71644359	71744358	inversion	None	c2_private	c2	0.0600	6
e1	c50p60m10	9	60	10	6	54	40	e1_046	chrX	72325609	72425608	tandem duplication	2	c2_private	c2	0.0600	6
e1	c50p60m10	9	60	10	6	54	40	e1_047	chrX	72503747	72603746	inversion	None	c2_private	c2	0.0600	6
e1	c50p60m10	9	60	10	6	54	40	e1_048	chrX	72713963	72813962	tandem duplication	2	c2_private	c2	0.0600	6
e1	c50p60m10	9	60	10	6	54	40	e1_049	chrX	74443743	74543742	deletion	None	c2_private	c2	0.0600	6
e1	c50p60m10	9	60	10	6	54	40	e1_050	chrX	74715145	74815144	deletion	None	c2_private	c2	0.0600	6
e1	c50p60m10	9	60	10	6	54	40	e1_051	chrX	77762447	77862446	tandem duplication	2	c2_private	c2	0.0600	6
e1	c50p60m10	9	60	10	6	54	40	e1_052	chrX	77949336	78049335	deletion	None	c2_private	c2	0.0600	6
e1	c50p60m10	9	60	10	6	54	40	e1_053	chrX	78985331	79085330	tandem duplication	2	c2_private	c2	0.0600	6
e1	c50p60m10	9	60	10	6	54	40	e1_054	chrX	79917083	80017082	deletion	None	c2_private	c2	0.0600	6
e1	c50p60m10	9	60	10	6	54	40	e1_055	chrX	80341100	80441099	deletion	None	c2_private	c2	0.0600	6
e1	c50p60m10	9	60	10	6	54	40	e1_056	chrX	80990934	81090933	inversion	None	c2_private	c2	0.0600	6
e1	c50p60m10	9	60	10	6	54	40	e1_057	chrX	81587193	81687192	inversion	None	c2_private	c2	0.0600	6
e1	c50p60m10	9	60	10	6	54	40	e1_058	chrX	87271178	87371177	deletion	None	c2_private	c2	0.0600	6
e1	c50p60m10	9	60	10	6	54	40	e1_059	chrX	87448978	87548977	inversion	None	c2_private	c2	0.0600	6
e1	c50p60m10	9	60	10	6	54	40	e1_060	chrX	88270867	88370866	tandem duplication	2	c2_private	c2	0.0600	6
e1	c50p60m10	9	60	10	6	54	40	e1_061	chrX	90711299	90811298	inversion	None	c2_private	c2	0.0600	6
e1	c50p60m10	9	60	10	6	54	40	e1_062	chrX	90824787	90924786	tandem duplication	2	c2_private	c2	0.0600	6
e1	c50p60m10	9	60	10	6	54	40	e1_063	chrX	91490111	91590110	tandem duplication	2	c2_private	c2	0.0600	6
e1	c50p60m10	9	60	10	6	54	40	e1_064	chrX	91681649	91781648	deletion	None	c2_private	c2	0.0600	6
e1	c50p60m10	9	60	10	6	54	40	e1_065	chrX	95021316	95121315	inversion	None	c2_private	c2	0.0600	6
e1	c50p60m10	9	60	10	6	54	40	e1_066	chrX	96185229	96285228	inversion	None	c2_private	c2	0.0600	6
e1	c50p60m10	9	60	10	6	54	40	e1_067	chrX	96365853	96465852	tandem duplication	2	c2_private	c2	0.0600	6
e1	c50p60m10	9	60	10	6	54	40	e1_068	chrX	97185291	97285290	tandem duplication	2	c2_private	c2	0.0600	6
e1	c50p60m10	9	60	10	6	54	40	e1_069	chrX	98120471	98220470	inversion	None	c2_private	c2	0.0600	6
e1	c50p60m10	9	60	10	6	54	40	e1_070	chrX	99739980	99839979	inversion	None	c2_private	c2	0.0600	6
e1	c50p60m10	9	60	10	6	54	40	e1_071	chrX	103682488	103782487	tandem duplication	2	c2_private	c2	0.0600	6
e1	c50p60m10	9	60	10	6	54	40	e1_072	chrX	104390113	104490112	inversion	None	c2_private	c2	0.0600	6
e1	c50p60m10	9	60	10	6	54	40	e1_073	chrX	108688322	108788321	deletion	None	c3_private	c3	0.5400	54
e1	c50p60m10	9	60	10	6	54	40	e1_074	chrX	111452478	111552477	deletion	None	c3_private	c3	0.5400	54
e1	c50p60m10	9	60	10	6	54	40	e1_075	chrX	111980762	112080761	inversion	None	c3_private	c3	0.5400	54
e1	c50p60m10	9	60	10	6	54	40	e1_076	chrX	113794576	113894575	tandem duplication	2	c3_private	c3	0.5400	54
e1	c50p60m10	9	60	10	6	54	40	e1_077	chrX	117215849	117315848	inversion	None	c3_private	c3	0.5400	54
e1	c50p60m10	9	60	10	6	54	40	e1_078	chrX	117341371	117441370	tandem duplication	2	c3_private	c3	0.5400	54
e1	c50p60m10	9	60	10	6	54	40	e1_079	chrX	118267892	118367891	tandem duplication	2	c3_private	c3	0.5400	54
e1	c50p60m10	9	60	10	6	54	40	e1_080	chrX	119806400	119906399	tandem duplication	2	c3_private	c3	0.5400	54
e1	c50p60m10	9	60	10	6	54	40	e1_081	chrX	121150720	121250719	deletion	None	c3_private	c3	0.5400	54
e1	c50p60m10	9	60	10	6	54	40	e1_082	chrX	121649937	121749936	deletion	None	c3_private	c3	0.5400	54
e1	c50p60m10	9	60	10	6	54	40	e1_083	chrX	121838711	121938710	inversion	None	c3_private	c3	0.5400	54
e1	c50p60m10	9	60	10	6	54	40	e1_084	chrX	122642691	122742690	inversion	None	c3_private	c3	0.5400	54
e1	c50p60m10	9	60	10	6	54	40	e1_085	chrX	123084150	123184149	inversion	None	c3_private	c3	0.5400	54
e1	c50p60m10	9	60	10	6	54	40	e1_086	chrX	123745699	123845698	inversion	None	c3_private	c3	0.5400	54
e1	c50p60m10	9	60	10	6	54	40	e1_087	chrX	124051807	124151806	tandem duplication	2	c3_private	c3	0.5400	54
e1	c50p60m10	9	60	10	6	54	40	e1_088	chrX	125192690	125292689	inversion	None	c3_private	c3	0.5400	54
e1	c50p60m10	9	60	10	6	54	40	e1_089	chrX	127616962	127716961	inversion	None	c3_private	c3	0.5400	54
e1	c50p60m10	9	60	10	6	54	40	e1_090	chrX	128638984	128738983	deletion	None	c3_private	c3	0.5400	54
e1	c50p60m10	9	60	10	6	54	40	e1_091	chrX	131507952	131607951	tandem duplication	2	c3_private	c3	0.5400	54
e1	c50p60m10	9	60	10	6	54	40	e1_092	chrX	132155283	132255282	tandem duplication	2	c3_private	c3	0.5400	54
e1	c50p60m10	9	60	10	6	54	40	e1_093	chrX	133100879	133200878	inversion	None	c3_private	c3	0.5400	54
e1	c50p60m10	9	60	10	6	54	40	e1_094	chrX	134248129	134348128	tandem duplication	2	c3_private	c3	0.5400	54
e1	c50p60m10	9	60	10	6	54	40	e1_095	chrX	135191535	135291534	tandem duplication	2	c3_private	c3	0.5400	54
e1	c50p60m10	9	60	10	6	54	40	e1_096	chrX	135574003	135674002	inversion	None	c3_private	c3	0.5400	54
e1	c50p60m10	9	60	10	6	54	40	e1_097	chrX	138065358	138165357	tandem duplication	2	c3_private	c3	0.5400	54
e1	c50p60m10	9	60	10	6	54	40	e1_098	chrX	139008219	139108218	deletion	None	c3_private	c3	0.5400	54
e1	c50p60m10	9	60	10	6	54	40	e1_099	chrX	139757382	139857381	tandem duplication	2	c3_private	c3	0.5400	54
e1	c50p60m10	9	60	10	6	54	40	e1_100	chrX	140733352	140833351	tandem duplication	2	c3_private	c3	0.5400	54
e1	c50p60m10	9	60	10	6	54	40	e1_101	chrX	142533875	142633874	deletion	None	c3_private	c3	0.5400	54
e1	c50p60m10	9	60	10	6	54	40	e1_102	chrX	143689926	143789925	deletion	None	c3_private	c3	0.5400	54
e1	c50p60m10	9	60	10	6	54	40	e1_103	chrX	144987090	145087089	inversion	None	c3_private	c3	0.5400	54
e1	c50p60m10	9	60	10	6	54	40	e1_104	chrX	145425714	145525713	deletion	None	c3_private	c3	0.5400	54
e1	c50p60m10	9	60	10	6	54	40	e1_105	chrX	146887534	146987533	tandem duplication	2	c3_private	c3	0.5400	54
e1	c50p60m10	9	60	10	6	54	40	e1_106	chrX	147373941	147473940	inversion	None	c3_private	c3	0.5400	54
e1	c50p60m10	9	60	10	6	54	40	e1_107	chrX	149020794	149120793	tandem duplication	2	c3_private	c3	0.5400	54
e1	c50p60m10	9	60	10	6	54	40	e1_108	chrX	149123075	149223074	deletion	None	c3_private	c3	0.5400	54
e1	c50p60m10	9	60	10	6	54	40	e1_109	chrX	154292823	154392822	deletion	None	c3_private	c3	0.5400	54
e1	c50p60m30	10	60	30	18	42	40	e1_001	chrX	2832936	2932935	inversion	None	clonal	c2,c3	0.6000	60
e1	c50p60m30	10	60	30	18	42	40	e1_002	chrX	2970776	3070775	deletion	None	clonal	c2,c3	0.6000	60
e1	c50p60m30	10	60	30	18	42	40	e1_003	chrX	3563485	3663484	inversion	None	clonal	c2,c3	0.6000	60
e1	c50p60m30	10	60	30	18	42	40	e1_004	chrX	3818519	3918518	inversion	None	clonal	c2,c3	0.6000	60
e1	c50p60m30	10	60	30	18	42	40	e1_005	chrX	4672128	4772127	tandem duplication	2	clonal	c2,c3	0.6000	60
e1	c50p60m30	10	60	30	18	42	40	e1_006	chrX	5233503	5333502	deletion	None	clonal	c2,c3	0.6000	60
e1	c50p60m30	10	60	30	18	42	40	e1_007	chrX	6543875	6643874	tandem duplication	2	clonal	c2,c3	0.6000	60
e1	c50p60m30	10	60	30	18	42	40	e1_008	chrX	9603605	9703604	inversion	None	clonal	c2,c3	0.6000	60
e1	c50p60m30	10	60	30	18	42	40	e1_009	chrX	10232079	10332078	inversion	None	clonal	c2,c3	0.6000	60
e1	c50p60m30	10	60	30	18	42	40	e1_010	chrX	11063285	11163284	inversion	None	clonal	c2,c3	0.6000	60
e1	c50p60m30	10	60	30	18	42	40	e1_011	chrX	11695441	11795440	tandem duplication	2	clonal	c2,c3	0.6000	60
e1	c50p60m30	10	60	30	18	42	40	e1_012	chrX	12923319	13023318	deletion	None	clonal	c2,c3	0.6000	60
e1	c50p60m30	10	60	30	18	42	40	e1_013	chrX	13623023	13723022	deletion	None	clonal	c2,c3	0.6000	60
e1	c50p60m30	10	60	30	18	42	40	e1_014	chrX	13904122	14004121	deletion	None	clonal	c2,c3	0.6000	60
e1	c50p60m30	10	60	30	18	42	40	e1_015	chrX	15168670	15268669	inversion	None	clonal	c2,c3	0.6000	60
e1	c50p60m30	10	60	30	18	42	40	e1_016	chrX	15302420	15402419	tandem duplication	2	clonal	c2,c3	0.6000	60
e1	c50p60m30	10	60	30	18	42	40	e1_017	chrX	15620072	15720071	deletion	None	clonal	c2,c3	0.6000	60
e1	c50p60m30	10	60	30	18	42	40	e1_018	chrX	18715859	18815858	tandem duplication	2	clonal	c2,c3	0.6000	60
e1	c50p60m30	10	60	30	18	42	40	e1_019	chrX	19262220	19362219	deletion	None	clonal	c2,c3	0.6000	60
e1	c50p60m30	10	60	30	18	42	40	e1_020	chrX	19370030	19470029	inversion	None	clonal	c2,c3	0.6000	60
e1	c50p60m30	10	60	30	18	42	40	e1_021	chrX	19940500	20040499	inversion	None	clonal	c2,c3	0.6000	60
e1	c50p60m30	10	60	30	18	42	40	e1_022	chrX	27548664	27648663	inversion	None	clonal	c2,c3	0.6000	60
e1	c50p60m30	10	60	30	18	42	40	e1_023	chrX	32561614	32661613	tandem duplication	2	clonal	c2,c3	0.6000	60
e1	c50p60m30	10	60	30	18	42	40	e1_024	chrX	33922285	34022284	deletion	None	clonal	c2,c3	0.6000	60
e1	c50p60m30	10	60	30	18	42	40	e1_025	chrX	34425887	34525886	deletion	None	clonal	c2,c3	0.6000	60
e1	c50p60m30	10	60	30	18	42	40	e1_026	chrX	36559352	36659351	deletion	None	clonal	c2,c3	0.6000	60
e1	c50p60m30	10	60	30	18	42	40	e1_027	chrX	40112604	40212603	tandem duplication	2	clonal	c2,c3	0.6000	60
e1	c50p60m30	10	60	30	18	42	40	e1_028	chrX	40270712	40370711	deletion	None	clonal	c2,c3	0.6000	60
e1	c50p60m30	10	60	30	18	42	40	e1_029	chrX	40379921	40479920	deletion	None	clonal	c2,c3	0.6000	60
e1	c50p60m30	10	60	30	18	42	40	e1_030	chrX	42127066	42227065	deletion	None	clonal	c2,c3	0.6000	60
e1	c50p60m30	10	60	30	18	42	40	e1_031	chrX	43132234	43232233	inversion	None	clonal	c2,c3	0.6000	60
e1	c50p60m30	10	60	30	18	42	40	e1_032	chrX	43940261	44040260	deletion	None	clonal	c2,c3	0.6000	60
e1	c50p60m30	10	60	30	18	42	40	e1_033	chrX	45081984	45181983	deletion	None	clonal	c2,c3	0.6000	60
e1	c50p60m30	10	60	30	18	42	40	e1_034	chrX	45587683	45687682	inversion	None	clonal	c2,c3	0.6000	60
e1	c50p60m30	10	60	30	18	42	40	e1_035	chrX	48302805	48402804	deletion	None	clonal	c2,c3	0.6000	60
e1	c50p60m30	10	60	30	18	42	40	e1_036	chrX	48428654	48528653	tandem duplication	2	clonal	c2,c3	0.6000	60
e1	c50p60m30	10	60	30	18	42	40	e1_037	chrX	51997400	52097399	inversion	None	c2_private	c2	0.1800	18
e1	c50p60m30	10	60	30	18	42	40	e1_038	chrX	52835055	52935054	tandem duplication	2	c2_private	c2	0.1800	18
e1	c50p60m30	10	60	30	18	42	40	e1_039	chrX	54189756	54289755	deletion	None	c2_private	c2	0.1800	18
e1	c50p60m30	10	60	30	18	42	40	e1_040	chrX	64367754	64467753	tandem duplication	2	c2_private	c2	0.1800	18
e1	c50p60m30	10	60	30	18	42	40	e1_041	chrX	64652388	64752387	tandem duplication	2	c2_private	c2	0.1800	18
e1	c50p60m30	10	60	30	18	42	40	e1_042	chrX	65183647	65283646	tandem duplication	2	c2_private	c2	0.1800	18
e1	c50p60m30	10	60	30	18	42	40	e1_043	chrX	66718070	66818069	deletion	None	c2_private	c2	0.1800	18
e1	c50p60m30	10	60	30	18	42	40	e1_044	chrX	71456470	71556469	deletion	None	c2_private	c2	0.1800	18
e1	c50p60m30	10	60	30	18	42	40	e1_045	chrX	71644359	71744358	inversion	None	c2_private	c2	0.1800	18
e1	c50p60m30	10	60	30	18	42	40	e1_046	chrX	72325609	72425608	tandem duplication	2	c2_private	c2	0.1800	18
e1	c50p60m30	10	60	30	18	42	40	e1_047	chrX	72503747	72603746	inversion	None	c2_private	c2	0.1800	18
e1	c50p60m30	10	60	30	18	42	40	e1_048	chrX	72713963	72813962	tandem duplication	2	c2_private	c2	0.1800	18
e1	c50p60m30	10	60	30	18	42	40	e1_049	chrX	74443743	74543742	deletion	None	c2_private	c2	0.1800	18
e1	c50p60m30	10	60	30	18	42	40	e1_050	chrX	74715145	74815144	deletion	None	c2_private	c2	0.1800	18
e1	c50p60m30	10	60	30	18	42	40	e1_051	chrX	77762447	77862446	tandem duplication	2	c2_private	c2	0.1800	18
e1	c50p60m30	10	60	30	18	42	40	e1_052	chrX	77949336	78049335	deletion	None	c2_private	c2	0.1800	18
e1	c50p60m30	10	60	30	18	42	40	e1_053	chrX	78985331	79085330	tandem duplication	2	c2_private	c2	0.1800	18
e1	c50p60m30	10	60	30	18	42	40	e1_054	chrX	79917083	80017082	deletion	None	c2_private	c2	0.1800	18
e1	c50p60m30	10	60	30	18	42	40	e1_055	chrX	80341100	80441099	deletion	None	c2_private	c2	0.1800	18
e1	c50p60m30	10	60	30	18	42	40	e1_056	chrX	80990934	81090933	inversion	None	c2_private	c2	0.1800	18
e1	c50p60m30	10	60	30	18	42	40	e1_057	chrX	81587193	81687192	inversion	None	c2_private	c2	0.1800	18
e1	c50p60m30	10	60	30	18	42	40	e1_058	chrX	87271178	87371177	deletion	None	c2_private	c2	0.1800	18
e1	c50p60m30	10	60	30	18	42	40	e1_059	chrX	87448978	87548977	inversion	None	c2_private	c2	0.1800	18
e1	c50p60m30	10	60	30	18	42	40	e1_060	chrX	88270867	88370866	tandem duplication	2	c2_private	c2	0.1800	18
e1	c50p60m30	10	60	30	18	42	40	e1_061	chrX	90711299	90811298	inversion	None	c2_private	c2	0.1800	18
e1	c50p60m30	10	60	30	18	42	40	e1_062	chrX	90824787	90924786	tandem duplication	2	c2_private	c2	0.1800	18
e1	c50p60m30	10	60	30	18	42	40	e1_063	chrX	91490111	91590110	tandem duplication	2	c2_private	c2	0.1800	18
e1	c50p60m30	10	60	30	18	42	40	e1_064	chrX	91681649	91781648	deletion	None	c2_private	c2	0.1800	18
e1	c50p60m30	10	60	30	18	42	40	e1_065	chrX	95021316	95121315	inversion	None	c2_private	c2	0.1800	18
e1	c50p60m30	10	60	30	18	42	40	e1_066	chrX	96185229	96285228	inversion	None	c2_private	c2	0.1800	18
e1	c50p60m30	10	60	30	18	42	40	e1_067	chrX	96365853	96465852	tandem duplication	2	c2_private	c2	0.1800	18
e1	c50p60m30	10	60	30	18	42	40	e1_068	chrX	97185291	97285290	tandem duplication	2	c2_private	c2	0.1800	18
e1	c50p60m30	10	60	30	18	42	40	e1_069	chrX	98120471	98220470	inversion	None	c2_private	c2	0.1800	18
e1	c50p60m30	10	60	30	18	42	40	e1_070	chrX	99739980	99839979	inversion	None	c2_private	c2	0.1800	18
e1	c50p60m30	10	60	30	18	42	40	e1_071	chrX	103682488	103782487	tandem duplication	2	c2_private	c2	0.1800	18
e1	c50p60m30	10	60	30	18	42	40	e1_072	chrX	104390113	104490112	inversion	None	c2_private	c2	0.1800	18
e1	c50p60m30	10	60	30	18	42	40	e1_073	chrX	108688322	108788321	deletion	None	c3_private	c3	0.4200	42
e1	c50p60m30	10	60	30	18	42	40	e1_074	chrX	111452478	111552477	deletion	None	c3_private	c3	0.4200	42
e1	c50p60m30	10	60	30	18	42	40	e1_075	chrX	111980762	112080761	inversion	None	c3_private	c3	0.4200	42
e1	c50p60m30	10	60	30	18	42	40	e1_076	chrX	113794576	113894575	tandem duplication	2	c3_private	c3	0.4200	42
e1	c50p60m30	10	60	30	18	42	40	e1_077	chrX	117215849	117315848	inversion	None	c3_private	c3	0.4200	42
e1	c50p60m30	10	60	30	18	42	40	e1_078	chrX	117341371	117441370	tandem duplication	2	c3_private	c3	0.4200	42
e1	c50p60m30	10	60	30	18	42	40	e1_079	chrX	118267892	118367891	tandem duplication	2	c3_private	c3	0.4200	42
e1	c50p60m30	10	60	30	18	42	40	e1_080	chrX	119806400	119906399	tandem duplication	2	c3_private	c3	0.4200	42
e1	c50p60m30	10	60	30	18	42	40	e1_081	chrX	121150720	121250719	deletion	None	c3_private	c3	0.4200	42
e1	c50p60m30	10	60	30	18	42	40	e1_082	chrX	121649937	121749936	deletion	None	c3_private	c3	0.4200	42
e1	c50p60m30	10	60	30	18	42	40	e1_083	chrX	121838711	121938710	inversion	None	c3_private	c3	0.4200	42
e1	c50p60m30	10	60	30	18	42	40	e1_084	chrX	122642691	122742690	inversion	None	c3_private	c3	0.4200	42
e1	c50p60m30	10	60	30	18	42	40	e1_085	chrX	123084150	123184149	inversion	None	c3_private	c3	0.4200	42
e1	c50p60m30	10	60	30	18	42	40	e1_086	chrX	123745699	123845698	inversion	None	c3_private	c3	0.4200	42
e1	c50p60m30	10	60	30	18	42	40	e1_087	chrX	124051807	124151806	tandem duplication	2	c3_private	c3	0.4200	42
e1	c50p60m30	10	60	30	18	42	40	e1_088	chrX	125192690	125292689	inversion	None	c3_private	c3	0.4200	42
e1	c50p60m30	10	60	30	18	42	40	e1_089	chrX	127616962	127716961	inversion	None	c3_private	c3	0.4200	42
e1	c50p60m30	10	60	30	18	42	40	e1_090	chrX	128638984	128738983	deletion	None	c3_private	c3	0.4200	42
e1	c50p60m30	10	60	30	18	42	40	e1_091	chrX	131507952	131607951	tandem duplication	2	c3_private	c3	0.4200	42
e1	c50p60m30	10	60	30	18	42	40	e1_092	chrX	132155283	132255282	tandem duplication	2	c3_private	c3	0.4200	42
e1	c50p60m30	10	60	30	18	42	40	e1_093	chrX	133100879	133200878	inversion	None	c3_private	c3	0.4200	42
e1	c50p60m30	10	60	30	18	42	40	e1_094	chrX	134248129	134348128	tandem duplication	2	c3_private	c3	0.4200	42
e1	c50p60m30	10	60	30	18	42	40	e1_095	chrX	135191535	135291534	tandem duplication	2	c3_private	c3	0.4200	42
e1	c50p60m30	10	60	30	18	42	40	e1_096	chrX	135574003	135674002	inversion	None	c3_private	c3	0.4200	42
e1	c50p60m30	10	60	30	18	42	40	e1_097	chrX	138065358	138165357	tandem duplication	2	c3_private	c3	0.4200	42
e1	c50p60m30	10	60	30	18	42	40	e1_098	chrX	139008219	139108218	deletion	None	c3_private	c3	0.4200	42
e1	c50p60m30	10	60	30	18	42	40	e1_099	chrX	139757382	139857381	tandem duplication	2	c3_private	c3	0.4200	42
e1	c50p60m30	10	60	30	18	42	40	e1_100	chrX	140733352	140833351	tandem duplication	2	c3_private	c3	0.4200	42
e1	c50p60m30	10	60	30	18	42	40	e1_101	chrX	142533875	142633874	deletion	None	c3_private	c3	0.4200	42
e1	c50p60m30	10	60	30	18	42	40	e1_102	chrX	143689926	143789925	deletion	None	c3_private	c3	0.4200	42
e1	c50p60m30	10	60	30	18	42	40	e1_103	chrX	144987090	145087089	inversion	None	c3_private	c3	0.4200	42
e1	c50p60m30	10	60	30	18	42	40	e1_104	chrX	145425714	145525713	deletion	None	c3_private	c3	0.4200	42
e1	c50p60m30	10	60	30	18	42	40	e1_105	chrX	146887534	146987533	tandem duplication	2	c3_private	c3	0.4200	42
e1	c50p60m30	10	60	30	18	42	40	e1_106	chrX	147373941	147473940	inversion	None	c3_private	c3	0.4200	42
e1	c50p60m30	10	60	30	18	42	40	e1_107	chrX	149020794	149120793	tandem duplication	2	c3_private	c3	0.4200	42
e1	c50p60m30	10	60	30	18	42	40	e1_108	chrX	149123075	149223074	deletion	None	c3_private	c3	0.4200	42
e1	c50p60m30	10	60	30	18	42	40	e1_109	chrX	154292823	154392822	deletion	None	c3_private	c3	0.4200	42
e1	c50p60m50	11	60	50	30	30	40	e1_001	chrX	2832936	2932935	inversion	None	clonal	c2,c3	0.6000	60
e1	c50p60m50	11	60	50	30	30	40	e1_002	chrX	2970776	3070775	deletion	None	clonal	c2,c3	0.6000	60
e1	c50p60m50	11	60	50	30	30	40	e1_003	chrX	3563485	3663484	inversion	None	clonal	c2,c3	0.6000	60
e1	c50p60m50	11	60	50	30	30	40	e1_004	chrX	3818519	3918518	inversion	None	clonal	c2,c3	0.6000	60
e1	c50p60m50	11	60	50	30	30	40	e1_005	chrX	4672128	4772127	tandem duplication	2	clonal	c2,c3	0.6000	60
e1	c50p60m50	11	60	50	30	30	40	e1_006	chrX	5233503	5333502	deletion	None	clonal	c2,c3	0.6000	60
e1	c50p60m50	11	60	50	30	30	40	e1_007	chrX	6543875	6643874	tandem duplication	2	clonal	c2,c3	0.6000	60
e1	c50p60m50	11	60	50	30	30	40	e1_008	chrX	9603605	9703604	inversion	None	clonal	c2,c3	0.6000	60
e1	c50p60m50	11	60	50	30	30	40	e1_009	chrX	10232079	10332078	inversion	None	clonal	c2,c3	0.6000	60
e1	c50p60m50	11	60	50	30	30	40	e1_010	chrX	11063285	11163284	inversion	None	clonal	c2,c3	0.6000	60
e1	c50p60m50	11	60	50	30	30	40	e1_011	chrX	11695441	11795440	tandem duplication	2	clonal	c2,c3	0.6000	60
e1	c50p60m50	11	60	50	30	30	40	e1_012	chrX	12923319	13023318	deletion	None	clonal	c2,c3	0.6000	60
e1	c50p60m50	11	60	50	30	30	40	e1_013	chrX	13623023	13723022	deletion	None	clonal	c2,c3	0.6000	60
e1	c50p60m50	11	60	50	30	30	40	e1_014	chrX	13904122	14004121	deletion	None	clonal	c2,c3	0.6000	60
e1	c50p60m50	11	60	50	30	30	40	e1_015	chrX	15168670	15268669	inversion	None	clonal	c2,c3	0.6000	60
e1	c50p60m50	11	60	50	30	30	40	e1_016	chrX	15302420	15402419	tandem duplication	2	clonal	c2,c3	0.6000	60
e1	c50p60m50	11	60	50	30	30	40	e1_017	chrX	15620072	15720071	deletion	None	clonal	c2,c3	0.6000	60
e1	c50p60m50	11	60	50	30	30	40	e1_018	chrX	18715859	18815858	tandem duplication	2	clonal	c2,c3	0.6000	60
e1	c50p60m50	11	60	50	30	30	40	e1_019	chrX	19262220	19362219	deletion	None	clonal	c2,c3	0.6000	60
e1	c50p60m50	11	60	50	30	30	40	e1_020	chrX	19370030	19470029	inversion	None	clonal	c2,c3	0.6000	60
e1	c50p60m50	11	60	50	30	30	40	e1_021	chrX	19940500	20040499	inversion	None	clonal	c2,c3	0.6000	60
e1	c50p60m50	11	60	50	30	30	40	e1_022	chrX	27548664	27648663	inversion	None	clonal	c2,c3	0.6000	60
e1	c50p60m50	11	60	50	30	30	40	e1_023	chrX	32561614	32661613	tandem duplication	2	clonal	c2,c3	0.6000	60
e1	c50p60m50	11	60	50	30	30	40	e1_024	chrX	33922285	34022284	deletion	None	clonal	c2,c3	0.6000	60
e1	c50p60m50	11	60	50	30	30	40	e1_025	chrX	34425887	34525886	deletion	None	clonal	c2,c3	0.6000	60
e1	c50p60m50	11	60	50	30	30	40	e1_026	chrX	36559352	36659351	deletion	None	clonal	c2,c3	0.6000	60
e1	c50p60m50	11	60	50	30	30	40	e1_027	chrX	40112604	40212603	tandem duplication	2	clonal	c2,c3	0.6000	60
e1	c50p60m50	11	60	50	30	30	40	e1_028	chrX	40270712	40370711	deletion	None	clonal	c2,c3	0.6000	60
e1	c50p60m50	11	60	50	30	30	40	e1_029	chrX	40379921	40479920	deletion	None	clonal	c2,c3	0.6000	60
e1	c50p60m50	11	60	50	30	30	40	e1_030	chrX	42127066	42227065	deletion	None	clonal	c2,c3	0.6000	60
e1	c50p60m50	11	60	50	30	30	40	e1_031	chrX	43132234	43232233	inversion	None	clonal	c2,c3	0.6000	60
e1	c50p60m50	11	60	50	30	30	40	e1_032	chrX	43940261	44040260	deletion	None	clonal	c2,c3	0.6000	60
e1	c50p60m50	11	60	50	30	30	40	e1_033	chrX	45081984	45181983	deletion	None	clonal	c2,c3	0.6000	60
e1	c50p60m50	11	60	50	30	30	40	e1_034	chrX	45587683	45687682	inversion	None	clonal	c2,c3	0.6000	60
e1	c50p60m50	11	60	50	30	30	40	e1_035	chrX	48302805	48402804	deletion	None	clonal	c2,c3	0.6000	60
e1	c50p60m50	11	60	50	30	30	40	e1_036	chrX	48428654	48528653	tandem duplication	2	clonal	c2,c3	0.6000	60
e1	c50p60m50	11	60	50	30	30	40	e1_037	chrX	51997400	52097399	inversion	None	c2_private	c2	0.3000	30
e1	c50p60m50	11	60	50	30	30	40	e1_038	chrX	52835055	52935054	tandem duplication	2	c2_private	c2	0.3000	30
e1	c50p60m50	11	60	50	30	30	40	e1_039	chrX	54189756	54289755	deletion	None	c2_private	c2	0.3000	30
e1	c50p60m50	11	60	50	30	30	40	e1_040	chrX	64367754	64467753	tandem duplication	2	c2_private	c2	0.3000	30
e1	c50p60m50	11	60	50	30	30	40	e1_041	chrX	64652388	64752387	tandem duplication	2	c2_private	c2	0.3000	30
e1	c50p60m50	11	60	50	30	30	40	e1_042	chrX	65183647	65283646	tandem duplication	2	c2_private	c2	0.3000	30
e1	c50p60m50	11	60	50	30	30	40	e1_043	chrX	66718070	66818069	deletion	None	c2_private	c2	0.3000	30
e1	c50p60m50	11	60	50	30	30	40	e1_044	chrX	71456470	71556469	deletion	None	c2_private	c2	0.3000	30
e1	c50p60m50	11	60	50	30	30	40	e1_045	chrX	71644359	71744358	inversion	None	c2_private	c2	0.3000	30
e1	c50p60m50	11	60	50	30	30	40	e1_046	chrX	72325609	72425608	tandem duplication	2	c2_private	c2	0.3000	30
e1	c50p60m50	11	60	50	30	30	40	e1_047	chrX	72503747	72603746	inversion	None	c2_private	c2	0.3000	30
e1	c50p60m50	11	60	50	30	30	40	e1_048	chrX	72713963	72813962	tandem duplication	2	c2_private	c2	0.3000	30
e1	c50p60m50	11	60	50	30	30	40	e1_049	chrX	74443743	74543742	deletion	None	c2_private	c2	0.3000	30
e1	c50p60m50	11	60	50	30	30	40	e1_050	chrX	74715145	74815144	deletion	None	c2_private	c2	0.3000	30
e1	c50p60m50	11	60	50	30	30	40	e1_051	chrX	77762447	77862446	tandem duplication	2	c2_private	c2	0.3000	30
e1	c50p60m50	11	60	50	30	30	40	e1_052	chrX	77949336	78049335	deletion	None	c2_private	c2	0.3000	30
e1	c50p60m50	11	60	50	30	30	40	e1_053	chrX	78985331	79085330	tandem duplication	2	c2_private	c2	0.3000	30
e1	c50p60m50	11	60	50	30	30	40	e1_054	chrX	79917083	80017082	deletion	None	c2_private	c2	0.3000	30
e1	c50p60m50	11	60	50	30	30	40	e1_055	chrX	80341100	80441099	deletion	None	c2_private	c2	0.3000	30
e1	c50p60m50	11	60	50	30	30	40	e1_056	chrX	80990934	81090933	inversion	None	c2_private	c2	0.3000	30
e1	c50p60m50	11	60	50	30	30	40	e1_057	chrX	81587193	81687192	inversion	None	c2_private	c2	0.3000	30
e1	c50p60m50	11	60	50	30	30	40	e1_058	chrX	87271178	87371177	deletion	None	c2_private	c2	0.3000	30
e1	c50p60m50	11	60	50	30	30	40	e1_059	chrX	87448978	87548977	inversion	None	c2_private	c2	0.3000	30
e1	c50p60m50	11	60	50	30	30	40	e1_060	chrX	88270867	88370866	tandem duplication	2	c2_private	c2	0.3000	30
e1	c50p60m50	11	60	50	30	30	40	e1_061	chrX	90711299	90811298	inversion	None	c2_private	c2	0.3000	30
e1	c50p60m50	11	60	50	30	30	40	e1_062	chrX	90824787	90924786	tandem duplication	2	c2_private	c2	0.3000	30
e1	c50p60m50	11	60	50	30	30	40	e1_063	chrX	91490111	91590110	tandem duplication	2	c2_private	c2	0.3000	30
e1	c50p60m50	11	60	50	30	30	40	e1_064	chrX	91681649	91781648	deletion	None	c2_private	c2	0.3000	30
e1	c50p60m50	11	60	50	30	30	40	e1_065	chrX	95021316	95121315	inversion	None	c2_private	c2	0.3000	30
e1	c50p60m50	11	60	50	30	30	40	e1_066	chrX	96185229	96285228	inversion	None	c2_private	c2	0.3000	30
e1	c50p60m50	11	60	50	30	30	40	e1_067	chrX	96365853	96465852	tandem duplication	2	c2_private	c2	0.3000	30
e1	c50p60m50	11	60	50	30	30	40	e1_068	chrX	97185291	97285290	tandem duplication	2	c2_private	c2	0.3000	30
e1	c50p60m50	11	60	50	30	30	40	e1_069	chrX	98120471	98220470	inversion	None	c2_private	c2	0.3000	30
e1	c50p60m50	11	60	50	30	30	40	e1_070	chrX	99739980	99839979	inversion	None	c2_private	c2	0.3000	30
e1	c50p60m50	11	60	50	30	30	40	e1_071	chrX	103682488	103782487	tandem duplication	2	c2_private	c2	0.3000	30
e1	c50p60m50	11	60	50	30	30	40	e1_072	chrX	104390113	104490112	inversion	None	c2_private	c2	0.3000	30
e1	c50p60m50	11	60	50	30	30	40	e1_073	chrX	108688322	108788321	deletion	None	c3_private	c3	0.3000	30
e1	c50p60m50	11	60	50	30	30	40	e1_074	chrX	111452478	111552477	deletion	None	c3_private	c3	0.3000	30
e1	c50p60m50	11	60	50	30	30	40	e1_075	chrX	111980762	112080761	inversion	None	c3_private	c3	0.3000	30
e1	c50p60m50	11	60	50	30	30	40	e1_076	chrX	113794576	113894575	tandem duplication	2	c3_private	c3	0.3000	30
e1	c50p60m50	11	60	50	30	30	40	e1_077	chrX	117215849	117315848	inversion	None	c3_private	c3	0.3000	30
e1	c50p60m50	11	60	50	30	30	40	e1_078	chrX	117341371	117441370	tandem duplication	2	c3_private	c3	0.3000	30
e1	c50p60m50	11	60	50	30	30	40	e1_079	chrX	118267892	118367891	tandem duplication	2	c3_private	c3	0.3000	30
e1	c50p60m50	11	60	50	30	30	40	e1_080	chrX	119806400	119906399	tandem duplication	2	c3_private	c3	0.3000	30
e1	c50p60m50	11	60	50	30	30	40	e1_081	chrX	121150720	121250719	deletion	None	c3_private	c3	0.3000	30
e1	c50p60m50	11	60	50	30	30	40	e1_082	chrX	121649937	121749936	deletion	None	c3_private	c3	0.3000	30
e1	c50p60m50	11	60	50	30	30	40	e1_083	chrX	121838711	121938710	inversion	None	c3_private	c3	0.3000	30
e1	c50p60m50	11	60	50	30	30	40	e1_084	chrX	122642691	122742690	inversion	None	c3_private	c3	0.3000	30
e1	c50p60m50	11	60	50	30	30	40	e1_085	chrX	123084150	123184149	inversion	None	c3_private	c3	0.3000	30
e1	c50p60m50	11	60	50	30	30	40	e1_086	chrX	123745699	123845698	inversion	None	c3_private	c3	0.3000	30
e1	c50p60m50	11	60	50	30	30	40	e1_087	chrX	124051807	124151806	tandem duplication	2	c3_private	c3	0.3000	30
e1	c50p60m50	11	60	50	30	30	40	e1_088	chrX	125192690	125292689	inversion	None	c3_private	c3	0.3000	30
e1	c50p60m50	11	60	50	30	30	40	e1_089	chrX	127616962	127716961	inversion	None	c3_private	c3	0.3000	30
e1	c50p60m50	11	60	50	30	30	40	e1_090	chrX	128638984	128738983	deletion	None	c3_private	c3	0.3000	30
e1	c50p60m50	11	60	50	30	30	40	e1_091	chrX	131507952	131607951	tandem duplication	2	c3_private	c3	0.3000	30
e1	c50p60m50	11	60	50	30	30	40	e1_092	chrX	132155283	132255282	tandem duplication	2	c3_private	c3	0.3000	30
e1	c50p60m50	11	60	50	30	30	40	e1_093	chrX	133100879	133200878	inversion	None	c3_private	c3	0.3000	30
e1	c50p60m50	11	60	50	30	30	40	e1_094	chrX	134248129	134348128	tandem duplication	2	c3_private	c3	0.3000	30
e1	c50p60m50	11	60	50	30	30	40	e1_095	chrX	135191535	135291534	tandem duplication	2	c3_private	c3	0.3000	30
e1	c50p60m50	11	60	50	30	30	40	e1_096	chrX	135574003	135674002	inversion	None	c3_private	c3	0.3000	30
e1	c50p60m50	11	60	50	30	30	40	e1_097	chrX	138065358	138165357	tandem duplication	2	c3_private	c3	0.3000	30
e1	c50p60m50	11	60	50	30	30	40	e1_098	chrX	139008219	139108218	deletion	None	c3_private	c3	0.3000	30
e1	c50p60m50	11	60	50	30	30	40	e1_099	chrX	139757382	139857381	tandem duplication	2	c3_private	c3	0.3000	30
e1	c50p60m50	11	60	50	30	30	40	e1_100	chrX	140733352	140833351	tandem duplication	2	c3_private	c3	0.3000	30
e1	c50p60m50	11	60	50	30	30	40	e1_101	chrX	142533875	142633874	deletion	None	c3_private	c3	0.3000	30
e1	c50p60m50	11	60	50	30	30	40	e1_102	chrX	143689926	143789925	deletion	None	c3_private	c3	0.3000	30
e1	c50p60m50	11	60	50	30	30	40	e1_103	chrX	144987090	145087089	inversion	None	c3_private	c3	0.3000	30
e1	c50p60m50	11	60	50	30	30	40	e1_104	chrX	145425714	145525713	deletion	None	c3_private	c3	0.3000	30
e1	c50p60m50	11	60	50	30	30	40	e1_105	chrX	146887534	146987533	tandem duplication	2	c3_private	c3	0.3000	30
e1	c50p60m50	11	60	50	30	30	40	e1_106	chrX	147373941	147473940	inversion	None	c3_private	c3	0.3000	30
e1	c50p60m50	11	60	50	30	30	40	e1_107	chrX	149020794	149120793	tandem duplication	2	c3_private	c3	0.3000	30
e1	c50p60m50	11	60	50	30	30	40	e1_108	chrX	149123075	149223074	deletion	None	c3_private	c3	0.3000	30
e1	c50p60m50	11	60	50	30	30	40	e1_109	chrX	154292823	154392822	deletion	None	c3_private	c3	0.3000	30
e1	c50p80m10	12	80	10	8	72	20	e1_001	chrX	2832936	2932935	inversion	None	clonal	c2,c3	0.8000	80
e1	c50p80m10	12	80	10	8	72	20	e1_002	chrX	2970776	3070775	deletion	None	clonal	c2,c3	0.8000	80
e1	c50p80m10	12	80	10	8	72	20	e1_003	chrX	3563485	3663484	inversion	None	clonal	c2,c3	0.8000	80
e1	c50p80m10	12	80	10	8	72	20	e1_004	chrX	3818519	3918518	inversion	None	clonal	c2,c3	0.8000	80
e1	c50p80m10	12	80	10	8	72	20	e1_005	chrX	4672128	4772127	tandem duplication	2	clonal	c2,c3	0.8000	80
e1	c50p80m10	12	80	10	8	72	20	e1_006	chrX	5233503	5333502	deletion	None	clonal	c2,c3	0.8000	80
e1	c50p80m10	12	80	10	8	72	20	e1_007	chrX	6543875	6643874	tandem duplication	2	clonal	c2,c3	0.8000	80
e1	c50p80m10	12	80	10	8	72	20	e1_008	chrX	9603605	9703604	inversion	None	clonal	c2,c3	0.8000	80
e1	c50p80m10	12	80	10	8	72	20	e1_009	chrX	10232079	10332078	inversion	None	clonal	c2,c3	0.8000	80
e1	c50p80m10	12	80	10	8	72	20	e1_010	chrX	11063285	11163284	inversion	None	clonal	c2,c3	0.8000	80
e1	c50p80m10	12	80	10	8	72	20	e1_011	chrX	11695441	11795440	tandem duplication	2	clonal	c2,c3	0.8000	80
e1	c50p80m10	12	80	10	8	72	20	e1_012	chrX	12923319	13023318	deletion	None	clonal	c2,c3	0.8000	80
e1	c50p80m10	12	80	10	8	72	20	e1_013	chrX	13623023	13723022	deletion	None	clonal	c2,c3	0.8000	80
e1	c50p80m10	12	80	10	8	72	20	e1_014	chrX	13904122	14004121	deletion	None	clonal	c2,c3	0.8000	80
e1	c50p80m10	12	80	10	8	72	20	e1_015	chrX	15168670	15268669	inversion	None	clonal	c2,c3	0.8000	80
e1	c50p80m10	12	80	10	8	72	20	e1_016	chrX	15302420	15402419	tandem duplication	2	clonal	c2,c3	0.8000	80
e1	c50p80m10	12	80	10	8	72	20	e1_017	chrX	15620072	15720071	deletion	None	clonal	c2,c3	0.8000	80
e1	c50p80m10	12	80	10	8	72	20	e1_018	chrX	18715859	18815858	tandem duplication	2	clonal	c2,c3	0.8000	80
e1	c50p80m10	12	80	10	8	72	20	e1_019	chrX	19262220	19362219	deletion	None	clonal	c2,c3	0.8000	80
e1	c50p80m10	12	80	10	8	72	20	e1_020	chrX	19370030	19470029	inversion	None	clonal	c2,c3	0.8000	80
e1	c50p80m10	12	80	10	8	72	20	e1_021	chrX	19940500	20040499	inversion	None	clonal	c2,c3	0.8000	80
e1	c50p80m10	12	80	10	8	72	20	e1_022	chrX	27548664	27648663	inversion	None	clonal	c2,c3	0.8000	80
e1	c50p80m10	12	80	10	8	72	20	e1_023	chrX	32561614	32661613	tandem duplication	2	clonal	c2,c3	0.8000	80
e1	c50p80m10	12	80	10	8	72	20	e1_024	chrX	33922285	34022284	deletion	None	clonal	c2,c3	0.8000	80
e1	c50p80m10	12	80	10	8	72	20	e1_025	chrX	34425887	34525886	deletion	None	clonal	c2,c3	0.8000	80
e1	c50p80m10	12	80	10	8	72	20	e1_026	chrX	36559352	36659351	deletion	None	clonal	c2,c3	0.8000	80
e1	c50p80m10	12	80	10	8	72	20	e1_027	chrX	40112604	40212603	tandem duplication	2	clonal	c2,c3	0.8000	80
e1	c50p80m10	12	80	10	8	72	20	e1_028	chrX	40270712	40370711	deletion	None	clonal	c2,c3	0.8000	80
e1	c50p80m10	12	80	10	8	72	20	e1_029	chrX	40379921	40479920	deletion	None	clonal	c2,c3	0.8000	80
e1	c50p80m10	12	80	10	8	72	20	e1_030	chrX	42127066	42227065	deletion	None	clonal	c2,c3	0.8000	80
e1	c50p80m10	12	80	10	8	72	20	e1_031	chrX	43132234	43232233	inversion	None	clonal	c2,c3	0.8000	80
e1	c50p80m10	12	80	10	8	72	20	e1_032	chrX	43940261	44040260	deletion	None	clonal	c2,c3	0.8000	80
e1	c50p80m10	12	80	10	8	72	20	e1_033	chrX	45081984	45181983	deletion	None	clonal	c2,c3	0.8000	80
e1	c50p80m10	12	80	10	8	72	20	e1_034	chrX	45587683	45687682	inversion	None	clonal	c2,c3	0.8000	80
e1	c50p80m10	12	80	10	8	72	20	e1_035	chrX	48302805	48402804	deletion	None	clonal	c2,c3	0.8000	80
e1	c50p80m10	12	80	10	8	72	20	e1_036	chrX	48428654	48528653	tandem duplication	2	clonal	c2,c3	0.8000	80
e1	c50p80m10	12	80	10	8	72	20	e1_037	chrX	51997400	52097399	inversion	None	c2_private	c2	0.0800	8
e1	c50p80m10	12	80	10	8	72	20	e1_038	chrX	52835055	52935054	tandem duplication	2	c2_private	c2	0.0800	8
e1	c50p80m10	12	80	10	8	72	20	e1_039	chrX	54189756	54289755	deletion	None	c2_private	c2	0.0800	8
e1	c50p80m10	12	80	10	8	72	20	e1_040	chrX	64367754	64467753	tandem duplication	2	c2_private	c2	0.0800	8
e1	c50p80m10	12	80	10	8	72	20	e1_041	chrX	64652388	64752387	tandem duplication	2	c2_private	c2	0.0800	8
e1	c50p80m10	12	80	10	8	72	20	e1_042	chrX	65183647	65283646	tandem duplication	2	c2_private	c2	0.0800	8
e1	c50p80m10	12	80	10	8	72	20	e1_043	chrX	66718070	66818069	deletion	None	c2_private	c2	0.0800	8
e1	c50p80m10	12	80	10	8	72	20	e1_044	chrX	71456470	71556469	deletion	None	c2_private	c2	0.0800	8
e1	c50p80m10	12	80	10	8	72	20	e1_045	chrX	71644359	71744358	inversion	None	c2_private	c2	0.0800	8
e1	c50p80m10	12	80	10	8	72	20	e1_046	chrX	72325609	72425608	tandem duplication	2	c2_private	c2	0.0800	8
e1	c50p80m10	12	80	10	8	72	20	e1_047	chrX	72503747	72603746	inversion	None	c2_private	c2	0.0800	8
e1	c50p80m10	12	80	10	8	72	20	e1_048	chrX	72713963	72813962	tandem duplication	2	c2_private	c2	0.0800	8
e1	c50p80m10	12	80	10	8	72	20	e1_049	chrX	74443743	74543742	deletion	None	c2_private	c2	0.0800	8
e1	c50p80m10	12	80	10	8	72	20	e1_050	chrX	74715145	74815144	deletion	None	c2_private	c2	0.0800	8
e1	c50p80m10	12	80	10	8	72	20	e1_051	chrX	77762447	77862446	tandem duplication	2	c2_private	c2	0.0800	8
e1	c50p80m10	12	80	10	8	72	20	e1_052	chrX	77949336	78049335	deletion	None	c2_private	c2	0.0800	8
e1	c50p80m10	12	80	10	8	72	20	e1_053	chrX	78985331	79085330	tandem duplication	2	c2_private	c2	0.0800	8
e1	c50p80m10	12	80	10	8	72	20	e1_054	chrX	79917083	80017082	deletion	None	c2_private	c2	0.0800	8
e1	c50p80m10	12	80	10	8	72	20	e1_055	chrX	80341100	80441099	deletion	None	c2_private	c2	0.0800	8
e1	c50p80m10	12	80	10	8	72	20	e1_056	chrX	80990934	81090933	inversion	None	c2_private	c2	0.0800	8
e1	c50p80m10	12	80	10	8	72	20	e1_057	chrX	81587193	81687192	inversion	None	c2_private	c2	0.0800	8
e1	c50p80m10	12	80	10	8	72	20	e1_058	chrX	87271178	87371177	deletion	None	c2_private	c2	0.0800	8
e1	c50p80m10	12	80	10	8	72	20	e1_059	chrX	87448978	87548977	inversion	None	c2_private	c2	0.0800	8
e1	c50p80m10	12	80	10	8	72	20	e1_060	chrX	88270867	88370866	tandem duplication	2	c2_private	c2	0.0800	8
e1	c50p80m10	12	80	10	8	72	20	e1_061	chrX	90711299	90811298	inversion	None	c2_private	c2	0.0800	8
e1	c50p80m10	12	80	10	8	72	20	e1_062	chrX	90824787	90924786	tandem duplication	2	c2_private	c2	0.0800	8
e1	c50p80m10	12	80	10	8	72	20	e1_063	chrX	91490111	91590110	tandem duplication	2	c2_private	c2	0.0800	8
e1	c50p80m10	12	80	10	8	72	20	e1_064	chrX	91681649	91781648	deletion	None	c2_private	c2	0.0800	8
e1	c50p80m10	12	80	10	8	72	20	e1_065	chrX	95021316	95121315	inversion	None	c2_private	c2	0.0800	8
e1	c50p80m10	12	80	10	8	72	20	e1_066	chrX	96185229	96285228	inversion	None	c2_private	c2	0.0800	8
e1	c50p80m10	12	80	10	8	72	20	e1_067	chrX	96365853	96465852	tandem duplication	2	c2_private	c2	0.0800	8
e1	c50p80m10	12	80	10	8	72	20	e1_068	chrX	97185291	97285290	tandem duplication	2	c2_private	c2	0.0800	8
e1	c50p80m10	12	80	10	8	72	20	e1_069	chrX	98120471	98220470	inversion	None	c2_private	c2	0.0800	8
e1	c50p80m10	12	80	10	8	72	20	e1_070	chrX	99739980	99839979	inversion	None	c2_private	c2	0.0800	8
e1	c50p80m10	12	80	10	8	72	20	e1_071	chrX	103682488	103782487	tandem duplication	2	c2_private	c2	0.0800	8
e1	c50p80m10	12	80	10	8	72	20	e1_072	chrX	104390113	104490112	inversion	None	c2_private	c2	0.0800	8
e1	c50p80m10	12	80	10	8	72	20	e1_073	chrX	108688322	108788321	deletion	None	c3_private	c3	0.7200	72
e1	c50p80m10	12	80	10	8	72	20	e1_074	chrX	111452478	111552477	deletion	None	c3_private	c3	0.7200	72
e1	c50p80m10	12	80	10	8	72	20	e1_075	chrX	111980762	112080761	inversion	None	c3_private	c3	0.7200	72
e1	c50p80m10	12	80	10	8	72	20	e1_076	chrX	113794576	113894575	tandem duplication	2	c3_private	c3	0.7200	72
e1	c50p80m10	12	80	10	8	72	20	e1_077	chrX	117215849	117315848	inversion	None	c3_private	c3	0.7200	72
e1	c50p80m10	12	80	10	8	72	20	e1_078	chrX	117341371	117441370	tandem duplication	2	c3_private	c3	0.7200	72
e1	c50p80m10	12	80	10	8	72	20	e1_079	chrX	118267892	118367891	tandem duplication	2	c3_private	c3	0.7200	72
e1	c50p80m10	12	80	10	8	72	20	e1_080	chrX	119806400	119906399	tandem duplication	2	c3_private	c3	0.7200	72
e1	c50p80m10	12	80	10	8	72	20	e1_081	chrX	121150720	121250719	deletion	None	c3_private	c3	0.7200	72
e1	c50p80m10	12	80	10	8	72	20	e1_082	chrX	121649937	121749936	deletion	None	c3_private	c3	0.7200	72
e1	c50p80m10	12	80	10	8	72	20	e1_083	chrX	121838711	121938710	inversion	None	c3_private	c3	0.7200	72
e1	c50p80m10	12	80	10	8	72	20	e1_084	chrX	122642691	122742690	inversion	None	c3_private	c3	0.7200	72
e1	c50p80m10	12	80	10	8	72	20	e1_085	chrX	123084150	123184149	inversion	None	c3_private	c3	0.7200	72
e1	c50p80m10	12	80	10	8	72	20	e1_086	chrX	123745699	123845698	inversion	None	c3_private	c3	0.7200	72
e1	c50p80m10	12	80	10	8	72	20	e1_087	chrX	124051807	124151806	tandem duplication	2	c3_private	c3	0.7200	72
e1	c50p80m10	12	80	10	8	72	20	e1_088	chrX	125192690	125292689	inversion	None	c3_private	c3	0.7200	72
e1	c50p80m10	12	80	10	8	72	20	e1_089	chrX	127616962	127716961	inversion	None	c3_private	c3	0.7200	72
e1	c50p80m10	12	80	10	8	72	20	e1_090	chrX	128638984	128738983	deletion	None	c3_private	c3	0.7200	72
e1	c50p80m10	12	80	10	8	72	20	e1_091	chrX	131507952	131607951	tandem duplication	2	c3_private	c3	0.7200	72
e1	c50p80m10	12	80	10	8	72	20	e1_092	chrX	132155283	132255282	tandem duplication	2	c3_private	c3	0.7200	72
e1	c50p80m10	12	80	10	8	72	20	e1_093	chrX	133100879	133200878	inversion	None	c3_private	c3	0.7200	72
e1	c50p80m10	12	80	10	8	72	20	e1_094	chrX	134248129	134348128	tandem duplication	2	c3_private	c3	0.7200	72
e1	c50p80m10	12	80	10	8	72	20	e1_095	chrX	135191535	135291534	tandem duplication	2	c3_private	c3	0.7200	72
e1	c50p80m10	12	80	10	8	72	20	e1_096	chrX	135574003	135674002	inversion	None	c3_private	c3	0.7200	72
e1	c50p80m10	12	80	10	8	72	20	e1_097	chrX	138065358	138165357	tandem duplication	2	c3_private	c3	0.7200	72
e1	c50p80m10	12	80	10	8	72	20	e1_098	chrX	139008219	139108218	deletion	None	c3_private	c3	0.7200	72
e1	c50p80m10	12	80	10	8	72	20	e1_099	chrX	139757382	139857381	tandem duplication	2	c3_private	c3	0.7200	72
e1	c50p80m10	12	80	10	8	72	20	e1_100	chrX	140733352	140833351	tandem duplication	2	c3_private	c3	0.7200	72
e1	c50p80m10	12	80	10	8	72	20	e1_101	chrX	142533875	142633874	deletion	None	c3_private	c3	0.7200	72
e1	c50p80m10	12	80	10	8	72	20	e1_102	chrX	143689926	143789925	deletion	None	c3_private	c3	0.7200	72
e1	c50p80m10	12	80	10	8	72	20	e1_103	chrX	144987090	145087089	inversion	None	c3_private	c3	0.7200	72
e1	c50p80m10	12	80	10	8	72	20	e1_104	chrX	145425714	145525713	deletion	None	c3_private	c3	0.7200	72
e1	c50p80m10	12	80	10	8	72	20	e1_105	chrX	146887534	146987533	tandem duplication	2	c3_private	c3	0.7200	72
e1	c50p80m10	12	80	10	8	72	20	e1_106	chrX	147373941	147473940	inversion	None	c3_private	c3	0.7200	72
e1	c50p80m10	12	80	10	8	72	20	e1_107	chrX	149020794	149120793	tandem duplication	2	c3_private	c3	0.7200	72
e1	c50p80m10	12	80	10	8	72	20	e1_108	chrX	149123075	149223074	deletion	None	c3_private	c3	0.7200	72
e1	c50p80m10	12	80	10	8	72	20	e1_109	chrX	154292823	154392822	deletion	None	c3_private	c3	0.7200	72
e1	c50p80m30	13	80	30	24	56	20	e1_001	chrX	2832936	2932935	inversion	None	clonal	c2,c3	0.8000	80
e1	c50p80m30	13	80	30	24	56	20	e1_002	chrX	2970776	3070775	deletion	None	clonal	c2,c3	0.8000	80
e1	c50p80m30	13	80	30	24	56	20	e1_003	chrX	3563485	3663484	inversion	None	clonal	c2,c3	0.8000	80
e1	c50p80m30	13	80	30	24	56	20	e1_004	chrX	3818519	3918518	inversion	None	clonal	c2,c3	0.8000	80
e1	c50p80m30	13	80	30	24	56	20	e1_005	chrX	4672128	4772127	tandem duplication	2	clonal	c2,c3	0.8000	80
e1	c50p80m30	13	80	30	24	56	20	e1_006	chrX	5233503	5333502	deletion	None	clonal	c2,c3	0.8000	80
e1	c50p80m30	13	80	30	24	56	20	e1_007	chrX	6543875	6643874	tandem duplication	2	clonal	c2,c3	0.8000	80
e1	c50p80m30	13	80	30	24	56	20	e1_008	chrX	9603605	9703604	inversion	None	clonal	c2,c3	0.8000	80
e1	c50p80m30	13	80	30	24	56	20	e1_009	chrX	10232079	10332078	inversion	None	clonal	c2,c3	0.8000	80
e1	c50p80m30	13	80	30	24	56	20	e1_010	chrX	11063285	11163284	inversion	None	clonal	c2,c3	0.8000	80
e1	c50p80m30	13	80	30	24	56	20	e1_011	chrX	11695441	11795440	tandem duplication	2	clonal	c2,c3	0.8000	80
e1	c50p80m30	13	80	30	24	56	20	e1_012	chrX	12923319	13023318	deletion	None	clonal	c2,c3	0.8000	80
e1	c50p80m30	13	80	30	24	56	20	e1_013	chrX	13623023	13723022	deletion	None	clonal	c2,c3	0.8000	80
e1	c50p80m30	13	80	30	24	56	20	e1_014	chrX	13904122	14004121	deletion	None	clonal	c2,c3	0.8000	80
e1	c50p80m30	13	80	30	24	56	20	e1_015	chrX	15168670	15268669	inversion	None	clonal	c2,c3	0.8000	80
e1	c50p80m30	13	80	30	24	56	20	e1_016	chrX	15302420	15402419	tandem duplication	2	clonal	c2,c3	0.8000	80
e1	c50p80m30	13	80	30	24	56	20	e1_017	chrX	15620072	15720071	deletion	None	clonal	c2,c3	0.8000	80
e1	c50p80m30	13	80	30	24	56	20	e1_018	chrX	18715859	18815858	tandem duplication	2	clonal	c2,c3	0.8000	80
e1	c50p80m30	13	80	30	24	56	20	e1_019	chrX	19262220	19362219	deletion	None	clonal	c2,c3	0.8000	80
e1	c50p80m30	13	80	30	24	56	20	e1_020	chrX	19370030	19470029	inversion	None	clonal	c2,c3	0.8000	80
e1	c50p80m30	13	80	30	24	56	20	e1_021	chrX	19940500	20040499	inversion	None	clonal	c2,c3	0.8000	80
e1	c50p80m30	13	80	30	24	56	20	e1_022	chrX	27548664	27648663	inversion	None	clonal	c2,c3	0.8000	80
e1	c50p80m30	13	80	30	24	56	20	e1_023	chrX	32561614	32661613	tandem duplication	2	clonal	c2,c3	0.8000	80
e1	c50p80m30	13	80	30	24	56	20	e1_024	chrX	33922285	34022284	deletion	None	clonal	c2,c3	0.8000	80
e1	c50p80m30	13	80	30	24	56	20	e1_025	chrX	34425887	34525886	deletion	None	clonal	c2,c3	0.8000	80
e1	c50p80m30	13	80	30	24	56	20	e1_026	chrX	36559352	36659351	deletion	None	clonal	c2,c3	0.8000	80
e1	c50p80m30	13	80	30	24	56	20	e1_027	chrX	40112604	40212603	tandem duplication	2	clonal	c2,c3	0.8000	80
e1	c50p80m30	13	80	30	24	56	20	e1_028	chrX	40270712	40370711	deletion	None	clonal	c2,c3	0.8000	80
e1	c50p80m30	13	80	30	24	56	20	e1_029	chrX	40379921	40479920	deletion	None	clonal	c2,c3	0.8000	80
e1	c50p80m30	13	80	30	24	56	20	e1_030	chrX	42127066	42227065	deletion	None	clonal	c2,c3	0.8000	80
e1	c50p80m30	13	80	30	24	56	20	e1_031	chrX	43132234	43232233	inversion	None	clonal	c2,c3	0.8000	80
e1	c50p80m30	13	80	30	24	56	20	e1_032	chrX	43940261	44040260	deletion	None	clonal	c2,c3	0.8000	80
e1	c50p80m30	13	80	30	24	56	20	e1_033	chrX	45081984	45181983	deletion	None	clonal	c2,c3	0.8000	80
e1	c50p80m30	13	80	30	24	56	20	e1_034	chrX	45587683	45687682	inversion	None	clonal	c2,c3	0.8000	80
e1	c50p80m30	13	80	30	24	56	20	e1_035	chrX	48302805	48402804	deletion	None	clonal	c2,c3	0.8000	80
e1	c50p80m30	13	80	30	24	56	20	e1_036	chrX	48428654	48528653	tandem duplication	2	clonal	c2,c3	0.8000	80
e1	c50p80m30	13	80	30	24	56	20	e1_037	chrX	51997400	52097399	inversion	None	c2_private	c2	0.2400	24
e1	c50p80m30	13	80	30	24	56	20	e1_038	chrX	52835055	52935054	tandem duplication	2	c2_private	c2	0.2400	24
e1	c50p80m30	13	80	30	24	56	20	e1_039	chrX	54189756	54289755	deletion	None	c2_private	c2	0.2400	24
e1	c50p80m30	13	80	30	24	56	20	e1_040	chrX	64367754	64467753	tandem duplication	2	c2_private	c2	0.2400	24
e1	c50p80m30	13	80	30	24	56	20	e1_041	chrX	64652388	64752387	tandem duplication	2	c2_private	c2	0.2400	24
e1	c50p80m30	13	80	30	24	56	20	e1_042	chrX	65183647	65283646	tandem duplication	2	c2_private	c2	0.2400	24
e1	c50p80m30	13	80	30	24	56	20	e1_043	chrX	66718070	66818069	deletion	None	c2_private	c2	0.2400	24
e1	c50p80m30	13	80	30	24	56	20	e1_044	chrX	71456470	71556469	deletion	None	c2_private	c2	0.2400	24
e1	c50p80m30	13	80	30	24	56	20	e1_045	chrX	71644359	71744358	inversion	None	c2_private	c2	0.2400	24
e1	c50p80m30	13	80	30	24	56	20	e1_046	chrX	72325609	72425608	tandem duplication	2	c2_private	c2	0.2400	24
e1	c50p80m30	13	80	30	24	56	20	e1_047	chrX	72503747	72603746	inversion	None	c2_private	c2	0.2400	24
e1	c50p80m30	13	80	30	24	56	20	e1_048	chrX	72713963	72813962	tandem duplication	2	c2_private	c2	0.2400	24
e1	c50p80m30	13	80	30	24	56	20	e1_049	chrX	74443743	74543742	deletion	None	c2_private	c2	0.2400	24
e1	c50p80m30	13	80	30	24	56	20	e1_050	chrX	74715145	74815144	deletion	None	c2_private	c2	0.2400	24
e1	c50p80m30	13	80	30	24	56	20	e1_051	chrX	77762447	77862446	tandem duplication	2	c2_private	c2	0.2400	24
e1	c50p80m30	13	80	30	24	56	20	e1_052	chrX	77949336	78049335	deletion	None	c2_private	c2	0.2400	24
e1	c50p80m30	13	80	30	24	56	20	e1_053	chrX	78985331	79085330	tandem duplication	2	c2_private	c2	0.2400	24
e1	c50p80m30	13	80	30	24	56	20	e1_054	chrX	79917083	80017082	deletion	None	c2_private	c2	0.2400	24
e1	c50p80m30	13	80	30	24	56	20	e1_055	chrX	80341100	80441099	deletion	None	c2_private	c2	0.2400	24
e1	c50p80m30	13	80	30	24	56	20	e1_056	chrX	80990934	81090933	inversion	None	c2_private	c2	0.2400	24
e1	c50p80m30	13	80	30	24	56	20	e1_057	chrX	81587193	81687192	inversion	None	c2_private	c2	0.2400	24
e1	c50p80m30	13	80	30	24	56	20	e1_058	chrX	87271178	87371177	deletion	None	c2_private	c2	0.2400	24
e1	c50p80m30	13	80	30	24	56	20	e1_059	chrX	87448978	87548977	inversion	None	c2_private	c2	0.2400	24
e1	c50p80m30	13	80	30	24	56	20	e1_060	chrX	88270867	88370866	tandem duplication	2	c2_private	c2	0.2400	24
e1	c50p80m30	13	80	30	24	56	20	e1_061	chrX	90711299	90811298	inversion	None	c2_private	c2	0.2400	24
e1	c50p80m30	13	80	30	24	56	20	e1_062	chrX	90824787	90924786	tandem duplication	2	c2_private	c2	0.2400	24
e1	c50p80m30	13	80	30	24	56	20	e1_063	chrX	91490111	91590110	tandem duplication	2	c2_private	c2	0.2400	24
e1	c50p80m30	13	80	30	24	56	20	e1_064	chrX	91681649	91781648	deletion	None	c2_private	c2	0.2400	24
e1	c50p80m30	13	80	30	24	56	20	e1_065	chrX	95021316	95121315	inversion	None	c2_private	c2	0.2400	24
e1	c50p80m30	13	80	30	24	56	20	e1_066	chrX	96185229	96285228	inversion	None	c2_private	c2	0.2400	24
e1	c50p80m30	13	80	30	24	56	20	e1_067	chrX	96365853	96465852	tandem duplication	2	c2_private	c2	0.2400	24
e1	c50p80m30	13	80	30	24	56	20	e1_068	chrX	97185291	97285290	tandem duplication	2	c2_private	c2	0.2400	24
e1	c50p80m30	13	80	30	24	56	20	e1_069	chrX	98120471	98220470	inversion	None	c2_private	c2	0.2400	24
e1	c50p80m30	13	80	30	24	56	20	e1_070	chrX	99739980	99839979	inversion	None	c2_private	c2	0.2400	24
e1	c50p80m30	13	80	30	24	56	20	e1_071	chrX	103682488	103782487	tandem duplication	2	c2_private	c2	0.2400	24
e1	c50p80m30	13	80	30	24	56	20	e1_072	chrX	104390113	104490112	inversion	None	c2_private	c2	0.2400	24
e1	c50p80m30	13	80	30	24	56	20	e1_073	chrX	108688322	108788321	deletion	None	c3_private	c3	0.5600	56
e1	c50p80m30	13	80	30	24	56	20	e1_074	chrX	111452478	111552477	deletion	None	c3_private	c3	0.5600	56
e1	c50p80m30	13	80	30	24	56	20	e1_075	chrX	111980762	112080761	inversion	None	c3_private	c3	0.5600	56
e1	c50p80m30	13	80	30	24	56	20	e1_076	chrX	113794576	113894575	tandem duplication	2	c3_private	c3	0.5600	56
e1	c50p80m30	13	80	30	24	56	20	e1_077	chrX	117215849	117315848	inversion	None	c3_private	c3	0.5600	56
e1	c50p80m30	13	80	30	24	56	20	e1_078	chrX	117341371	117441370	tandem duplication	2	c3_private	c3	0.5600	56
e1	c50p80m30	13	80	30	24	56	20	e1_079	chrX	118267892	118367891	tandem duplication	2	c3_private	c3	0.5600	56
e1	c50p80m30	13	80	30	24	56	20	e1_080	chrX	119806400	119906399	tandem duplication	2	c3_private	c3	0.5600	56
e1	c50p80m30	13	80	30	24	56	20	e1_081	chrX	121150720	121250719	deletion	None	c3_private	c3	0.5600	56
e1	c50p80m30	13	80	30	24	56	20	e1_082	chrX	121649937	121749936	deletion	None	c3_private	c3	0.5600	56
e1	c50p80m30	13	80	30	24	56	20	e1_083	chrX	121838711	121938710	inversion	None	c3_private	c3	0.5600	56
e1	c50p80m30	13	80	30	24	56	20	e1_084	chrX	122642691	122742690	inversion	None	c3_private	c3	0.5600	56
e1	c50p80m30	13	80	30	24	56	20	e1_085	chrX	123084150	123184149	inversion	None	c3_private	c3	0.5600	56
e1	c50p80m30	13	80	30	24	56	20	e1_086	chrX	123745699	123845698	inversion	None	c3_private	c3	0.5600	56
e1	c50p80m30	13	80	30	24	56	20	e1_087	chrX	124051807	124151806	tandem duplication	2	c3_private	c3	0.5600	56
e1	c50p80m30	13	80	30	24	56	20	e1_088	chrX	125192690	125292689	inversion	None	c3_private	c3	0.5600	56
e1	c50p80m30	13	80	30	24	56	20	e1_089	chrX	127616962	127716961	inversion	None	c3_private	c3	0.5600	56
e1	c50p80m30	13	80	30	24	56	20	e1_090	chrX	128638984	128738983	deletion	None	c3_private	c3	0.5600	56
e1	c50p80m30	13	80	30	24	56	20	e1_091	chrX	131507952	131607951	tandem duplication	2	c3_private	c3	0.5600	56
e1	c50p80m30	13	80	30	24	56	20	e1_092	chrX	132155283	132255282	tandem duplication	2	c3_private	c3	0.5600	56
e1	c50p80m30	13	80	30	24	56	20	e1_093	chrX	133100879	133200878	inversion	None	c3_private	c3	0.5600	56
e1	c50p80m30	13	80	30	24	56	20	e1_094	chrX	134248129	134348128	tandem duplication	2	c3_private	c3	0.5600	56
e1	c50p80m30	13	80	30	24	56	20	e1_095	chrX	135191535	135291534	tandem duplication	2	c3_private	c3	0.5600	56
e1	c50p80m30	13	80	30	24	56	20	e1_096	chrX	135574003	135674002	inversion	None	c3_private	c3	0.5600	56
e1	c50p80m30	13	80	30	24	56	20	e1_097	chrX	138065358	138165357	tandem duplication	2	c3_private	c3	0.5600	56
e1	c50p80m30	13	80	30	24	56	20	e1_098	chrX	139008219	139108218	deletion	None	c3_private	c3	0.5600	56
e1	c50p80m30	13	80	30	24	56	20	e1_099	chrX	139757382	139857381	tandem duplication	2	c3_private	c3	0.5600	56
e1	c50p80m30	13	80	30	24	56	20	e1_100	chrX	140733352	140833351	tandem duplication	2	c3_private	c3	0.5600	56
e1	c50p80m30	13	80	30	24	56	20	e1_101	chrX	142533875	142633874	deletion	None	c3_private	c3	0.5600	56
e1	c50p80m30	13	80	30	24	56	20	e1_102	chrX	143689926	143789925	deletion	None	c3_private	c3	0.5600	56
e1	c50p80m30	13	80	30	24	56	20	e1_103	chrX	144987090	145087089	inversion	None	c3_private	c3	0.5600	56
e1	c50p80m30	13	80	30	24	56	20	e1_104	chrX	145425714	145525713	deletion	None	c3_private	c3	0.5600	56
e1	c50p80m30	13	80	30	24	56	20	e1_105	chrX	146887534	146987533	tandem duplication	2	c3_private	c3	0.5600	56
e1	c50p80m30	13	80	30	24	56	20	e1_106	chrX	147373941	147473940	inversion	None	c3_private	c3	0.5600	56
e1	c50p80m30	13	80	30	24	56	20	e1_107	chrX	149020794	149120793	tandem duplication	2	c3_private	c3	0.5600	56
e1	c50p80m30	13	80	30	24	56	20	e1_108	chrX	149123075	149223074	deletion	None	c3_private	c3	0.5600	56
e1	c50p80m30	13	80	30	24	56	20	e1_109	chrX	154292823	154392822	deletion	None	c3_private	c3	0.5600	56
e1	c50p80m50	14	80	50	40	40	20	e1_001	chrX	2832936	2932935	inversion	None	clonal	c2,c3	0.8000	80
e1	c50p80m50	14	80	50	40	40	20	e1_002	chrX	2970776	3070775	deletion	None	clonal	c2,c3	0.8000	80
e1	c50p80m50	14	80	50	40	40	20	e1_003	chrX	3563485	3663484	inversion	None	clonal	c2,c3	0.8000	80
e1	c50p80m50	14	80	50	40	40	20	e1_004	chrX	3818519	3918518	inversion	None	clonal	c2,c3	0.8000	80
e1	c50p80m50	14	80	50	40	40	20	e1_005	chrX	4672128	4772127	tandem duplication	2	clonal	c2,c3	0.8000	80
e1	c50p80m50	14	80	50	40	40	20	e1_006	chrX	5233503	5333502	deletion	None	clonal	c2,c3	0.8000	80
e1	c50p80m50	14	80	50	40	40	20	e1_007	chrX	6543875	6643874	tandem duplication	2	clonal	c2,c3	0.8000	80
e1	c50p80m50	14	80	50	40	40	20	e1_008	chrX	9603605	9703604	inversion	None	clonal	c2,c3	0.8000	80
e1	c50p80m50	14	80	50	40	40	20	e1_009	chrX	10232079	10332078	inversion	None	clonal	c2,c3	0.8000	80
e1	c50p80m50	14	80	50	40	40	20	e1_010	chrX	11063285	11163284	inversion	None	clonal	c2,c3	0.8000	80
e1	c50p80m50	14	80	50	40	40	20	e1_011	chrX	11695441	11795440	tandem duplication	2	clonal	c2,c3	0.8000	80
e1	c50p80m50	14	80	50	40	40	20	e1_012	chrX	12923319	13023318	deletion	None	clonal	c2,c3	0.8000	80
e1	c50p80m50	14	80	50	40	40	20	e1_013	chrX	13623023	13723022	deletion	None	clonal	c2,c3	0.8000	80
e1	c50p80m50	14	80	50	40	40	20	e1_014	chrX	13904122	14004121	deletion	None	clonal	c2,c3	0.8000	80
e1	c50p80m50	14	80	50	40	40	20	e1_015	chrX	15168670	15268669	inversion	None	clonal	c2,c3	0.8000	80
e1	c50p80m50	14	80	50	40	40	20	e1_016	chrX	15302420	15402419	tandem duplication	2	clonal	c2,c3	0.8000	80
e1	c50p80m50	14	80	50	40	40	20	e1_017	chrX	15620072	15720071	deletion	None	clonal	c2,c3	0.8000	80
e1	c50p80m50	14	80	50	40	40	20	e1_018	chrX	18715859	18815858	tandem duplication	2	clonal	c2,c3	0.8000	80
e1	c50p80m50	14	80	50	40	40	20	e1_019	chrX	19262220	19362219	deletion	None	clonal	c2,c3	0.8000	80
e1	c50p80m50	14	80	50	40	40	20	e1_020	chrX	19370030	19470029	inversion	None	clonal	c2,c3	0.8000	80
e1	c50p80m50	14	80	50	40	40	20	e1_021	chrX	19940500	20040499	inversion	None	clonal	c2,c3	0.8000	80
e1	c50p80m50	14	80	50	40	40	20	e1_022	chrX	27548664	27648663	inversion	None	clonal	c2,c3	0.8000	80
e1	c50p80m50	14	80	50	40	40	20	e1_023	chrX	32561614	32661613	tandem duplication	2	clonal	c2,c3	0.8000	80
e1	c50p80m50	14	80	50	40	40	20	e1_024	chrX	33922285	34022284	deletion	None	clonal	c2,c3	0.8000	80
e1	c50p80m50	14	80	50	40	40	20	e1_025	chrX	34425887	34525886	deletion	None	clonal	c2,c3	0.8000	80
e1	c50p80m50	14	80	50	40	40	20	e1_026	chrX	36559352	36659351	deletion	None	clonal	c2,c3	0.8000	80
e1	c50p80m50	14	80	50	40	40	20	e1_027	chrX	40112604	40212603	tandem duplication	2	clonal	c2,c3	0.8000	80
e1	c50p80m50	14	80	50	40	40	20	e1_028	chrX	40270712	40370711	deletion	None	clonal	c2,c3	0.8000	80
e1	c50p80m50	14	80	50	40	40	20	e1_029	chrX	40379921	40479920	deletion	None	clonal	c2,c3	0.8000	80
e1	c50p80m50	14	80	50	40	40	20	e1_030	chrX	42127066	42227065	deletion	None	clonal	c2,c3	0.8000	80
e1	c50p80m50	14	80	50	40	40	20	e1_031	chrX	43132234	43232233	inversion	None	clonal	c2,c3	0.8000	80
e1	c50p80m50	14	80	50	40	40	20	e1_032	chrX	43940261	44040260	deletion	None	clonal	c2,c3	0.8000	80
e1	c50p80m50	14	80	50	40	40	20	e1_033	chrX	45081984	45181983	deletion	None	clonal	c2,c3	0.8000	80
e1	c50p80m50	14	80	50	40	40	20	e1_034	chrX	45587683	45687682	inversion	None	clonal	c2,c3	0.8000	80
e1	c50p80m50	14	80	50	40	40	20	e1_035	chrX	48302805	48402804	deletion	None	clonal	c2,c3	0.8000	80
e1	c50p80m50	14	80	50	40	40	20	e1_036	chrX	48428654	48528653	tandem duplication	2	clonal	c2,c3	0.8000	80
e1	c50p80m50	14	80	50	40	40	20	e1_037	chrX	51997400	52097399	inversion	None	c2_private	c2	0.4000	40
e1	c50p80m50	14	80	50	40	40	20	e1_038	chrX	52835055	52935054	tandem duplication	2	c2_private	c2	0.4000	40
e1	c50p80m50	14	80	50	40	40	20	e1_039	chrX	54189756	54289755	deletion	None	c2_private	c2	0.4000	40
e1	c50p80m50	14	80	50	40	40	20	e1_040	chrX	64367754	64467753	tandem duplication	2	c2_private	c2	0.4000	40
e1	c50p80m50	14	80	50	40	40	20	e1_041	chrX	64652388	64752387	tandem duplication	2	c2_private	c2	0.4000	40
e1	c50p80m50	14	80	50	40	40	20	e1_042	chrX	65183647	65283646	tandem duplication	2	c2_private	c2	0.4000	40
e1	c50p80m50	14	80	50	40	40	20	e1_043	chrX	66718070	66818069	deletion	None	c2_private	c2	0.4000	40
e1	c50p80m50	14	80	50	40	40	20	e1_044	chrX	71456470	71556469	deletion	None	c2_private	c2	0.4000	40
e1	c50p80m50	14	80	50	40	40	20	e1_045	chrX	71644359	71744358	inversion	None	c2_private	c2	0.4000	40
e1	c50p80m50	14	80	50	40	40	20	e1_046	chrX	72325609	72425608	tandem duplication	2	c2_private	c2	0.4000	40
e1	c50p80m50	14	80	50	40	40	20	e1_047	chrX	72503747	72603746	inversion	None	c2_private	c2	0.4000	40
e1	c50p80m50	14	80	50	40	40	20	e1_048	chrX	72713963	72813962	tandem duplication	2	c2_private	c2	0.4000	40
e1	c50p80m50	14	80	50	40	40	20	e1_049	chrX	74443743	74543742	deletion	None	c2_private	c2	0.4000	40
e1	c50p80m50	14	80	50	40	40	20	e1_050	chrX	74715145	74815144	deletion	None	c2_private	c2	0.4000	40
e1	c50p80m50	14	80	50	40	40	20	e1_051	chrX	77762447	77862446	tandem duplication	2	c2_private	c2	0.4000	40
e1	c50p80m50	14	80	50	40	40	20	e1_052	chrX	77949336	78049335	deletion	None	c2_private	c2	0.4000	40
e1	c50p80m50	14	80	50	40	40	20	e1_053	chrX	78985331	79085330	tandem duplication	2	c2_private	c2	0.4000	40
e1	c50p80m50	14	80	50	40	40	20	e1_054	chrX	79917083	80017082	deletion	None	c2_private	c2	0.4000	40
e1	c50p80m50	14	80	50	40	40	20	e1_055	chrX	80341100	80441099	deletion	None	c2_private	c2	0.4000	40
e1	c50p80m50	14	80	50	40	40	20	e1_056	chrX	80990934	81090933	inversion	None	c2_private	c2	0.4000	40
e1	c50p80m50	14	80	50	40	40	20	e1_057	chrX	81587193	81687192	inversion	None	c2_private	c2	0.4000	40
e1	c50p80m50	14	80	50	40	40	20	e1_058	chrX	87271178	87371177	deletion	None	c2_private	c2	0.4000	40
e1	c50p80m50	14	80	50	40	40	20	e1_059	chrX	87448978	87548977	inversion	None	c2_private	c2	0.4000	40
e1	c50p80m50	14	80	50	40	40	20	e1_060	chrX	88270867	88370866	tandem duplication	2	c2_private	c2	0.4000	40
e1	c50p80m50	14	80	50	40	40	20	e1_061	chrX	90711299	90811298	inversion	None	c2_private	c2	0.4000	40
e1	c50p80m50	14	80	50	40	40	20	e1_062	chrX	90824787	90924786	tandem duplication	2	c2_private	c2	0.4000	40
e1	c50p80m50	14	80	50	40	40	20	e1_063	chrX	91490111	91590110	tandem duplication	2	c2_private	c2	0.4000	40
e1	c50p80m50	14	80	50	40	40	20	e1_064	chrX	91681649	91781648	deletion	None	c2_private	c2	0.4000	40
e1	c50p80m50	14	80	50	40	40	20	e1_065	chrX	95021316	95121315	inversion	None	c2_private	c2	0.4000	40
e1	c50p80m50	14	80	50	40	40	20	e1_066	chrX	96185229	96285228	inversion	None	c2_private	c2	0.4000	40
e1	c50p80m50	14	80	50	40	40	20	e1_067	chrX	96365853	96465852	tandem duplication	2	c2_private	c2	0.4000	40
e1	c50p80m50	14	80	50	40	40	20	e1_068	chrX	97185291	97285290	tandem duplication	2	c2_private	c2	0.4000	40
e1	c50p80m50	14	80	50	40	40	20	e1_069	chrX	98120471	98220470	inversion	None	c2_private	c2	0.4000	40
e1	c50p80m50	14	80	50	40	40	20	e1_070	chrX	99739980	99839979	inversion	None	c2_private	c2	0.4000	40
e1	c50p80m50	14	80	50	40	40	20	e1_071	chrX	103682488	103782487	tandem duplication	2	c2_private	c2	0.4000	40
e1	c50p80m50	14	80	50	40	40	20	e1_072	chrX	104390113	104490112	inversion	None	c2_private	c2	0.4000	40
e1	c50p80m50	14	80	50	40	40	20	e1_073	chrX	108688322	108788321	deletion	None	c3_private	c3	0.4000	40
e1	c50p80m50	14	80	50	40	40	20	e1_074	chrX	111452478	111552477	deletion	None	c3_private	c3	0.4000	40
e1	c50p80m50	14	80	50	40	40	20	e1_075	chrX	111980762	112080761	inversion	None	c3_private	c3	0.4000	40
e1	c50p80m50	14	80	50	40	40	20	e1_076	chrX	113794576	113894575	tandem duplication	2	c3_private	c3	0.4000	40
e1	c50p80m50	14	80	50	40	40	20	e1_077	chrX	117215849	117315848	inversion	None	c3_private	c3	0.4000	40
e1	c50p80m50	14	80	50	40	40	20	e1_078	chrX	117341371	117441370	tandem duplication	2	c3_private	c3	0.4000	40
e1	c50p80m50	14	80	50	40	40	20	e1_079	chrX	118267892	118367891	tandem duplication	2	c3_private	c3	0.4000	40
e1	c50p80m50	14	80	50	40	40	20	e1_080	chrX	119806400	119906399	tandem duplication	2	c3_private	c3	0.4000	40
e1	c50p80m50	14	80	50	40	40	20	e1_081	chrX	121150720	121250719	deletion	None	c3_private	c3	0.4000	40
e1	c50p80m50	14	80	50	40	40	20	e1_082	chrX	121649937	121749936	deletion	None	c3_private	c3	0.4000	40
e1	c50p80m50	14	80	50	40	40	20	e1_083	chrX	121838711	121938710	inversion	None	c3_private	c3	0.4000	40
e1	c50p80m50	14	80	50	40	40	20	e1_084	chrX	122642691	122742690	inversion	None	c3_private	c3	0.4000	40
e1	c50p80m50	14	80	50	40	40	20	e1_085	chrX	123084150	123184149	inversion	None	c3_private	c3	0.4000	40
e1	c50p80m50	14	80	50	40	40	20	e1_086	chrX	123745699	123845698	inversion	None	c3_private	c3	0.4000	40
e1	c50p80m50	14	80	50	40	40	20	e1_087	chrX	124051807	124151806	tandem duplication	2	c3_private	c3	0.4000	40
e1	c50p80m50	14	80	50	40	40	20	e1_088	chrX	125192690	125292689	inversion	None	c3_private	c3	0.4000	40
e1	c50p80m50	14	80	50	40	40	20	e1_089	chrX	127616962	127716961	inversion	None	c3_private	c3	0.4000	40
e1	c50p80m50	14	80	50	40	40	20	e1_090	chrX	128638984	128738983	deletion	None	c3_private	c3	0.4000	40
e1	c50p80m50	14	80	50	40	40	20	e1_091	chrX	131507952	131607951	tandem duplication	2	c3_private	c3	0.4000	40
e1	c50p80m50	14	80	50	40	40	20	e1_092	chrX	132155283	132255282	tandem duplication	2	c3_private	c3	0.4000	40
e1	c50p80m50	14	80	50	40	40	20	e1_093	chrX	133100879	133200878	inversion	None	c3_private	c3	0.4000	40
e1	c50p80m50	14	80	50	40	40	20	e1_094	chrX	134248129	134348128	tandem duplication	2	c3_private	c3	0.4000	40
e1	c50p80m50	14	80	50	40	40	20	e1_095	chrX	135191535	135291534	tandem duplication	2	c3_private	c3	0.4000	40
e1	c50p80m50	14	80	50	40	40	20	e1_096	chrX	135574003	135674002	inversion	None	c3_private	c3	0.4000	40
e1	c50p80m50	14	80	50	40	40	20	e1_097	chrX	138065358	138165357	tandem duplication	2	c3_private	c3	0.4000	40
e1	c50p80m50	14	80	50	40	40	20	e1_098	chrX	139008219	139108218	deletion	None	c3_private	c3	0.4000	40
e1	c50p80m50	14	80	50	40	40	20	e1_099	chrX	139757382	139857381	tandem duplication	2	c3_private	c3	0.4000	40
e1	c50p80m50	14	80	50	40	40	20	e1_100	chrX	140733352	140833351	tandem duplication	2	c3_private	c3	0.4000	40
e1	c50p80m50	14	80	50	40	40	20	e1_101	chrX	142533875	142633874	deletion	None	c3_private	c3	0.4000	40
e1	c50p80m50	14	80	50	40	40	20	e1_102	chrX	143689926	143789925	deletion	None	c3_private	c3	0.4000	40
e1	c50p80m50	14	80	50	40	40	20	e1_103	chrX	144987090	145087089	inversion	None	c3_private	c3	0.4000	40
e1	c50p80m50	14	80	50	40	40	20	e1_104	chrX	145425714	145525713	deletion	None	c3_private	c3	0.4000	40
e1	c50p80m50	14	80	50	40	40	20	e1_105	chrX	146887534	146987533	tandem duplication	2	c3_private	c3	0.4000	40
e1	c50p80m50	14	80	50	40	40	20	e1_106	chrX	147373941	147473940	inversion	None	c3_private	c3	0.4000	40
e1	c50p80m50	14	80	50	40	40	20	e1_107	chrX	149020794	149120793	tandem duplication	2	c3_private	c3	0.4000	40
e1	c50p80m50	14	80	50	40	40	20	e1_108	chrX	149123075	149223074	deletion	None	c3_private	c3	0.4000	40
e1	c50p80m50	14	80	50	40	40	20	e1_109	chrX	154292823	154392822	deletion	None	c3_private	c3	0.4000	40
e2	c50p10m10	15	10	10	1	9	90	cnv_001	chrX	7534655	7634654	deletion	None	clonal	c2,c3	0.1000	10
e2	c50p10m10	15	10	10	1	9	90	cnv_002	chrX	10392001	10492000	deletion	None	clonal	c2,c3	0.1000	10
e2	c50p10m10	15	10	10	1	9	90	cnv_003	chrX	12113065	12213064	deletion	None	clonal	c2,c3	0.1000	10
e2	c50p10m10	15	10	10	1	9	90	cnv_004	chrX	12451669	12551668	deletion	None	clonal	c2,c3	0.1000	10
e2	c50p10m10	15	10	10	1	9	90	cnv_005	chrX	12622845	12722844	inversion	None	clonal	c2,c3	0.1000	10
e2	c50p10m10	15	10	10	1	9	90	cnv_006	chrX	14368243	14468242	deletion	None	clonal	c2,c3	0.1000	10
e2	c50p10m10	15	10	10	1	9	90	cnv_007	chrX	16255989	16355988	inversion	None	clonal	c2,c3	0.1000	10
e2	c50p10m10	15	10	10	1	9	90	cnv_008	chrX	18791669	18891668	inversion	None	clonal	c2,c3	0.1000	10
e2	c50p10m10	15	10	10	1	9	90	cnv_009	chrX	18938577	19038576	deletion	None	clonal	c2,c3	0.1000	10
e2	c50p10m10	15	10	10	1	9	90	cnv_010	chrX	20575628	20675627	deletion	None	clonal	c2,c3	0.1000	10
e2	c50p10m10	15	10	10	1	9	90	cnv_011	chrX	20779427	20879426	inversion	None	clonal	c2,c3	0.1000	10
e2	c50p10m10	15	10	10	1	9	90	cnv_012	chrX	21300398	21400397	inversion	None	clonal	c2,c3	0.1000	10
e2	c50p10m10	15	10	10	1	9	90	cnv_013	chrX	22604418	22704417	deletion	None	clonal	c2,c3	0.1000	10
e2	c50p10m10	15	10	10	1	9	90	cnv_014	chrX	22716399	22816398	inversion	None	clonal	c2,c3	0.1000	10
e2	c50p10m10	15	10	10	1	9	90	cnv_015	chrX	25126924	25226923	deletion	None	clonal	c2,c3	0.1000	10
e2	c50p10m10	15	10	10	1	9	90	cnv_016	chrX	28852336	28952335	deletion	None	clonal	c2,c3	0.1000	10
e2	c50p10m10	15	10	10	1	9	90	cnv_017	chrX	30410890	30510889	deletion	None	clonal	c2,c3	0.1000	10
e2	c50p10m10	15	10	10	1	9	90	cnv_018	chrX	31928834	32028833	inversion	None	clonal	c2,c3	0.1000	10
e2	c50p10m10	15	10	10	1	9	90	cnv_019	chrX	32290755	32390754	inversion	None	clonal	c2,c3	0.1000	10
e2	c50p10m10	15	10	10	1	9	90	cnv_020	chrX	33445241	33545240	deletion	None	clonal	c2,c3	0.1000	10
e2	c50p10m10	15	10	10	1	9	90	cnv_021	chrX	33730254	33830253	inversion	None	clonal	c2,c3	0.1000	10
e2	c50p10m10	15	10	10	1	9	90	cnv_022	chrX	34594945	34694944	deletion	None	clonal	c2,c3	0.1000	10
e2	c50p10m10	15	10	10	1	9	90	cnv_023	chrX	34846067	34946066	inversion	None	clonal	c2,c3	0.1000	10
e2	c50p10m10	15	10	10	1	9	90	cnv_024	chrX	35101599	35201598	deletion	None	clonal	c2,c3	0.1000	10
e2	c50p10m10	15	10	10	1	9	90	cnv_025	chrX	35756414	35856413	inversion	None	clonal	c2,c3	0.1000	10
e2	c50p10m10	15	10	10	1	9	90	cnv_026	chrX	38780830	38880829	inversion	None	clonal	c2,c3	0.1000	10
e2	c50p10m10	15	10	10	1	9	90	cnv_027	chrX	39218579	39318578	deletion	None	clonal	c2,c3	0.1000	10
e2	c50p10m10	15	10	10	1	9	90	cnv_028	chrX	39964009	40064008	inversion	None	clonal	c2,c3	0.1000	10
e2	c50p10m10	15	10	10	1	9	90	cnv_029	chrX	40190233	40290232	inversion	None	clonal	c2,c3	0.1000	10
e2	c50p10m10	15	10	10	1	9	90	cnv_030	chrX	41964843	42064842	inversion	None	clonal	c2,c3	0.1000	10
e2	c50p10m10	15	10	10	1	9	90	cnv_031	chrX	45865164	45965163	deletion	None	clonal	c2,c3	0.1000	10
e2	c50p10m10	15	10	10	1	9	90	cnv_032	chrX	46009804	46109803	deletion	None	clonal	c2,c3	0.1000	10
e2	c50p10m10	15	10	10	1	9	90	cnv_033	chrX	46543011	46643010	inversion	None	clonal	c2,c3	0.1000	10
e2	c50p10m10	15	10	10	1	9	90	cnv_034	chrX	47416632	47516631	inversion	None	clonal	c2,c3	0.1000	10
e2	c50p10m10	15	10	10	1	9	90	cnv_035	chrX	48046028	48146027	inversion	None	clonal	c2,c3	0.1000	10
e2	c50p10m10	15	10	10	1	9	90	cnv_036	chrX	49099756	49199755	inversion	None	clonal	c2,c3	0.1000	10
e2	c50p10m10	15	10	10	1	9	90	cnv_037	chrX	49586904	49686903	deletion	None	clonal	c2,c3	0.1000	10
e2	c50p10m10	15	10	10	1	9	90	cnv_038	chrX	51219613	51319612	deletion	None	c2_private	c2	0.0100	1
e2	c50p10m10	15	10	10	1	9	90	cnv_039	chrX	52282733	52382732	inversion	None	c2_private	c2	0.0100	1
e2	c50p10m10	15	10	10	1	9	90	cnv_040	chrX	52828302	52928301	inversion	None	c2_private	c2	0.0100	1
e2	c50p10m10	15	10	10	1	9	90	cnv_041	chrX	53433174	53533173	inversion	None	c2_private	c2	0.0100	1
e2	c50p10m10	15	10	10	1	9	90	cnv_042	chrX	54303323	54403322	inversion	None	c2_private	c2	0.0100	1
e2	c50p10m10	15	10	10	1	9	90	cnv_043	chrX	54996975	55096974	deletion	None	c2_private	c2	0.0100	1
e2	c50p10m10	15	10	10	1	9	90	cnv_044	chrX	56708059	56808058	deletion	None	c2_private	c2	0.0100	1
e2	c50p10m10	15	10	10	1	9	90	cnv_045	chrX	64768560	64868559	inversion	None	c2_private	c2	0.0100	1
e2	c50p10m10	15	10	10	1	9	90	cnv_046	chrX	66999575	67099574	inversion	None	c2_private	c2	0.0100	1
e2	c50p10m10	15	10	10	1	9	90	cnv_047	chrX	67196579	67296578	deletion	None	c2_private	c2	0.0100	1
e2	c50p10m10	15	10	10	1	9	90	cnv_048	chrX	68245435	68345434	deletion	None	c2_private	c2	0.0100	1
e2	c50p10m10	15	10	10	1	9	90	cnv_049	chrX	69313490	69413489	inversion	None	c2_private	c2	0.0100	1
e2	c50p10m10	15	10	10	1	9	90	cnv_050	chrX	69578797	69678796	deletion	None	c2_private	c2	0.0100	1
e2	c50p10m10	15	10	10	1	9	90	cnv_051	chrX	70072789	70172788	inversion	None	c2_private	c2	0.0100	1
e2	c50p10m10	15	10	10	1	9	90	cnv_052	chrX	70415058	70515057	deletion	None	c2_private	c2	0.0100	1
e2	c50p10m10	15	10	10	1	9	90	cnv_053	chrX	70737488	70837487	inversion	None	c2_private	c2	0.0100	1
e2	c50p10m10	15	10	10	1	9	90	cnv_054	chrX	71158330	71258329	inversion	None	c2_private	c2	0.0100	1
e2	c50p10m10	15	10	10	1	9	90	cnv_055	chrX	74974791	75074790	deletion	None	c2_private	c2	0.0100	1
e2	c50p10m10	15	10	10	1	9	90	cnv_056	chrX	75760354	75860353	deletion	None	c2_private	c2	0.0100	1
e2	c50p10m10	15	10	10	1	9	90	cnv_057	chrX	76493731	76593730	inversion	None	c2_private	c2	0.0100	1
e2	c50p10m10	15	10	10	1	9	90	cnv_058	chrX	77427278	77527277	inversion	None	c2_private	c2	0.0100	1
e2	c50p10m10	15	10	10	1	9	90	cnv_059	chrX	77697373	77797372	deletion	None	c2_private	c2	0.0100	1
e2	c50p10m10	15	10	10	1	9	90	cnv_060	chrX	78286754	78386753	deletion	None	c2_private	c2	0.0100	1
e2	c50p10m10	15	10	10	1	9	90	cnv_061	chrX	81211472	81311471	deletion	None	c2_private	c2	0.0100	1
e2	c50p10m10	15	10	10	1	9	90	cnv_062	chrX	83157545	83257544	inversion	None	c2_private	c2	0.0100	1
e2	c50p10m10	15	10	10	1	9	90	cnv_063	chrX	83434710	83534709	inversion	None	c2_private	c2	0.0100	1
e2	c50p10m10	15	10	10	1	9	90	cnv_064	chrX	87748068	87848067	deletion	None	c2_private	c2	0.0100	1
e2	c50p10m10	15	10	10	1	9	90	cnv_065	chrX	89210691	89310690	deletion	None	c2_private	c2	0.0100	1
e2	c50p10m10	15	10	10	1	9	90	cnv_066	chrX	90723254	90823253	deletion	None	c2_private	c2	0.0100	1
e2	c50p10m10	15	10	10	1	9	90	cnv_067	chrX	92586296	92686295	inversion	None	c2_private	c2	0.0100	1
e2	c50p10m10	15	10	10	1	9	90	cnv_068	chrX	94048223	94148222	deletion	None	c2_private	c2	0.0100	1
e2	c50p10m10	15	10	10	1	9	90	cnv_069	chrX	94591766	94691765	inversion	None	c2_private	c2	0.0100	1
e2	c50p10m10	15	10	10	1	9	90	cnv_070	chrX	95097124	95197123	deletion	None	c2_private	c2	0.0100	1
e2	c50p10m10	15	10	10	1	9	90	cnv_071	chrX	95767788	95867787	inversion	None	c2_private	c2	0.0100	1
e2	c50p10m10	15	10	10	1	9	90	cnv_072	chrX	97056317	97156316	inversion	None	c2_private	c2	0.0100	1
e2	c50p10m10	15	10	10	1	9	90	cnv_073	chrX	97804709	97904708	deletion	None	c2_private	c2	0.0100	1
e2	c50p10m10	15	10	10	1	9	90	cnv_074	chrX	100503375	100603374	inversion	None	c2_private	c2	0.0100	1
e2	c50p10m10	15	10	10	1	9	90	cnv_075	chrX	103025775	103125774	inversion	None	c3_private	c3	0.0900	9
e2	c50p10m10	15	10	10	1	9	90	cnv_076	chrX	104858118	104958117	inversion	None	c3_private	c3	0.0900	9
e2	c50p10m10	15	10	10	1	9	90	cnv_077	chrX	105469655	105569654	inversion	None	c3_private	c3	0.0900	9
e2	c50p10m10	15	10	10	1	9	90	cnv_078	chrX	106587021	106687020	inversion	None	c3_private	c3	0.0900	9
e2	c50p10m10	15	10	10	1	9	90	cnv_079	chrX	109684210	109784209	deletion	None	c3_private	c3	0.0900	9
e2	c50p10m10	15	10	10	1	9	90	cnv_080	chrX	112219541	112319540	deletion	None	c3_private	c3	0.0900	9
e2	c50p10m10	15	10	10	1	9	90	cnv_081	chrX	113223197	113323196	deletion	None	c3_private	c3	0.0900	9
e2	c50p10m10	15	10	10	1	9	90	cnv_082	chrX	113522070	113622069	inversion	None	c3_private	c3	0.0900	9
e2	c50p10m10	15	10	10	1	9	90	cnv_083	chrX	115234491	115334490	deletion	None	c3_private	c3	0.0900	9
e2	c50p10m10	15	10	10	1	9	90	cnv_084	chrX	115497064	115597063	deletion	None	c3_private	c3	0.0900	9
e2	c50p10m10	15	10	10	1	9	90	cnv_085	chrX	118728698	118828697	inversion	None	c3_private	c3	0.0900	9
e2	c50p10m10	15	10	10	1	9	90	cnv_086	chrX	119368691	119468690	deletion	None	c3_private	c3	0.0900	9
e2	c50p10m10	15	10	10	1	9	90	cnv_087	chrX	121040239	121140238	deletion	None	c3_private	c3	0.0900	9
e2	c50p10m10	15	10	10	1	9	90	cnv_088	chrX	121783132	121883131	deletion	None	c3_private	c3	0.0900	9
e2	c50p10m10	15	10	10	1	9	90	cnv_089	chrX	126101979	126201978	deletion	None	c3_private	c3	0.0900	9
e2	c50p10m10	15	10	10	1	9	90	cnv_090	chrX	130412338	130512337	inversion	None	c3_private	c3	0.0900	9
e2	c50p10m10	15	10	10	1	9	90	cnv_091	chrX	130947691	131047690	inversion	None	c3_private	c3	0.0900	9
e2	c50p10m10	15	10	10	1	9	90	cnv_092	chrX	131342494	131442493	inversion	None	c3_private	c3	0.0900	9
e2	c50p10m10	15	10	10	1	9	90	cnv_093	chrX	133615367	133715366	inversion	None	c3_private	c3	0.0900	9
e2	c50p10m10	15	10	10	1	9	90	cnv_094	chrX	133841307	133941306	inversion	None	c3_private	c3	0.0900	9
e2	c50p10m10	15	10	10	1	9	90	cnv_095	chrX	135048129	135148128	deletion	None	c3_private	c3	0.0900	9
e2	c50p10m10	15	10	10	1	9	90	cnv_096	chrX	136315184	136415183	inversion	None	c3_private	c3	0.0900	9
e2	c50p10m10	15	10	10	1	9	90	cnv_097	chrX	137740038	137840037	inversion	None	c3_private	c3	0.0900	9
e2	c50p10m10	15	10	10	1	9	90	cnv_098	chrX	142163532	142263531	deletion	None	c3_private	c3	0.0900	9
e2	c50p10m10	15	10	10	1	9	90	cnv_099	chrX	142326428	142426427	inversion	None	c3_private	c3	0.0900	9
e2	c50p10m10	15	10	10	1	9	90	cnv_100	chrX	142852663	142952662	deletion	None	c3_private	c3	0.0900	9
e2	c50p10m10	15	10	10	1	9	90	cnv_101	chrX	143052907	143152906	inversion	None	c3_private	c3	0.0900	9
e2	c50p10m10	15	10	10	1	9	90	cnv_102	chrX	143211943	143311942	deletion	None	c3_private	c3	0.0900	9
e2	c50p10m10	15	10	10	1	9	90	cnv_103	chrX	143832911	143932910	deletion	None	c3_private	c3	0.0900	9
e2	c50p10m10	15	10	10	1	9	90	cnv_104	chrX	144581680	144681679	inversion	None	c3_private	c3	0.0900	9
e2	c50p10m10	15	10	10	1	9	90	cnv_105	chrX	148152530	148252529	deletion	None	c3_private	c3	0.0900	9
e2	c50p10m10	15	10	10	1	9	90	cnv_106	chrX	149252704	149352703	deletion	None	c3_private	c3	0.0900	9
e2	c50p10m10	15	10	10	1	9	90	cnv_107	chrX	151425507	151525506	deletion	None	c3_private	c3	0.0900	9
e2	c50p10m10	15	10	10	1	9	90	cnv_108	chrX	151986036	152086035	inversion	None	c3_private	c3	0.0900	9
e2	c50p10m10	15	10	10	1	9	90	cnv_109	chrX	153163327	153263326	deletion	None	c3_private	c3	0.0900	9
e2	c50p10m10	15	10	10	1	9	90	cnv_110	chrX	153599472	153699471	deletion	None	c3_private	c3	0.0900	9
e2	c50p10m30	16	10	30	3	7	90	cnv_001	chrX	7534655	7634654	deletion	None	clonal	c2,c3	0.1000	10
e2	c50p10m30	16	10	30	3	7	90	cnv_002	chrX	10392001	10492000	deletion	None	clonal	c2,c3	0.1000	10
e2	c50p10m30	16	10	30	3	7	90	cnv_003	chrX	12113065	12213064	deletion	None	clonal	c2,c3	0.1000	10
e2	c50p10m30	16	10	30	3	7	90	cnv_004	chrX	12451669	12551668	deletion	None	clonal	c2,c3	0.1000	10
e2	c50p10m30	16	10	30	3	7	90	cnv_005	chrX	12622845	12722844	inversion	None	clonal	c2,c3	0.1000	10
e2	c50p10m30	16	10	30	3	7	90	cnv_006	chrX	14368243	14468242	deletion	None	clonal	c2,c3	0.1000	10
e2	c50p10m30	16	10	30	3	7	90	cnv_007	chrX	16255989	16355988	inversion	None	clonal	c2,c3	0.1000	10
e2	c50p10m30	16	10	30	3	7	90	cnv_008	chrX	18791669	18891668	inversion	None	clonal	c2,c3	0.1000	10
e2	c50p10m30	16	10	30	3	7	90	cnv_009	chrX	18938577	19038576	deletion	None	clonal	c2,c3	0.1000	10
e2	c50p10m30	16	10	30	3	7	90	cnv_010	chrX	20575628	20675627	deletion	None	clonal	c2,c3	0.1000	10
e2	c50p10m30	16	10	30	3	7	90	cnv_011	chrX	20779427	20879426	inversion	None	clonal	c2,c3	0.1000	10
e2	c50p10m30	16	10	30	3	7	90	cnv_012	chrX	21300398	21400397	inversion	None	clonal	c2,c3	0.1000	10
e2	c50p10m30	16	10	30	3	7	90	cnv_013	chrX	22604418	22704417	deletion	None	clonal	c2,c3	0.1000	10
e2	c50p10m30	16	10	30	3	7	90	cnv_014	chrX	22716399	22816398	inversion	None	clonal	c2,c3	0.1000	10
e2	c50p10m30	16	10	30	3	7	90	cnv_015	chrX	25126924	25226923	deletion	None	clonal	c2,c3	0.1000	10
e2	c50p10m30	16	10	30	3	7	90	cnv_016	chrX	28852336	28952335	deletion	None	clonal	c2,c3	0.1000	10
e2	c50p10m30	16	10	30	3	7	90	cnv_017	chrX	30410890	30510889	deletion	None	clonal	c2,c3	0.1000	10
e2	c50p10m30	16	10	30	3	7	90	cnv_018	chrX	31928834	32028833	inversion	None	clonal	c2,c3	0.1000	10
e2	c50p10m30	16	10	30	3	7	90	cnv_019	chrX	32290755	32390754	inversion	None	clonal	c2,c3	0.1000	10
e2	c50p10m30	16	10	30	3	7	90	cnv_020	chrX	33445241	33545240	deletion	None	clonal	c2,c3	0.1000	10
e2	c50p10m30	16	10	30	3	7	90	cnv_021	chrX	33730254	33830253	inversion	None	clonal	c2,c3	0.1000	10
e2	c50p10m30	16	10	30	3	7	90	cnv_022	chrX	34594945	34694944	deletion	None	clonal	c2,c3	0.1000	10
e2	c50p10m30	16	10	30	3	7	90	cnv_023	chrX	34846067	34946066	inversion	None	clonal	c2,c3	0.1000	10
e2	c50p10m30	16	10	30	3	7	90	cnv_024	chrX	35101599	35201598	deletion	None	clonal	c2,c3	0.1000	10
e2	c50p10m30	16	10	30	3	7	90	cnv_025	chrX	35756414	35856413	inversion	None	clonal	c2,c3	0.1000	10
e2	c50p10m30	16	10	30	3	7	90	cnv_026	chrX	38780830	38880829	inversion	None	clonal	c2,c3	0.1000	10
e2	c50p10m30	16	10	30	3	7	90	cnv_027	chrX	39218579	39318578	deletion	None	clonal	c2,c3	0.1000	10
e2	c50p10m30	16	10	30	3	7	90	cnv_028	chrX	39964009	40064008	inversion	None	clonal	c2,c3	0.1000	10
e2	c50p10m30	16	10	30	3	7	90	cnv_029	chrX	40190233	40290232	inversion	None	clonal	c2,c3	0.1000	10
e2	c50p10m30	16	10	30	3	7	90	cnv_030	chrX	41964843	42064842	inversion	None	clonal	c2,c3	0.1000	10
e2	c50p10m30	16	10	30	3	7	90	cnv_031	chrX	45865164	45965163	deletion	None	clonal	c2,c3	0.1000	10
e2	c50p10m30	16	10	30	3	7	90	cnv_032	chrX	46009804	46109803	deletion	None	clonal	c2,c3	0.1000	10
e2	c50p10m30	16	10	30	3	7	90	cnv_033	chrX	46543011	46643010	inversion	None	clonal	c2,c3	0.1000	10
e2	c50p10m30	16	10	30	3	7	90	cnv_034	chrX	47416632	47516631	inversion	None	clonal	c2,c3	0.1000	10
e2	c50p10m30	16	10	30	3	7	90	cnv_035	chrX	48046028	48146027	inversion	None	clonal	c2,c3	0.1000	10
e2	c50p10m30	16	10	30	3	7	90	cnv_036	chrX	49099756	49199755	inversion	None	clonal	c2,c3	0.1000	10
e2	c50p10m30	16	10	30	3	7	90	cnv_037	chrX	49586904	49686903	deletion	None	clonal	c2,c3	0.1000	10
e2	c50p10m30	16	10	30	3	7	90	cnv_038	chrX	51219613	51319612	deletion	None	c2_private	c2	0.0300	3
e2	c50p10m30	16	10	30	3	7	90	cnv_039	chrX	52282733	52382732	inversion	None	c2_private	c2	0.0300	3
e2	c50p10m30	16	10	30	3	7	90	cnv_040	chrX	52828302	52928301	inversion	None	c2_private	c2	0.0300	3
e2	c50p10m30	16	10	30	3	7	90	cnv_041	chrX	53433174	53533173	inversion	None	c2_private	c2	0.0300	3
e2	c50p10m30	16	10	30	3	7	90	cnv_042	chrX	54303323	54403322	inversion	None	c2_private	c2	0.0300	3
e2	c50p10m30	16	10	30	3	7	90	cnv_043	chrX	54996975	55096974	deletion	None	c2_private	c2	0.0300	3
e2	c50p10m30	16	10	30	3	7	90	cnv_044	chrX	56708059	56808058	deletion	None	c2_private	c2	0.0300	3
e2	c50p10m30	16	10	30	3	7	90	cnv_045	chrX	64768560	64868559	inversion	None	c2_private	c2	0.0300	3
e2	c50p10m30	16	10	30	3	7	90	cnv_046	chrX	66999575	67099574	inversion	None	c2_private	c2	0.0300	3
e2	c50p10m30	16	10	30	3	7	90	cnv_047	chrX	67196579	67296578	deletion	None	c2_private	c2	0.0300	3
e2	c50p10m30	16	10	30	3	7	90	cnv_048	chrX	68245435	68345434	deletion	None	c2_private	c2	0.0300	3
e2	c50p10m30	16	10	30	3	7	90	cnv_049	chrX	69313490	69413489	inversion	None	c2_private	c2	0.0300	3
e2	c50p10m30	16	10	30	3	7	90	cnv_050	chrX	69578797	69678796	deletion	None	c2_private	c2	0.0300	3
e2	c50p10m30	16	10	30	3	7	90	cnv_051	chrX	70072789	70172788	inversion	None	c2_private	c2	0.0300	3
e2	c50p10m30	16	10	30	3	7	90	cnv_052	chrX	70415058	70515057	deletion	None	c2_private	c2	0.0300	3
e2	c50p10m30	16	10	30	3	7	90	cnv_053	chrX	70737488	70837487	inversion	None	c2_private	c2	0.0300	3
e2	c50p10m30	16	10	30	3	7	90	cnv_054	chrX	71158330	71258329	inversion	None	c2_private	c2	0.0300	3
e2	c50p10m30	16	10	30	3	7	90	cnv_055	chrX	74974791	75074790	deletion	None	c2_private	c2	0.0300	3
e2	c50p10m30	16	10	30	3	7	90	cnv_056	chrX	75760354	75860353	deletion	None	c2_private	c2	0.0300	3
e2	c50p10m30	16	10	30	3	7	90	cnv_057	chrX	76493731	76593730	inversion	None	c2_private	c2	0.0300	3
e2	c50p10m30	16	10	30	3	7	90	cnv_058	chrX	77427278	77527277	inversion	None	c2_private	c2	0.0300	3
e2	c50p10m30	16	10	30	3	7	90	cnv_059	chrX	77697373	77797372	deletion	None	c2_private	c2	0.0300	3
e2	c50p10m30	16	10	30	3	7	90	cnv_060	chrX	78286754	78386753	deletion	None	c2_private	c2	0.0300	3
e2	c50p10m30	16	10	30	3	7	90	cnv_061	chrX	81211472	81311471	deletion	None	c2_private	c2	0.0300	3
e2	c50p10m30	16	10	30	3	7	90	cnv_062	chrX	83157545	83257544	inversion	None	c2_private	c2	0.0300	3
e2	c50p10m30	16	10	30	3	7	90	cnv_063	chrX	83434710	83534709	inversion	None	c2_private	c2	0.0300	3
e2	c50p10m30	16	10	30	3	7	90	cnv_064	chrX	87748068	87848067	deletion	None	c2_private	c2	0.0300	3
e2	c50p10m30	16	10	30	3	7	90	cnv_065	chrX	89210691	89310690	deletion	None	c2_private	c2	0.0300	3
e2	c50p10m30	16	10	30	3	7	90	cnv_066	chrX	90723254	90823253	deletion	None	c2_private	c2	0.0300	3
e2	c50p10m30	16	10	30	3	7	90	cnv_067	chrX	92586296	92686295	inversion	None	c2_private	c2	0.0300	3
e2	c50p10m30	16	10	30	3	7	90	cnv_068	chrX	94048223	94148222	deletion	None	c2_private	c2	0.0300	3
e2	c50p10m30	16	10	30	3	7	90	cnv_069	chrX	94591766	94691765	inversion	None	c2_private	c2	0.0300	3
e2	c50p10m30	16	10	30	3	7	90	cnv_070	chrX	95097124	95197123	deletion	None	c2_private	c2	0.0300	3
e2	c50p10m30	16	10	30	3	7	90	cnv_071	chrX	95767788	95867787	inversion	None	c2_private	c2	0.0300	3
e2	c50p10m30	16	10	30	3	7	90	cnv_072	chrX	97056317	97156316	inversion	None	c2_private	c2	0.0300	3
e2	c50p10m30	16	10	30	3	7	90	cnv_073	chrX	97804709	97904708	deletion	None	c2_private	c2	0.0300	3
e2	c50p10m30	16	10	30	3	7	90	cnv_074	chrX	100503375	100603374	inversion	None	c2_private	c2	0.0300	3
e2	c50p10m30	16	10	30	3	7	90	cnv_075	chrX	103025775	103125774	inversion	None	c3_private	c3	0.0700	7
e2	c50p10m30	16	10	30	3	7	90	cnv_076	chrX	104858118	104958117	inversion	None	c3_private	c3	0.0700	7
e2	c50p10m30	16	10	30	3	7	90	cnv_077	chrX	105469655	105569654	inversion	None	c3_private	c3	0.0700	7
e2	c50p10m30	16	10	30	3	7	90	cnv_078	chrX	106587021	106687020	inversion	None	c3_private	c3	0.0700	7
e2	c50p10m30	16	10	30	3	7	90	cnv_079	chrX	109684210	109784209	deletion	None	c3_private	c3	0.0700	7
e2	c50p10m30	16	10	30	3	7	90	cnv_080	chrX	112219541	112319540	deletion	None	c3_private	c3	0.0700	7
e2	c50p10m30	16	10	30	3	7	90	cnv_081	chrX	113223197	113323196	deletion	None	c3_private	c3	0.0700	7
e2	c50p10m30	16	10	30	3	7	90	cnv_082	chrX	113522070	113622069	inversion	None	c3_private	c3	0.0700	7
e2	c50p10m30	16	10	30	3	7	90	cnv_083	chrX	115234491	115334490	deletion	None	c3_private	c3	0.0700	7
e2	c50p10m30	16	10	30	3	7	90	cnv_084	chrX	115497064	115597063	deletion	None	c3_private	c3	0.0700	7
e2	c50p10m30	16	10	30	3	7	90	cnv_085	chrX	118728698	118828697	inversion	None	c3_private	c3	0.0700	7
e2	c50p10m30	16	10	30	3	7	90	cnv_086	chrX	119368691	119468690	deletion	None	c3_private	c3	0.0700	7
e2	c50p10m30	16	10	30	3	7	90	cnv_087	chrX	121040239	121140238	deletion	None	c3_private	c3	0.0700	7
e2	c50p10m30	16	10	30	3	7	90	cnv_088	chrX	121783132	121883131	deletion	None	c3_private	c3	0.0700	7
e2	c50p10m30	16	10	30	3	7	90	cnv_089	chrX	126101979	126201978	deletion	None	c3_private	c3	0.0700	7
e2	c50p10m30	16	10	30	3	7	90	cnv_090	chrX	130412338	130512337	inversion	None	c3_private	c3	0.0700	7
e2	c50p10m30	16	10	30	3	7	90	cnv_091	chrX	130947691	131047690	inversion	None	c3_private	c3	0.0700	7
e2	c50p10m30	16	10	30	3	7	90	cnv_092	chrX	131342494	131442493	inversion	None	c3_private	c3	0.0700	7
e2	c50p10m30	16	10	30	3	7	90	cnv_093	chrX	133615367	133715366	inversion	None	c3_private	c3	0.0700	7
e2	c50p10m30	16	10	30	3	7	90	cnv_094	chrX	133841307	133941306	inversion	None	c3_private	c3	0.0700	7
e2	c50p10m30	16	10	30	3	7	90	cnv_095	chrX	135048129	135148128	deletion	None	c3_private	c3	0.0700	7
e2	c50p10m30	16	10	30	3	7	90	cnv_096	chrX	136315184	136415183	inversion	None	c3_private	c3	0.0700	7
e2	c50p10m30	16	10	30	3	7	90	cnv_097	chrX	137740038	137840037	inversion	None	c3_private	c3	0.0700	7
e2	c50p10m30	16	10	30	3	7	90	cnv_098	chrX	142163532	142263531	deletion	None	c3_private	c3	0.0700	7
e2	c50p10m30	16	10	30	3	7	90	cnv_099	chrX	142326428	142426427	inversion	None	c3_private	c3	0.0700	7
e2	c50p10m30	16	10	30	3	7	90	cnv_100	chrX	142852663	142952662	deletion	None	c3_private	c3	0.0700	7
e2	c50p10m30	16	10	30	3	7	90	cnv_101	chrX	143052907	143152906	inversion	None	c3_private	c3	0.0700	7
e2	c50p10m30	16	10	30	3	7	90	cnv_102	chrX	143211943	143311942	deletion	None	c3_private	c3	0.0700	7
e2	c50p10m30	16	10	30	3	7	90	cnv_103	chrX	143832911	143932910	deletion	None	c3_private	c3	0.0700	7
e2	c50p10m30	16	10	30	3	7	90	cnv_104	chrX	144581680	144681679	inversion	None	c3_private	c3	0.0700	7
e2	c50p10m30	16	10	30	3	7	90	cnv_105	chrX	148152530	148252529	deletion	None	c3_private	c3	0.0700	7
e2	c50p10m30	16	10	30	3	7	90	cnv_106	chrX	149252704	149352703	deletion	None	c3_private	c3	0.0700	7
e2	c50p10m30	16	10	30	3	7	90	cnv_107	chrX	151425507	151525506	deletion	None	c3_private	c3	0.0700	7
e2	c50p10m30	16	10	30	3	7	90	cnv_108	chrX	151986036	152086035	inversion	None	c3_private	c3	0.0700	7
e2	c50p10m30	16	10	30	3	7	90	cnv_109	chrX	153163327	153263326	deletion	None	c3_private	c3	0.0700	7
e2	c50p10m30	16	10	30	3	7	90	cnv_110	chrX	153599472	153699471	deletion	None	c3_private	c3	0.0700	7
e2	c50p10m50	17	10	50	5	5	90	cnv_001	chrX	7534655	7634654	deletion	None	clonal	c2,c3	0.1000	10
e2	c50p10m50	17	10	50	5	5	90	cnv_002	chrX	10392001	10492000	deletion	None	clonal	c2,c3	0.1000	10
e2	c50p10m50	17	10	50	5	5	90	cnv_003	chrX	12113065	12213064	deletion	None	clonal	c2,c3	0.1000	10
e2	c50p10m50	17	10	50	5	5	90	cnv_004	chrX	12451669	12551668	deletion	None	clonal	c2,c3	0.1000	10
e2	c50p10m50	17	10	50	5	5	90	cnv_005	chrX	12622845	12722844	inversion	None	clonal	c2,c3	0.1000	10
e2	c50p10m50	17	10	50	5	5	90	cnv_006	chrX	14368243	14468242	deletion	None	clonal	c2,c3	0.1000	10
e2	c50p10m50	17	10	50	5	5	90	cnv_007	chrX	16255989	16355988	inversion	None	clonal	c2,c3	0.1000	10
e2	c50p10m50	17	10	50	5	5	90	cnv_008	chrX	18791669	18891668	inversion	None	clonal	c2,c3	0.1000	10
e2	c50p10m50	17	10	50	5	5	90	cnv_009	chrX	18938577	19038576	deletion	None	clonal	c2,c3	0.1000	10
e2	c50p10m50	17	10	50	5	5	90	cnv_010	chrX	20575628	20675627	deletion	None	clonal	c2,c3	0.1000	10
e2	c50p10m50	17	10	50	5	5	90	cnv_011	chrX	20779427	20879426	inversion	None	clonal	c2,c3	0.1000	10
e2	c50p10m50	17	10	50	5	5	90	cnv_012	chrX	21300398	21400397	inversion	None	clonal	c2,c3	0.1000	10
e2	c50p10m50	17	10	50	5	5	90	cnv_013	chrX	22604418	22704417	deletion	None	clonal	c2,c3	0.1000	10
e2	c50p10m50	17	10	50	5	5	90	cnv_014	chrX	22716399	22816398	inversion	None	clonal	c2,c3	0.1000	10
e2	c50p10m50	17	10	50	5	5	90	cnv_015	chrX	25126924	25226923	deletion	None	clonal	c2,c3	0.1000	10
e2	c50p10m50	17	10	50	5	5	90	cnv_016	chrX	28852336	28952335	deletion	None	clonal	c2,c3	0.1000	10
e2	c50p10m50	17	10	50	5	5	90	cnv_017	chrX	30410890	30510889	deletion	None	clonal	c2,c3	0.1000	10
e2	c50p10m50	17	10	50	5	5	90	cnv_018	chrX	31928834	32028833	inversion	None	clonal	c2,c3	0.1000	10
e2	c50p10m50	17	10	50	5	5	90	cnv_019	chrX	32290755	32390754	inversion	None	clonal	c2,c3	0.1000	10
e2	c50p10m50	17	10	50	5	5	90	cnv_020	chrX	33445241	33545240	deletion	None	clonal	c2,c3	0.1000	10
e2	c50p10m50	17	10	50	5	5	90	cnv_021	chrX	33730254	33830253	inversion	None	clonal	c2,c3	0.1000	10
e2	c50p10m50	17	10	50	5	5	90	cnv_022	chrX	34594945	34694944	deletion	None	clonal	c2,c3	0.1000	10
e2	c50p10m50	17	10	50	5	5	90	cnv_023	chrX	34846067	34946066	inversion	None	clonal	c2,c3	0.1000	10
e2	c50p10m50	17	10	50	5	5	90	cnv_024	chrX	35101599	35201598	deletion	None	clonal	c2,c3	0.1000	10
e2	c50p10m50	17	10	50	5	5	90	cnv_025	chrX	35756414	35856413	inversion	None	clonal	c2,c3	0.1000	10
e2	c50p10m50	17	10	50	5	5	90	cnv_026	chrX	38780830	38880829	inversion	None	clonal	c2,c3	0.1000	10
e2	c50p10m50	17	10	50	5	5	90	cnv_027	chrX	39218579	39318578	deletion	None	clonal	c2,c3	0.1000	10
e2	c50p10m50	17	10	50	5	5	90	cnv_028	chrX	39964009	40064008	inversion	None	clonal	c2,c3	0.1000	10
e2	c50p10m50	17	10	50	5	5	90	cnv_029	chrX	40190233	40290232	inversion	None	clonal	c2,c3	0.1000	10
e2	c50p10m50	17	10	50	5	5	90	cnv_030	chrX	41964843	42064842	inversion	None	clonal	c2,c3	0.1000	10
e2	c50p10m50	17	10	50	5	5	90	cnv_031	chrX	45865164	45965163	deletion	None	clonal	c2,c3	0.1000	10
e2	c50p10m50	17	10	50	5	5	90	cnv_032	chrX	46009804	46109803	deletion	None	clonal	c2,c3	0.1000	10
e2	c50p10m50	17	10	50	5	5	90	cnv_033	chrX	46543011	46643010	inversion	None	clonal	c2,c3	0.1000	10
e2	c50p10m50	17	10	50	5	5	90	cnv_034	chrX	47416632	47516631	inversion	None	clonal	c2,c3	0.1000	10
e2	c50p10m50	17	10	50	5	5	90	cnv_035	chrX	48046028	48146027	inversion	None	clonal	c2,c3	0.1000	10
e2	c50p10m50	17	10	50	5	5	90	cnv_036	chrX	49099756	49199755	inversion	None	clonal	c2,c3	0.1000	10
e2	c50p10m50	17	10	50	5	5	90	cnv_037	chrX	49586904	49686903	deletion	None	clonal	c2,c3	0.1000	10
e2	c50p10m50	17	10	50	5	5	90	cnv_038	chrX	51219613	51319612	deletion	None	c2_private	c2	0.0500	5
e2	c50p10m50	17	10	50	5	5	90	cnv_039	chrX	52282733	52382732	inversion	None	c2_private	c2	0.0500	5
e2	c50p10m50	17	10	50	5	5	90	cnv_040	chrX	52828302	52928301	inversion	None	c2_private	c2	0.0500	5
e2	c50p10m50	17	10	50	5	5	90	cnv_041	chrX	53433174	53533173	inversion	None	c2_private	c2	0.0500	5
e2	c50p10m50	17	10	50	5	5	90	cnv_042	chrX	54303323	54403322	inversion	None	c2_private	c2	0.0500	5
e2	c50p10m50	17	10	50	5	5	90	cnv_043	chrX	54996975	55096974	deletion	None	c2_private	c2	0.0500	5
e2	c50p10m50	17	10	50	5	5	90	cnv_044	chrX	56708059	56808058	deletion	None	c2_private	c2	0.0500	5
e2	c50p10m50	17	10	50	5	5	90	cnv_045	chrX	64768560	64868559	inversion	None	c2_private	c2	0.0500	5
e2	c50p10m50	17	10	50	5	5	90	cnv_046	chrX	66999575	67099574	inversion	None	c2_private	c2	0.0500	5
e2	c50p10m50	17	10	50	5	5	90	cnv_047	chrX	67196579	67296578	deletion	None	c2_private	c2	0.0500	5
e2	c50p10m50	17	10	50	5	5	90	cnv_048	chrX	68245435	68345434	deletion	None	c2_private	c2	0.0500	5
e2	c50p10m50	17	10	50	5	5	90	cnv_049	chrX	69313490	69413489	inversion	None	c2_private	c2	0.0500	5
e2	c50p10m50	17	10	50	5	5	90	cnv_050	chrX	69578797	69678796	deletion	None	c2_private	c2	0.0500	5
e2	c50p10m50	17	10	50	5	5	90	cnv_051	chrX	70072789	70172788	inversion	None	c2_private	c2	0.0500	5
e2	c50p10m50	17	10	50	5	5	90	cnv_052	chrX	70415058	70515057	deletion	None	c2_private	c2	0.0500	5
e2	c50p10m50	17	10	50	5	5	90	cnv_053	chrX	70737488	70837487	inversion	None	c2_private	c2	0.0500	5
e2	c50p10m50	17	10	50	5	5	90	cnv_054	chrX	71158330	71258329	inversion	None	c2_private	c2	0.0500	5
e2	c50p10m50	17	10	50	5	5	90	cnv_055	chrX	74974791	75074790	deletion	None	c2_private	c2	0.0500	5
e2	c50p10m50	17	10	50	5	5	90	cnv_056	chrX	75760354	75860353	deletion	None	c2_private	c2	0.0500	5
e2	c50p10m50	17	10	50	5	5	90	cnv_057	chrX	76493731	76593730	inversion	None	c2_private	c2	0.0500	5
e2	c50p10m50	17	10	50	5	5	90	cnv_058	chrX	77427278	77527277	inversion	None	c2_private	c2	0.0500	5
e2	c50p10m50	17	10	50	5	5	90	cnv_059	chrX	77697373	77797372	deletion	None	c2_private	c2	0.0500	5
e2	c50p10m50	17	10	50	5	5	90	cnv_060	chrX	78286754	78386753	deletion	None	c2_private	c2	0.0500	5
e2	c50p10m50	17	10	50	5	5	90	cnv_061	chrX	81211472	81311471	deletion	None	c2_private	c2	0.0500	5
e2	c50p10m50	17	10	50	5	5	90	cnv_062	chrX	83157545	83257544	inversion	None	c2_private	c2	0.0500	5
e2	c50p10m50	17	10	50	5	5	90	cnv_063	chrX	83434710	83534709	inversion	None	c2_private	c2	0.0500	5
e2	c50p10m50	17	10	50	5	5	90	cnv_064	chrX	87748068	87848067	deletion	None	c2_private	c2	0.0500	5
e2	c50p10m50	17	10	50	5	5	90	cnv_065	chrX	89210691	89310690	deletion	None	c2_private	c2	0.0500	5
e2	c50p10m50	17	10	50	5	5	90	cnv_066	chrX	90723254	90823253	deletion	None	c2_private	c2	0.0500	5
e2	c50p10m50	17	10	50	5	5	90	cnv_067	chrX	92586296	92686295	inversion	None	c2_private	c2	0.0500	5
e2	c50p10m50	17	10	50	5	5	90	cnv_068	chrX	94048223	94148222	deletion	None	c2_private	c2	0.0500	5
e2	c50p10m50	17	10	50	5	5	90	cnv_069	chrX	94591766	94691765	inversion	None	c2_private	c2	0.0500	5
e2	c50p10m50	17	10	50	5	5	90	cnv_070	chrX	95097124	95197123	deletion	None	c2_private	c2	0.0500	5
e2	c50p10m50	17	10	50	5	5	90	cnv_071	chrX	95767788	95867787	inversion	None	c2_private	c2	0.0500	5
e2	c50p10m50	17	10	50	5	5	90	cnv_072	chrX	97056317	97156316	inversion	None	c2_private	c2	0.0500	5
e2	c50p10m50	17	10	50	5	5	90	cnv_073	chrX	97804709	97904708	deletion	None	c2_private	c2	0.0500	5
e2	c50p10m50	17	10	50	5	5	90	cnv_074	chrX	100503375	100603374	inversion	None	c2_private	c2	0.0500	5
e2	c50p10m50	17	10	50	5	5	90	cnv_075	chrX	103025775	103125774	inversion	None	c3_private	c3	0.0500	5
e2	c50p10m50	17	10	50	5	5	90	cnv_076	chrX	104858118	104958117	inversion	None	c3_private	c3	0.0500	5
e2	c50p10m50	17	10	50	5	5	90	cnv_077	chrX	105469655	105569654	inversion	None	c3_private	c3	0.0500	5
e2	c50p10m50	17	10	50	5	5	90	cnv_078	chrX	106587021	106687020	inversion	None	c3_private	c3	0.0500	5
e2	c50p10m50	17	10	50	5	5	90	cnv_079	chrX	109684210	109784209	deletion	None	c3_private	c3	0.0500	5
e2	c50p10m50	17	10	50	5	5	90	cnv_080	chrX	112219541	112319540	deletion	None	c3_private	c3	0.0500	5
e2	c50p10m50	17	10	50	5	5	90	cnv_081	chrX	113223197	113323196	deletion	None	c3_private	c3	0.0500	5
e2	c50p10m50	17	10	50	5	5	90	cnv_082	chrX	113522070	113622069	inversion	None	c3_private	c3	0.0500	5
e2	c50p10m50	17	10	50	5	5	90	cnv_083	chrX	115234491	115334490	deletion	None	c3_private	c3	0.0500	5
e2	c50p10m50	17	10	50	5	5	90	cnv_084	chrX	115497064	115597063	deletion	None	c3_private	c3	0.0500	5
e2	c50p10m50	17	10	50	5	5	90	cnv_085	chrX	118728698	118828697	inversion	None	c3_private	c3	0.0500	5
e2	c50p10m50	17	10	50	5	5	90	cnv_086	chrX	119368691	119468690	deletion	None	c3_private	c3	0.0500	5
e2	c50p10m50	17	10	50	5	5	90	cnv_087	chrX	121040239	121140238	deletion	None	c3_private	c3	0.0500	5
e2	c50p10m50	17	10	50	5	5	90	cnv_088	chrX	121783132	121883131	deletion	None	c3_private	c3	0.0500	5
e2	c50p10m50	17	10	50	5	5	90	cnv_089	chrX	126101979	126201978	deletion	None	c3_private	c3	0.0500	5
e2	c50p10m50	17	10	50	5	5	90	cnv_090	chrX	130412338	130512337	inversion	None	c3_private	c3	0.0500	5
e2	c50p10m50	17	10	50	5	5	90	cnv_091	chrX	130947691	131047690	inversion	None	c3_private	c3	0.0500	5
e2	c50p10m50	17	10	50	5	5	90	cnv_092	chrX	131342494	131442493	inversion	None	c3_private	c3	0.0500	5
e2	c50p10m50	17	10	50	5	5	90	cnv_093	chrX	133615367	133715366	inversion	None	c3_private	c3	0.0500	5
e2	c50p10m50	17	10	50	5	5	90	cnv_094	chrX	133841307	133941306	inversion	None	c3_private	c3	0.0500	5
e2	c50p10m50	17	10	50	5	5	90	cnv_095	chrX	135048129	135148128	deletion	None	c3_private	c3	0.0500	5
e2	c50p10m50	17	10	50	5	5	90	cnv_096	chrX	136315184	136415183	inversion	None	c3_private	c3	0.0500	5
e2	c50p10m50	17	10	50	5	5	90	cnv_097	chrX	137740038	137840037	inversion	None	c3_private	c3	0.0500	5
e2	c50p10m50	17	10	50	5	5	90	cnv_098	chrX	142163532	142263531	deletion	None	c3_private	c3	0.0500	5
e2	c50p10m50	17	10	50	5	5	90	cnv_099	chrX	142326428	142426427	inversion	None	c3_private	c3	0.0500	5
e2	c50p10m50	17	10	50	5	5	90	cnv_100	chrX	142852663	142952662	deletion	None	c3_private	c3	0.0500	5
e2	c50p10m50	17	10	50	5	5	90	cnv_101	chrX	143052907	143152906	inversion	None	c3_private	c3	0.0500	5
e2	c50p10m50	17	10	50	5	5	90	cnv_102	chrX	143211943	143311942	deletion	None	c3_private	c3	0.0500	5
e2	c50p10m50	17	10	50	5	5	90	cnv_103	chrX	143832911	143932910	deletion	None	c3_private	c3	0.0500	5
e2	c50p10m50	17	10	50	5	5	90	cnv_104	chrX	144581680	144681679	inversion	None	c3_private	c3	0.0500	5
e2	c50p10m50	17	10	50	5	5	90	cnv_105	chrX	148152530	148252529	deletion	None	c3_private	c3	0.0500	5
e2	c50p10m50	17	10	50	5	5	90	cnv_106	chrX	149252704	149352703	deletion	None	c3_private	c3	0.0500	5
e2	c50p10m50	17	10	50	5	5	90	cnv_107	chrX	151425507	151525506	deletion	None	c3_private	c3	0.0500	5
e2	c50p10m50	17	10	50	5	5	90	cnv_108	chrX	151986036	152086035	inversion	None	c3_private	c3	0.0500	5
e2	c50p10m50	17	10	50	5	5	90	cnv_109	chrX	153163327	153263326	deletion	None	c3_private	c3	0.0500	5
e2	c50p10m50	17	10	50	5	5	90	cnv_110	chrX	153599472	153699471	deletion	None	c3_private	c3	0.0500	5
e2	c50p20m10	18	20	10	2	18	80	cnv_001	chrX	7534655	7634654	deletion	None	clonal	c2,c3	0.2000	20
e2	c50p20m10	18	20	10	2	18	80	cnv_002	chrX	10392001	10492000	deletion	None	clonal	c2,c3	0.2000	20
e2	c50p20m10	18	20	10	2	18	80	cnv_003	chrX	12113065	12213064	deletion	None	clonal	c2,c3	0.2000	20
e2	c50p20m10	18	20	10	2	18	80	cnv_004	chrX	12451669	12551668	deletion	None	clonal	c2,c3	0.2000	20
e2	c50p20m10	18	20	10	2	18	80	cnv_005	chrX	12622845	12722844	inversion	None	clonal	c2,c3	0.2000	20
e2	c50p20m10	18	20	10	2	18	80	cnv_006	chrX	14368243	14468242	deletion	None	clonal	c2,c3	0.2000	20
e2	c50p20m10	18	20	10	2	18	80	cnv_007	chrX	16255989	16355988	inversion	None	clonal	c2,c3	0.2000	20
e2	c50p20m10	18	20	10	2	18	80	cnv_008	chrX	18791669	18891668	inversion	None	clonal	c2,c3	0.2000	20
e2	c50p20m10	18	20	10	2	18	80	cnv_009	chrX	18938577	19038576	deletion	None	clonal	c2,c3	0.2000	20
e2	c50p20m10	18	20	10	2	18	80	cnv_010	chrX	20575628	20675627	deletion	None	clonal	c2,c3	0.2000	20
e2	c50p20m10	18	20	10	2	18	80	cnv_011	chrX	20779427	20879426	inversion	None	clonal	c2,c3	0.2000	20
e2	c50p20m10	18	20	10	2	18	80	cnv_012	chrX	21300398	21400397	inversion	None	clonal	c2,c3	0.2000	20
e2	c50p20m10	18	20	10	2	18	80	cnv_013	chrX	22604418	22704417	deletion	None	clonal	c2,c3	0.2000	20
e2	c50p20m10	18	20	10	2	18	80	cnv_014	chrX	22716399	22816398	inversion	None	clonal	c2,c3	0.2000	20
e2	c50p20m10	18	20	10	2	18	80	cnv_015	chrX	25126924	25226923	deletion	None	clonal	c2,c3	0.2000	20
e2	c50p20m10	18	20	10	2	18	80	cnv_016	chrX	28852336	28952335	deletion	None	clonal	c2,c3	0.2000	20
e2	c50p20m10	18	20	10	2	18	80	cnv_017	chrX	30410890	30510889	deletion	None	clonal	c2,c3	0.2000	20
e2	c50p20m10	18	20	10	2	18	80	cnv_018	chrX	31928834	32028833	inversion	None	clonal	c2,c3	0.2000	20
e2	c50p20m10	18	20	10	2	18	80	cnv_019	chrX	32290755	32390754	inversion	None	clonal	c2,c3	0.2000	20
e2	c50p20m10	18	20	10	2	18	80	cnv_020	chrX	33445241	33545240	deletion	None	clonal	c2,c3	0.2000	20
e2	c50p20m10	18	20	10	2	18	80	cnv_021	chrX	33730254	33830253	inversion	None	clonal	c2,c3	0.2000	20
e2	c50p20m10	18	20	10	2	18	80	cnv_022	chrX	34594945	34694944	deletion	None	clonal	c2,c3	0.2000	20
e2	c50p20m10	18	20	10	2	18	80	cnv_023	chrX	34846067	34946066	inversion	None	clonal	c2,c3	0.2000	20
e2	c50p20m10	18	20	10	2	18	80	cnv_024	chrX	35101599	35201598	deletion	None	clonal	c2,c3	0.2000	20
e2	c50p20m10	18	20	10	2	18	80	cnv_025	chrX	35756414	35856413	inversion	None	clonal	c2,c3	0.2000	20
e2	c50p20m10	18	20	10	2	18	80	cnv_026	chrX	38780830	38880829	inversion	None	clonal	c2,c3	0.2000	20
e2	c50p20m10	18	20	10	2	18	80	cnv_027	chrX	39218579	39318578	deletion	None	clonal	c2,c3	0.2000	20
e2	c50p20m10	18	20	10	2	18	80	cnv_028	chrX	39964009	40064008	inversion	None	clonal	c2,c3	0.2000	20
e2	c50p20m10	18	20	10	2	18	80	cnv_029	chrX	40190233	40290232	inversion	None	clonal	c2,c3	0.2000	20
e2	c50p20m10	18	20	10	2	18	80	cnv_030	chrX	41964843	42064842	inversion	None	clonal	c2,c3	0.2000	20
e2	c50p20m10	18	20	10	2	18	80	cnv_031	chrX	45865164	45965163	deletion	None	clonal	c2,c3	0.2000	20
e2	c50p20m10	18	20	10	2	18	80	cnv_032	chrX	46009804	46109803	deletion	None	clonal	c2,c3	0.2000	20
e2	c50p20m10	18	20	10	2	18	80	cnv_033	chrX	46543011	46643010	inversion	None	clonal	c2,c3	0.2000	20
e2	c50p20m10	18	20	10	2	18	80	cnv_034	chrX	47416632	47516631	inversion	None	clonal	c2,c3	0.2000	20
e2	c50p20m10	18	20	10	2	18	80	cnv_035	chrX	48046028	48146027	inversion	None	clonal	c2,c3	0.2000	20
e2	c50p20m10	18	20	10	2	18	80	cnv_036	chrX	49099756	49199755	inversion	None	clonal	c2,c3	0.2000	20
e2	c50p20m10	18	20	10	2	18	80	cnv_037	chrX	49586904	49686903	deletion	None	clonal	c2,c3	0.2000	20
e2	c50p20m10	18	20	10	2	18	80	cnv_038	chrX	51219613	51319612	deletion	None	c2_private	c2	0.0200	2
e2	c50p20m10	18	20	10	2	18	80	cnv_039	chrX	52282733	52382732	inversion	None	c2_private	c2	0.0200	2
e2	c50p20m10	18	20	10	2	18	80	cnv_040	chrX	52828302	52928301	inversion	None	c2_private	c2	0.0200	2
e2	c50p20m10	18	20	10	2	18	80	cnv_041	chrX	53433174	53533173	inversion	None	c2_private	c2	0.0200	2
e2	c50p20m10	18	20	10	2	18	80	cnv_042	chrX	54303323	54403322	inversion	None	c2_private	c2	0.0200	2
e2	c50p20m10	18	20	10	2	18	80	cnv_043	chrX	54996975	55096974	deletion	None	c2_private	c2	0.0200	2
e2	c50p20m10	18	20	10	2	18	80	cnv_044	chrX	56708059	56808058	deletion	None	c2_private	c2	0.0200	2
e2	c50p20m10	18	20	10	2	18	80	cnv_045	chrX	64768560	64868559	inversion	None	c2_private	c2	0.0200	2
e2	c50p20m10	18	20	10	2	18	80	cnv_046	chrX	66999575	67099574	inversion	None	c2_private	c2	0.0200	2
e2	c50p20m10	18	20	10	2	18	80	cnv_047	chrX	67196579	67296578	deletion	None	c2_private	c2	0.0200	2
e2	c50p20m10	18	20	10	2	18	80	cnv_048	chrX	68245435	68345434	deletion	None	c2_private	c2	0.0200	2
e2	c50p20m10	18	20	10	2	18	80	cnv_049	chrX	69313490	69413489	inversion	None	c2_private	c2	0.0200	2
e2	c50p20m10	18	20	10	2	18	80	cnv_050	chrX	69578797	69678796	deletion	None	c2_private	c2	0.0200	2
e2	c50p20m10	18	20	10	2	18	80	cnv_051	chrX	70072789	70172788	inversion	None	c2_private	c2	0.0200	2
e2	c50p20m10	18	20	10	2	18	80	cnv_052	chrX	70415058	70515057	deletion	None	c2_private	c2	0.0200	2
e2	c50p20m10	18	20	10	2	18	80	cnv_053	chrX	70737488	70837487	inversion	None	c2_private	c2	0.0200	2
e2	c50p20m10	18	20	10	2	18	80	cnv_054	chrX	71158330	71258329	inversion	None	c2_private	c2	0.0200	2
e2	c50p20m10	18	20	10	2	18	80	cnv_055	chrX	74974791	75074790	deletion	None	c2_private	c2	0.0200	2
e2	c50p20m10	18	20	10	2	18	80	cnv_056	chrX	75760354	75860353	deletion	None	c2_private	c2	0.0200	2
e2	c50p20m10	18	20	10	2	18	80	cnv_057	chrX	76493731	76593730	inversion	None	c2_private	c2	0.0200	2
e2	c50p20m10	18	20	10	2	18	80	cnv_058	chrX	77427278	77527277	inversion	None	c2_private	c2	0.0200	2
e2	c50p20m10	18	20	10	2	18	80	cnv_059	chrX	77697373	77797372	deletion	None	c2_private	c2	0.0200	2
e2	c50p20m10	18	20	10	2	18	80	cnv_060	chrX	78286754	78386753	deletion	None	c2_private	c2	0.0200	2
e2	c50p20m10	18	20	10	2	18	80	cnv_061	chrX	81211472	81311471	deletion	None	c2_private	c2	0.0200	2
e2	c50p20m10	18	20	10	2	18	80	cnv_062	chrX	83157545	83257544	inversion	None	c2_private	c2	0.0200	2
e2	c50p20m10	18	20	10	2	18	80	cnv_063	chrX	83434710	83534709	inversion	None	c2_private	c2	0.0200	2
e2	c50p20m10	18	20	10	2	18	80	cnv_064	chrX	87748068	87848067	deletion	None	c2_private	c2	0.0200	2
e2	c50p20m10	18	20	10	2	18	80	cnv_065	chrX	89210691	89310690	deletion	None	c2_private	c2	0.0200	2
e2	c50p20m10	18	20	10	2	18	80	cnv_066	chrX	90723254	90823253	deletion	None	c2_private	c2	0.0200	2
e2	c50p20m10	18	20	10	2	18	80	cnv_067	chrX	92586296	92686295	inversion	None	c2_private	c2	0.0200	2
e2	c50p20m10	18	20	10	2	18	80	cnv_068	chrX	94048223	94148222	deletion	None	c2_private	c2	0.0200	2
e2	c50p20m10	18	20	10	2	18	80	cnv_069	chrX	94591766	94691765	inversion	None	c2_private	c2	0.0200	2
e2	c50p20m10	18	20	10	2	18	80	cnv_070	chrX	95097124	95197123	deletion	None	c2_private	c2	0.0200	2
e2	c50p20m10	18	20	10	2	18	80	cnv_071	chrX	95767788	95867787	inversion	None	c2_private	c2	0.0200	2
e2	c50p20m10	18	20	10	2	18	80	cnv_072	chrX	97056317	97156316	inversion	None	c2_private	c2	0.0200	2
e2	c50p20m10	18	20	10	2	18	80	cnv_073	chrX	97804709	97904708	deletion	None	c2_private	c2	0.0200	2
e2	c50p20m10	18	20	10	2	18	80	cnv_074	chrX	100503375	100603374	inversion	None	c2_private	c2	0.0200	2
e2	c50p20m10	18	20	10	2	18	80	cnv_075	chrX	103025775	103125774	inversion	None	c3_private	c3	0.1800	18
e2	c50p20m10	18	20	10	2	18	80	cnv_076	chrX	104858118	104958117	inversion	None	c3_private	c3	0.1800	18
e2	c50p20m10	18	20	10	2	18	80	cnv_077	chrX	105469655	105569654	inversion	None	c3_private	c3	0.1800	18
e2	c50p20m10	18	20	10	2	18	80	cnv_078	chrX	106587021	106687020	inversion	None	c3_private	c3	0.1800	18
e2	c50p20m10	18	20	10	2	18	80	cnv_079	chrX	109684210	109784209	deletion	None	c3_private	c3	0.1800	18
e2	c50p20m10	18	20	10	2	18	80	cnv_080	chrX	112219541	112319540	deletion	None	c3_private	c3	0.1800	18
e2	c50p20m10	18	20	10	2	18	80	cnv_081	chrX	113223197	113323196	deletion	None	c3_private	c3	0.1800	18
e2	c50p20m10	18	20	10	2	18	80	cnv_082	chrX	113522070	113622069	inversion	None	c3_private	c3	0.1800	18
e2	c50p20m10	18	20	10	2	18	80	cnv_083	chrX	115234491	115334490	deletion	None	c3_private	c3	0.1800	18
e2	c50p20m10	18	20	10	2	18	80	cnv_084	chrX	115497064	115597063	deletion	None	c3_private	c3	0.1800	18
e2	c50p20m10	18	20	10	2	18	80	cnv_085	chrX	118728698	118828697	inversion	None	c3_private	c3	0.1800	18
e2	c50p20m10	18	20	10	2	18	80	cnv_086	chrX	119368691	119468690	deletion	None	c3_private	c3	0.1800	18
e2	c50p20m10	18	20	10	2	18	80	cnv_087	chrX	121040239	121140238	deletion	None	c3_private	c3	0.1800	18
e2	c50p20m10	18	20	10	2	18	80	cnv_088	chrX	121783132	121883131	deletion	None	c3_private	c3	0.1800	18
e2	c50p20m10	18	20	10	2	18	80	cnv_089	chrX	126101979	126201978	deletion	None	c3_private	c3	0.1800	18
e2	c50p20m10	18	20	10	2	18	80	cnv_090	chrX	130412338	130512337	inversion	None	c3_private	c3	0.1800	18
e2	c50p20m10	18	20	10	2	18	80	cnv_091	chrX	130947691	131047690	inversion	None	c3_private	c3	0.1800	18
e2	c50p20m10	18	20	10	2	18	80	cnv_092	chrX	131342494	131442493	inversion	None	c3_private	c3	0.1800	18
e2	c50p20m10	18	20	10	2	18	80	cnv_093	chrX	133615367	133715366	inversion	None	c3_private	c3	0.1800	18
e2	c50p20m10	18	20	10	2	18	80	cnv_094	chrX	133841307	133941306	inversion	None	c3_private	c3	0.1800	18
e2	c50p20m10	18	20	10	2	18	80	cnv_095	chrX	135048129	135148128	deletion	None	c3_private	c3	0.1800	18
e2	c50p20m10	18	20	10	2	18	80	cnv_096	chrX	136315184	136415183	inversion	None	c3_private	c3	0.1800	18
e2	c50p20m10	18	20	10	2	18	80	cnv_097	chrX	137740038	137840037	inversion	None	c3_private	c3	0.1800	18
e2	c50p20m10	18	20	10	2	18	80	cnv_098	chrX	142163532	142263531	deletion	None	c3_private	c3	0.1800	18
e2	c50p20m10	18	20	10	2	18	80	cnv_099	chrX	142326428	142426427	inversion	None	c3_private	c3	0.1800	18
e2	c50p20m10	18	20	10	2	18	80	cnv_100	chrX	142852663	142952662	deletion	None	c3_private	c3	0.1800	18
e2	c50p20m10	18	20	10	2	18	80	cnv_101	chrX	143052907	143152906	inversion	None	c3_private	c3	0.1800	18
e2	c50p20m10	18	20	10	2	18	80	cnv_102	chrX	143211943	143311942	deletion	None	c3_private	c3	0.1800	18
e2	c50p20m10	18	20	10	2	18	80	cnv_103	chrX	143832911	143932910	deletion	None	c3_private	c3	0.1800	18
e2	c50p20m10	18	20	10	2	18	80	cnv_104	chrX	144581680	144681679	inversion	None	c3_private	c3	0.1800	18
e2	c50p20m10	18	20	10	2	18	80	cnv_105	chrX	148152530	148252529	deletion	None	c3_private	c3	0.1800	18
e2	c50p20m10	18	20	10	2	18	80	cnv_106	chrX	149252704	149352703	deletion	None	c3_private	c3	0.1800	18
e2	c50p20m10	18	20	10	2	18	80	cnv_107	chrX	151425507	151525506	deletion	None	c3_private	c3	0.1800	18
e2	c50p20m10	18	20	10	2	18	80	cnv_108	chrX	151986036	152086035	inversion	None	c3_private	c3	0.1800	18
e2	c50p20m10	18	20	10	2	18	80	cnv_109	chrX	153163327	153263326	deletion	None	c3_private	c3	0.1800	18
e2	c50p20m10	18	20	10	2	18	80	cnv_110	chrX	153599472	153699471	deletion	None	c3_private	c3	0.1800	18
e2	c50p20m30	19	20	30	6	14	80	cnv_001	chrX	7534655	7634654	deletion	None	clonal	c2,c3	0.2000	20
e2	c50p20m30	19	20	30	6	14	80	cnv_002	chrX	10392001	10492000	deletion	None	clonal	c2,c3	0.2000	20
e2	c50p20m30	19	20	30	6	14	80	cnv_003	chrX	12113065	12213064	deletion	None	clonal	c2,c3	0.2000	20
e2	c50p20m30	19	20	30	6	14	80	cnv_004	chrX	12451669	12551668	deletion	None	clonal	c2,c3	0.2000	20
e2	c50p20m30	19	20	30	6	14	80	cnv_005	chrX	12622845	12722844	inversion	None	clonal	c2,c3	0.2000	20
e2	c50p20m30	19	20	30	6	14	80	cnv_006	chrX	14368243	14468242	deletion	None	clonal	c2,c3	0.2000	20
e2	c50p20m30	19	20	30	6	14	80	cnv_007	chrX	16255989	16355988	inversion	None	clonal	c2,c3	0.2000	20
e2	c50p20m30	19	20	30	6	14	80	cnv_008	chrX	18791669	18891668	inversion	None	clonal	c2,c3	0.2000	20
e2	c50p20m30	19	20	30	6	14	80	cnv_009	chrX	18938577	19038576	deletion	None	clonal	c2,c3	0.2000	20
e2	c50p20m30	19	20	30	6	14	80	cnv_010	chrX	20575628	20675627	deletion	None	clonal	c2,c3	0.2000	20
e2	c50p20m30	19	20	30	6	14	80	cnv_011	chrX	20779427	20879426	inversion	None	clonal	c2,c3	0.2000	20
e2	c50p20m30	19	20	30	6	14	80	cnv_012	chrX	21300398	21400397	inversion	None	clonal	c2,c3	0.2000	20
e2	c50p20m30	19	20	30	6	14	80	cnv_013	chrX	22604418	22704417	deletion	None	clonal	c2,c3	0.2000	20
e2	c50p20m30	19	20	30	6	14	80	cnv_014	chrX	22716399	22816398	inversion	None	clonal	c2,c3	0.2000	20
e2	c50p20m30	19	20	30	6	14	80	cnv_015	chrX	25126924	25226923	deletion	None	clonal	c2,c3	0.2000	20
e2	c50p20m30	19	20	30	6	14	80	cnv_016	chrX	28852336	28952335	deletion	None	clonal	c2,c3	0.2000	20
e2	c50p20m30	19	20	30	6	14	80	cnv_017	chrX	30410890	30510889	deletion	None	clonal	c2,c3	0.2000	20
e2	c50p20m30	19	20	30	6	14	80	cnv_018	chrX	31928834	32028833	inversion	None	clonal	c2,c3	0.2000	20
e2	c50p20m30	19	20	30	6	14	80	cnv_019	chrX	32290755	32390754	inversion	None	clonal	c2,c3	0.2000	20
e2	c50p20m30	19	20	30	6	14	80	cnv_020	chrX	33445241	33545240	deletion	None	clonal	c2,c3	0.2000	20
e2	c50p20m30	19	20	30	6	14	80	cnv_021	chrX	33730254	33830253	inversion	None	clonal	c2,c3	0.2000	20
e2	c50p20m30	19	20	30	6	14	80	cnv_022	chrX	34594945	34694944	deletion	None	clonal	c2,c3	0.2000	20
e2	c50p20m30	19	20	30	6	14	80	cnv_023	chrX	34846067	34946066	inversion	None	clonal	c2,c3	0.2000	20
e2	c50p20m30	19	20	30	6	14	80	cnv_024	chrX	35101599	35201598	deletion	None	clonal	c2,c3	0.2000	20
e2	c50p20m30	19	20	30	6	14	80	cnv_025	chrX	35756414	35856413	inversion	None	clonal	c2,c3	0.2000	20
e2	c50p20m30	19	20	30	6	14	80	cnv_026	chrX	38780830	38880829	inversion	None	clonal	c2,c3	0.2000	20
e2	c50p20m30	19	20	30	6	14	80	cnv_027	chrX	39218579	39318578	deletion	None	clonal	c2,c3	0.2000	20
e2	c50p20m30	19	20	30	6	14	80	cnv_028	chrX	39964009	40064008	inversion	None	clonal	c2,c3	0.2000	20
e2	c50p20m30	19	20	30	6	14	80	cnv_029	chrX	40190233	40290232	inversion	None	clonal	c2,c3	0.2000	20
e2	c50p20m30	19	20	30	6	14	80	cnv_030	chrX	41964843	42064842	inversion	None	clonal	c2,c3	0.2000	20
e2	c50p20m30	19	20	30	6	14	80	cnv_031	chrX	45865164	45965163	deletion	None	clonal	c2,c3	0.2000	20
e2	c50p20m30	19	20	30	6	14	80	cnv_032	chrX	46009804	46109803	deletion	None	clonal	c2,c3	0.2000	20
e2	c50p20m30	19	20	30	6	14	80	cnv_033	chrX	46543011	46643010	inversion	None	clonal	c2,c3	0.2000	20
e2	c50p20m30	19	20	30	6	14	80	cnv_034	chrX	47416632	47516631	inversion	None	clonal	c2,c3	0.2000	20
e2	c50p20m30	19	20	30	6	14	80	cnv_035	chrX	48046028	48146027	inversion	None	clonal	c2,c3	0.2000	20
e2	c50p20m30	19	20	30	6	14	80	cnv_036	chrX	49099756	49199755	inversion	None	clonal	c2,c3	0.2000	20
e2	c50p20m30	19	20	30	6	14	80	cnv_037	chrX	49586904	49686903	deletion	None	clonal	c2,c3	0.2000	20
e2	c50p20m30	19	20	30	6	14	80	cnv_038	chrX	51219613	51319612	deletion	None	c2_private	c2	0.0600	6
e2	c50p20m30	19	20	30	6	14	80	cnv_039	chrX	52282733	52382732	inversion	None	c2_private	c2	0.0600	6
e2	c50p20m30	19	20	30	6	14	80	cnv_040	chrX	52828302	52928301	inversion	None	c2_private	c2	0.0600	6
e2	c50p20m30	19	20	30	6	14	80	cnv_041	chrX	53433174	53533173	inversion	None	c2_private	c2	0.0600	6
e2	c50p20m30	19	20	30	6	14	80	cnv_042	chrX	54303323	54403322	inversion	None	c2_private	c2	0.0600	6
e2	c50p20m30	19	20	30	6	14	80	cnv_043	chrX	54996975	55096974	deletion	None	c2_private	c2	0.0600	6
e2	c50p20m30	19	20	30	6	14	80	cnv_044	chrX	56708059	56808058	deletion	None	c2_private	c2	0.0600	6
e2	c50p20m30	19	20	30	6	14	80	cnv_045	chrX	64768560	64868559	inversion	None	c2_private	c2	0.0600	6
e2	c50p20m30	19	20	30	6	14	80	cnv_046	chrX	66999575	67099574	inversion	None	c2_private	c2	0.0600	6
e2	c50p20m30	19	20	30	6	14	80	cnv_047	chrX	67196579	67296578	deletion	None	c2_private	c2	0.0600	6
e2	c50p20m30	19	20	30	6	14	80	cnv_048	chrX	68245435	68345434	deletion	None	c2_private	c2	0.0600	6
e2	c50p20m30	19	20	30	6	14	80	cnv_049	chrX	69313490	69413489	inversion	None	c2_private	c2	0.0600	6
e2	c50p20m30	19	20	30	6	14	80	cnv_050	chrX	69578797	69678796	deletion	None	c2_private	c2	0.0600	6
e2	c50p20m30	19	20	30	6	14	80	cnv_051	chrX	70072789	70172788	inversion	None	c2_private	c2	0.0600	6
e2	c50p20m30	19	20	30	6	14	80	cnv_052	chrX	70415058	70515057	deletion	None	c2_private	c2	0.0600	6
e2	c50p20m30	19	20	30	6	14	80	cnv_053	chrX	70737488	70837487	inversion	None	c2_private	c2	0.0600	6
e2	c50p20m30	19	20	30	6	14	80	cnv_054	chrX	71158330	71258329	inversion	None	c2_private	c2	0.0600	6
e2	c50p20m30	19	20	30	6	14	80	cnv_055	chrX	74974791	75074790	deletion	None	c2_private	c2	0.0600	6
e2	c50p20m30	19	20	30	6	14	80	cnv_056	chrX	75760354	75860353	deletion	None	c2_private	c2	0.0600	6
e2	c50p20m30	19	20	30	6	14	80	cnv_057	chrX	76493731	76593730	inversion	None	c2_private	c2	0.0600	6
e2	c50p20m30	19	20	30	6	14	80	cnv_058	chrX	77427278	77527277	inversion	None	c2_private	c2	0.0600	6
e2	c50p20m30	19	20	30	6	14	80	cnv_059	chrX	77697373	77797372	deletion	None	c2_private	c2	0.0600	6
e2	c50p20m30	19	20	30	6	14	80	cnv_060	chrX	78286754	78386753	deletion	None	c2_private	c2	0.0600	6
e2	c50p20m30	19	20	30	6	14	80	cnv_061	chrX	81211472	81311471	deletion	None	c2_private	c2	0.0600	6
e2	c50p20m30	19	20	30	6	14	80	cnv_062	chrX	83157545	83257544	inversion	None	c2_private	c2	0.0600	6
e2	c50p20m30	19	20	30	6	14	80	cnv_063	chrX	83434710	83534709	inversion	None	c2_private	c2	0.0600	6
e2	c50p20m30	19	20	30	6	14	80	cnv_064	chrX	87748068	87848067	deletion	None	c2_private	c2	0.0600	6
e2	c50p20m30	19	20	30	6	14	80	cnv_065	chrX	89210691	89310690	deletion	None	c2_private	c2	0.0600	6
e2	c50p20m30	19	20	30	6	14	80	cnv_066	chrX	90723254	90823253	deletion	None	c2_private	c2	0.0600	6
e2	c50p20m30	19	20	30	6	14	80	cnv_067	chrX	92586296	92686295	inversion	None	c2_private	c2	0.0600	6
e2	c50p20m30	19	20	30	6	14	80	cnv_068	chrX	94048223	94148222	deletion	None	c2_private	c2	0.0600	6
e2	c50p20m30	19	20	30	6	14	80	cnv_069	chrX	94591766	94691765	inversion	None	c2_private	c2	0.0600	6
e2	c50p20m30	19	20	30	6	14	80	cnv_070	chrX	95097124	95197123	deletion	None	c2_private	c2	0.0600	6
e2	c50p20m30	19	20	30	6	14	80	cnv_071	chrX	95767788	95867787	inversion	None	c2_private	c2	0.0600	6
e2	c50p20m30	19	20	30	6	14	80	cnv_072	chrX	97056317	97156316	inversion	None	c2_private	c2	0.0600	6
e2	c50p20m30	19	20	30	6	14	80	cnv_073	chrX	97804709	97904708	deletion	None	c2_private	c2	0.0600	6
e2	c50p20m30	19	20	30	6	14	80	cnv_074	chrX	100503375	100603374	inversion	None	c2_private	c2	0.0600	6
e2	c50p20m30	19	20	30	6	14	80	cnv_075	chrX	103025775	103125774	inversion	None	c3_private	c3	0.1400	14
e2	c50p20m30	19	20	30	6	14	80	cnv_076	chrX	104858118	104958117	inversion	None	c3_private	c3	0.1400	14
e2	c50p20m30	19	20	30	6	14	80	cnv_077	chrX	105469655	105569654	inversion	None	c3_private	c3	0.1400	14
e2	c50p20m30	19	20	30	6	14	80	cnv_078	chrX	106587021	106687020	inversion	None	c3_private	c3	0.1400	14
e2	c50p20m30	19	20	30	6	14	80	cnv_079	chrX	109684210	109784209	deletion	None	c3_private	c3	0.1400	14
e2	c50p20m30	19	20	30	6	14	80	cnv_080	chrX	112219541	112319540	deletion	None	c3_private	c3	0.1400	14
e2	c50p20m30	19	20	30	6	14	80	cnv_081	chrX	113223197	113323196	deletion	None	c3_private	c3	0.1400	14
e2	c50p20m30	19	20	30	6	14	80	cnv_082	chrX	113522070	113622069	inversion	None	c3_private	c3	0.1400	14
e2	c50p20m30	19	20	30	6	14	80	cnv_083	chrX	115234491	115334490	deletion	None	c3_private	c3	0.1400	14
e2	c50p20m30	19	20	30	6	14	80	cnv_084	chrX	115497064	115597063	deletion	None	c3_private	c3	0.1400	14
e2	c50p20m30	19	20	30	6	14	80	cnv_085	chrX	118728698	118828697	inversion	None	c3_private	c3	0.1400	14
e2	c50p20m30	19	20	30	6	14	80	cnv_086	chrX	119368691	119468690	deletion	None	c3_private	c3	0.1400	14
e2	c50p20m30	19	20	30	6	14	80	cnv_087	chrX	121040239	121140238	deletion	None	c3_private	c3	0.1400	14
e2	c50p20m30	19	20	30	6	14	80	cnv_088	chrX	121783132	121883131	deletion	None	c3_private	c3	0.1400	14
e2	c50p20m30	19	20	30	6	14	80	cnv_089	chrX	126101979	126201978	deletion	None	c3_private	c3	0.1400	14
e2	c50p20m30	19	20	30	6	14	80	cnv_090	chrX	130412338	130512337	inversion	None	c3_private	c3	0.1400	14
e2	c50p20m30	19	20	30	6	14	80	cnv_091	chrX	130947691	131047690	inversion	None	c3_private	c3	0.1400	14
e2	c50p20m30	19	20	30	6	14	80	cnv_092	chrX	131342494	131442493	inversion	None	c3_private	c3	0.1400	14
e2	c50p20m30	19	20	30	6	14	80	cnv_093	chrX	133615367	133715366	inversion	None	c3_private	c3	0.1400	14
e2	c50p20m30	19	20	30	6	14	80	cnv_094	chrX	133841307	133941306	inversion	None	c3_private	c3	0.1400	14
e2	c50p20m30	19	20	30	6	14	80	cnv_095	chrX	135048129	135148128	deletion	None	c3_private	c3	0.1400	14
e2	c50p20m30	19	20	30	6	14	80	cnv_096	chrX	136315184	136415183	inversion	None	c3_private	c3	0.1400	14
e2	c50p20m30	19	20	30	6	14	80	cnv_097	chrX	137740038	137840037	inversion	None	c3_private	c3	0.1400	14
e2	c50p20m30	19	20	30	6	14	80	cnv_098	chrX	142163532	142263531	deletion	None	c3_private	c3	0.1400	14
e2	c50p20m30	19	20	30	6	14	80	cnv_099	chrX	142326428	142426427	inversion	None	c3_private	c3	0.1400	14
e2	c50p20m30	19	20	30	6	14	80	cnv_100	chrX	142852663	142952662	deletion	None	c3_private	c3	0.1400	14
e2	c50p20m30	19	20	30	6	14	80	cnv_101	chrX	143052907	143152906	inversion	None	c3_private	c3	0.1400	14
e2	c50p20m30	19	20	30	6	14	80	cnv_102	chrX	143211943	143311942	deletion	None	c3_private	c3	0.1400	14
e2	c50p20m30	19	20	30	6	14	80	cnv_103	chrX	143832911	143932910	deletion	None	c3_private	c3	0.1400	14
e2	c50p20m30	19	20	30	6	14	80	cnv_104	chrX	144581680	144681679	inversion	None	c3_private	c3	0.1400	14
e2	c50p20m30	19	20	30	6	14	80	cnv_105	chrX	148152530	148252529	deletion	None	c3_private	c3	0.1400	14
e2	c50p20m30	19	20	30	6	14	80	cnv_106	chrX	149252704	149352703	deletion	None	c3_private	c3	0.1400	14
e2	c50p20m30	19	20	30	6	14	80	cnv_107	chrX	151425507	151525506	deletion	None	c3_private	c3	0.1400	14
e2	c50p20m30	19	20	30	6	14	80	cnv_108	chrX	151986036	152086035	inversion	None	c3_private	c3	0.1400	14
e2	c50p20m30	19	20	30	6	14	80	cnv_109	chrX	153163327	153263326	deletion	None	c3_private	c3	0.1400	14
e2	c50p20m30	19	20	30	6	14	80	cnv_110	chrX	153599472	153699471	deletion	None	c3_private	c3	0.1400	14
e2	c50p20m50	20	20	50	10	10	80	cnv_001	chrX	7534655	7634654	deletion	None	clonal	c2,c3	0.2000	20
e2	c50p20m50	20	20	50	10	10	80	cnv_002	chrX	10392001	10492000	deletion	None	clonal	c2,c3	0.2000	20
e2	c50p20m50	20	20	50	10	10	80	cnv_003	chrX	12113065	12213064	deletion	None	clonal	c2,c3	0.2000	20
e2	c50p20m50	20	20	50	10	10	80	cnv_004	chrX	12451669	12551668	deletion	None	clonal	c2,c3	0.2000	20
e2	c50p20m50	20	20	50	10	10	80	cnv_005	chrX	12622845	12722844	inversion	None	clonal	c2,c3	0.2000	20
e2	c50p20m50	20	20	50	10	10	80	cnv_006	chrX	14368243	14468242	deletion	None	clonal	c2,c3	0.2000	20
e2	c50p20m50	20	20	50	10	10	80	cnv_007	chrX	16255989	16355988	inversion	None	clonal	c2,c3	0.2000	20
e2	c50p20m50	20	20	50	10	10	80	cnv_008	chrX	18791669	18891668	inversion	None	clonal	c2,c3	0.2000	20
e2	c50p20m50	20	20	50	10	10	80	cnv_009	chrX	18938577	19038576	deletion	None	clonal	c2,c3	0.2000	20
e2	c50p20m50	20	20	50	10	10	80	cnv_010	chrX	20575628	20675627	deletion	None	clonal	c2,c3	0.2000	20
e2	c50p20m50	20	20	50	10	10	80	cnv_011	chrX	20779427	20879426	inversion	None	clonal	c2,c3	0.2000	20
e2	c50p20m50	20	20	50	10	10	80	cnv_012	chrX	21300398	21400397	inversion	None	clonal	c2,c3	0.2000	20
e2	c50p20m50	20	20	50	10	10	80	cnv_013	chrX	22604418	22704417	deletion	None	clonal	c2,c3	0.2000	20
e2	c50p20m50	20	20	50	10	10	80	cnv_014	chrX	22716399	22816398	inversion	None	clonal	c2,c3	0.2000	20
e2	c50p20m50	20	20	50	10	10	80	cnv_015	chrX	25126924	25226923	deletion	None	clonal	c2,c3	0.2000	20
e2	c50p20m50	20	20	50	10	10	80	cnv_016	chrX	28852336	28952335	deletion	None	clonal	c2,c3	0.2000	20
e2	c50p20m50	20	20	50	10	10	80	cnv_017	chrX	30410890	30510889	deletion	None	clonal	c2,c3	0.2000	20
e2	c50p20m50	20	20	50	10	10	80	cnv_018	chrX	31928834	32028833	inversion	None	clonal	c2,c3	0.2000	20
e2	c50p20m50	20	20	50	10	10	80	cnv_019	chrX	32290755	32390754	inversion	None	clonal	c2,c3	0.2000	20
e2	c50p20m50	20	20	50	10	10	80	cnv_020	chrX	33445241	33545240	deletion	None	clonal	c2,c3	0.2000	20
e2	c50p20m50	20	20	50	10	10	80	cnv_021	chrX	33730254	33830253	inversion	None	clonal	c2,c3	0.2000	20
e2	c50p20m50	20	20	50	10	10	80	cnv_022	chrX	34594945	34694944	deletion	None	clonal	c2,c3	0.2000	20
e2	c50p20m50	20	20	50	10	10	80	cnv_023	chrX	34846067	34946066	inversion	None	clonal	c2,c3	0.2000	20
e2	c50p20m50	20	20	50	10	10	80	cnv_024	chrX	35101599	35201598	deletion	None	clonal	c2,c3	0.2000	20
e2	c50p20m50	20	20	50	10	10	80	cnv_025	chrX	35756414	35856413	inversion	None	clonal	c2,c3	0.2000	20
e2	c50p20m50	20	20	50	10	10	80	cnv_026	chrX	38780830	38880829	inversion	None	clonal	c2,c3	0.2000	20
e2	c50p20m50	20	20	50	10	10	80	cnv_027	chrX	39218579	39318578	deletion	None	clonal	c2,c3	0.2000	20
e2	c50p20m50	20	20	50	10	10	80	cnv_028	chrX	39964009	40064008	inversion	None	clonal	c2,c3	0.2000	20
e2	c50p20m50	20	20	50	10	10	80	cnv_029	chrX	40190233	40290232	inversion	None	clonal	c2,c3	0.2000	20
e2	c50p20m50	20	20	50	10	10	80	cnv_030	chrX	41964843	42064842	inversion	None	clonal	c2,c3	0.2000	20
e2	c50p20m50	20	20	50	10	10	80	cnv_031	chrX	45865164	45965163	deletion	None	clonal	c2,c3	0.2000	20
e2	c50p20m50	20	20	50	10	10	80	cnv_032	chrX	46009804	46109803	deletion	None	clonal	c2,c3	0.2000	20
e2	c50p20m50	20	20	50	10	10	80	cnv_033	chrX	46543011	46643010	inversion	None	clonal	c2,c3	0.2000	20
e2	c50p20m50	20	20	50	10	10	80	cnv_034	chrX	47416632	47516631	inversion	None	clonal	c2,c3	0.2000	20
e2	c50p20m50	20	20	50	10	10	80	cnv_035	chrX	48046028	48146027	inversion	None	clonal	c2,c3	0.2000	20
e2	c50p20m50	20	20	50	10	10	80	cnv_036	chrX	49099756	49199755	inversion	None	clonal	c2,c3	0.2000	20
e2	c50p20m50	20	20	50	10	10	80	cnv_037	chrX	49586904	49686903	deletion	None	clonal	c2,c3	0.2000	20
e2	c50p20m50	20	20	50	10	10	80	cnv_038	chrX	51219613	51319612	deletion	None	c2_private	c2	0.1000	10
e2	c50p20m50	20	20	50	10	10	80	cnv_039	chrX	52282733	52382732	inversion	None	c2_private	c2	0.1000	10
e2	c50p20m50	20	20	50	10	10	80	cnv_040	chrX	52828302	52928301	inversion	None	c2_private	c2	0.1000	10
e2	c50p20m50	20	20	50	10	10	80	cnv_041	chrX	53433174	53533173	inversion	None	c2_private	c2	0.1000	10
e2	c50p20m50	20	20	50	10	10	80	cnv_042	chrX	54303323	54403322	inversion	None	c2_private	c2	0.1000	10
e2	c50p20m50	20	20	50	10	10	80	cnv_043	chrX	54996975	55096974	deletion	None	c2_private	c2	0.1000	10
e2	c50p20m50	20	20	50	10	10	80	cnv_044	chrX	56708059	56808058	deletion	None	c2_private	c2	0.1000	10
e2	c50p20m50	20	20	50	10	10	80	cnv_045	chrX	64768560	64868559	inversion	None	c2_private	c2	0.1000	10
e2	c50p20m50	20	20	50	10	10	80	cnv_046	chrX	66999575	67099574	inversion	None	c2_private	c2	0.1000	10
e2	c50p20m50	20	20	50	10	10	80	cnv_047	chrX	67196579	67296578	deletion	None	c2_private	c2	0.1000	10
e2	c50p20m50	20	20	50	10	10	80	cnv_048	chrX	68245435	68345434	deletion	None	c2_private	c2	0.1000	10
e2	c50p20m50	20	20	50	10	10	80	cnv_049	chrX	69313490	69413489	inversion	None	c2_private	c2	0.1000	10
e2	c50p20m50	20	20	50	10	10	80	cnv_050	chrX	69578797	69678796	deletion	None	c2_private	c2	0.1000	10
e2	c50p20m50	20	20	50	10	10	80	cnv_051	chrX	70072789	70172788	inversion	None	c2_private	c2	0.1000	10
e2	c50p20m50	20	20	50	10	10	80	cnv_052	chrX	70415058	70515057	deletion	None	c2_private	c2	0.1000	10
e2	c50p20m50	20	20	50	10	10	80	cnv_053	chrX	70737488	70837487	inversion	None	c2_private	c2	0.1000	10
e2	c50p20m50	20	20	50	10	10	80	cnv_054	chrX	71158330	71258329	inversion	None	c2_private	c2	0.1000	10
e2	c50p20m50	20	20	50	10	10	80	cnv_055	chrX	74974791	75074790	deletion	None	c2_private	c2	0.1000	10
e2	c50p20m50	20	20	50	10	10	80	cnv_056	chrX	75760354	75860353	deletion	None	c2_private	c2	0.1000	10
e2	c50p20m50	20	20	50	10	10	80	cnv_057	chrX	76493731	76593730	inversion	None	c2_private	c2	0.1000	10
e2	c50p20m50	20	20	50	10	10	80	cnv_058	chrX	77427278	77527277	inversion	None	c2_private	c2	0.1000	10
e2	c50p20m50	20	20	50	10	10	80	cnv_059	chrX	77697373	77797372	deletion	None	c2_private	c2	0.1000	10
e2	c50p20m50	20	20	50	10	10	80	cnv_060	chrX	78286754	78386753	deletion	None	c2_private	c2	0.1000	10
e2	c50p20m50	20	20	50	10	10	80	cnv_061	chrX	81211472	81311471	deletion	None	c2_private	c2	0.1000	10
e2	c50p20m50	20	20	50	10	10	80	cnv_062	chrX	83157545	83257544	inversion	None	c2_private	c2	0.1000	10
e2	c50p20m50	20	20	50	10	10	80	cnv_063	chrX	83434710	83534709	inversion	None	c2_private	c2	0.1000	10
e2	c50p20m50	20	20	50	10	10	80	cnv_064	chrX	87748068	87848067	deletion	None	c2_private	c2	0.1000	10
e2	c50p20m50	20	20	50	10	10	80	cnv_065	chrX	89210691	89310690	deletion	None	c2_private	c2	0.1000	10
e2	c50p20m50	20	20	50	10	10	80	cnv_066	chrX	90723254	90823253	deletion	None	c2_private	c2	0.1000	10
e2	c50p20m50	20	20	50	10	10	80	cnv_067	chrX	92586296	92686295	inversion	None	c2_private	c2	0.1000	10
e2	c50p20m50	20	20	50	10	10	80	cnv_068	chrX	94048223	94148222	deletion	None	c2_private	c2	0.1000	10
e2	c50p20m50	20	20	50	10	10	80	cnv_069	chrX	94591766	94691765	inversion	None	c2_private	c2	0.1000	10
e2	c50p20m50	20	20	50	10	10	80	cnv_070	chrX	95097124	95197123	deletion	None	c2_private	c2	0.1000	10
e2	c50p20m50	20	20	50	10	10	80	cnv_071	chrX	95767788	95867787	inversion	None	c2_private	c2	0.1000	10
e2	c50p20m50	20	20	50	10	10	80	cnv_072	chrX	97056317	97156316	inversion	None	c2_private	c2	0.1000	10
e2	c50p20m50	20	20	50	10	10	80	cnv_073	chrX	97804709	97904708	deletion	None	c2_private	c2	0.1000	10
e2	c50p20m50	20	20	50	10	10	80	cnv_074	chrX	100503375	100603374	inversion	None	c2_private	c2	0.1000	10
e2	c50p20m50	20	20	50	10	10	80	cnv_075	chrX	103025775	103125774	inversion	None	c3_private	c3	0.1000	10
e2	c50p20m50	20	20	50	10	10	80	cnv_076	chrX	104858118	104958117	inversion	None	c3_private	c3	0.1000	10
e2	c50p20m50	20	20	50	10	10	80	cnv_077	chrX	105469655	105569654	inversion	None	c3_private	c3	0.1000	10
e2	c50p20m50	20	20	50	10	10	80	cnv_078	chrX	106587021	106687020	inversion	None	c3_private	c3	0.1000	10
e2	c50p20m50	20	20	50	10	10	80	cnv_079	chrX	109684210	109784209	deletion	None	c3_private	c3	0.1000	10
e2	c50p20m50	20	20	50	10	10	80	cnv_080	chrX	112219541	112319540	deletion	None	c3_private	c3	0.1000	10
e2	c50p20m50	20	20	50	10	10	80	cnv_081	chrX	113223197	113323196	deletion	None	c3_private	c3	0.1000	10
e2	c50p20m50	20	20	50	10	10	80	cnv_082	chrX	113522070	113622069	inversion	None	c3_private	c3	0.1000	10
e2	c50p20m50	20	20	50	10	10	80	cnv_083	chrX	115234491	115334490	deletion	None	c3_private	c3	0.1000	10
e2	c50p20m50	20	20	50	10	10	80	cnv_084	chrX	115497064	115597063	deletion	None	c3_private	c3	0.1000	10
e2	c50p20m50	20	20	50	10	10	80	cnv_085	chrX	118728698	118828697	inversion	None	c3_private	c3	0.1000	10
e2	c50p20m50	20	20	50	10	10	80	cnv_086	chrX	119368691	119468690	deletion	None	c3_private	c3	0.1000	10
e2	c50p20m50	20	20	50	10	10	80	cnv_087	chrX	121040239	121140238	deletion	None	c3_private	c3	0.1000	10
e2	c50p20m50	20	20	50	10	10	80	cnv_088	chrX	121783132	121883131	deletion	None	c3_private	c3	0.1000	10
e2	c50p20m50	20	20	50	10	10	80	cnv_089	chrX	126101979	126201978	deletion	None	c3_private	c3	0.1000	10
e2	c50p20m50	20	20	50	10	10	80	cnv_090	chrX	130412338	130512337	inversion	None	c3_private	c3	0.1000	10
e2	c50p20m50	20	20	50	10	10	80	cnv_091	chrX	130947691	131047690	inversion	None	c3_private	c3	0.1000	10
e2	c50p20m50	20	20	50	10	10	80	cnv_092	chrX	131342494	131442493	inversion	None	c3_private	c3	0.1000	10
e2	c50p20m50	20	20	50	10	10	80	cnv_093	chrX	133615367	133715366	inversion	None	c3_private	c3	0.1000	10
e2	c50p20m50	20	20	50	10	10	80	cnv_094	chrX	133841307	133941306	inversion	None	c3_private	c3	0.1000	10
e2	c50p20m50	20	20	50	10	10	80	cnv_095	chrX	135048129	135148128	deletion	None	c3_private	c3	0.1000	10
e2	c50p20m50	20	20	50	10	10	80	cnv_096	chrX	136315184	136415183	inversion	None	c3_private	c3	0.1000	10
e2	c50p20m50	20	20	50	10	10	80	cnv_097	chrX	137740038	137840037	inversion	None	c3_private	c3	0.1000	10
e2	c50p20m50	20	20	50	10	10	80	cnv_098	chrX	142163532	142263531	deletion	None	c3_private	c3	0.1000	10
e2	c50p20m50	20	20	50	10	10	80	cnv_099	chrX	142326428	142426427	inversion	None	c3_private	c3	0.1000	10
e2	c50p20m50	20	20	50	10	10	80	cnv_100	chrX	142852663	142952662	deletion	None	c3_private	c3	0.1000	10
e2	c50p20m50	20	20	50	10	10	80	cnv_101	chrX	143052907	143152906	inversion	None	c3_private	c3	0.1000	10
e2	c50p20m50	20	20	50	10	10	80	cnv_102	chrX	143211943	143311942	deletion	None	c3_private	c3	0.1000	10
e2	c50p20m50	20	20	50	10	10	80	cnv_103	chrX	143832911	143932910	deletion	None	c3_private	c3	0.1000	10
e2	c50p20m50	20	20	50	10	10	80	cnv_104	chrX	144581680	144681679	inversion	None	c3_private	c3	0.1000	10
e2	c50p20m50	20	20	50	10	10	80	cnv_105	chrX	148152530	148252529	deletion	None	c3_private	c3	0.1000	10
e2	c50p20m50	20	20	50	10	10	80	cnv_106	chrX	149252704	149352703	deletion	None	c3_private	c3	0.1000	10
e2	c50p20m50	20	20	50	10	10	80	cnv_107	chrX	151425507	151525506	deletion	None	c3_private	c3	0.1000	10
e2	c50p20m50	20	20	50	10	10	80	cnv_108	chrX	151986036	152086035	inversion	None	c3_private	c3	0.1000	10
e2	c50p20m50	20	20	50	10	10	80	cnv_109	chrX	153163327	153263326	deletion	None	c3_private	c3	0.1000	10
e2	c50p20m50	20	20	50	10	10	80	cnv_110	chrX	153599472	153699471	deletion	None	c3_private	c3	0.1000	10
e2	c50p40m10	21	40	10	4	36	60	cnv_001	chrX	7534655	7634654	deletion	None	clonal	c2,c3	0.4000	40
e2	c50p40m10	21	40	10	4	36	60	cnv_002	chrX	10392001	10492000	deletion	None	clonal	c2,c3	0.4000	40
e2	c50p40m10	21	40	10	4	36	60	cnv_003	chrX	12113065	12213064	deletion	None	clonal	c2,c3	0.4000	40
e2	c50p40m10	21	40	10	4	36	60	cnv_004	chrX	12451669	12551668	deletion	None	clonal	c2,c3	0.4000	40
e2	c50p40m10	21	40	10	4	36	60	cnv_005	chrX	12622845	12722844	inversion	None	clonal	c2,c3	0.4000	40
e2	c50p40m10	21	40	10	4	36	60	cnv_006	chrX	14368243	14468242	deletion	None	clonal	c2,c3	0.4000	40
e2	c50p40m10	21	40	10	4	36	60	cnv_007	chrX	16255989	16355988	inversion	None	clonal	c2,c3	0.4000	40
e2	c50p40m10	21	40	10	4	36	60	cnv_008	chrX	18791669	18891668	inversion	None	clonal	c2,c3	0.4000	40
e2	c50p40m10	21	40	10	4	36	60	cnv_009	chrX	18938577	19038576	deletion	None	clonal	c2,c3	0.4000	40
e2	c50p40m10	21	40	10	4	36	60	cnv_010	chrX	20575628	20675627	deletion	None	clonal	c2,c3	0.4000	40
e2	c50p40m10	21	40	10	4	36	60	cnv_011	chrX	20779427	20879426	inversion	None	clonal	c2,c3	0.4000	40
e2	c50p40m10	21	40	10	4	36	60	cnv_012	chrX	21300398	21400397	inversion	None	clonal	c2,c3	0.4000	40
e2	c50p40m10	21	40	10	4	36	60	cnv_013	chrX	22604418	22704417	deletion	None	clonal	c2,c3	0.4000	40
e2	c50p40m10	21	40	10	4	36	60	cnv_014	chrX	22716399	22816398	inversion	None	clonal	c2,c3	0.4000	40
e2	c50p40m10	21	40	10	4	36	60	cnv_015	chrX	25126924	25226923	deletion	None	clonal	c2,c3	0.4000	40
e2	c50p40m10	21	40	10	4	36	60	cnv_016	chrX	28852336	28952335	deletion	None	clonal	c2,c3	0.4000	40
e2	c50p40m10	21	40	10	4	36	60	cnv_017	chrX	30410890	30510889	deletion	None	clonal	c2,c3	0.4000	40
e2	c50p40m10	21	40	10	4	36	60	cnv_018	chrX	31928834	32028833	inversion	None	clonal	c2,c3	0.4000	40
e2	c50p40m10	21	40	10	4	36	60	cnv_019	chrX	32290755	32390754	inversion	None	clonal	c2,c3	0.4000	40
e2	c50p40m10	21	40	10	4	36	60	cnv_020	chrX	33445241	33545240	deletion	None	clonal	c2,c3	0.4000	40
e2	c50p40m10	21	40	10	4	36	60	cnv_021	chrX	33730254	33830253	inversion	None	clonal	c2,c3	0.4000	40
e2	c50p40m10	21	40	10	4	36	60	cnv_022	chrX	34594945	34694944	deletion	None	clonal	c2,c3	0.4000	40
e2	c50p40m10	21	40	10	4	36	60	cnv_023	chrX	34846067	34946066	inversion	None	clonal	c2,c3	0.4000	40
e2	c50p40m10	21	40	10	4	36	60	cnv_024	chrX	35101599	35201598	deletion	None	clonal	c2,c3	0.4000	40
e2	c50p40m10	21	40	10	4	36	60	cnv_025	chrX	35756414	35856413	inversion	None	clonal	c2,c3	0.4000	40
e2	c50p40m10	21	40	10	4	36	60	cnv_026	chrX	38780830	38880829	inversion	None	clonal	c2,c3	0.4000	40
e2	c50p40m10	21	40	10	4	36	60	cnv_027	chrX	39218579	39318578	deletion	None	clonal	c2,c3	0.4000	40
e2	c50p40m10	21	40	10	4	36	60	cnv_028	chrX	39964009	40064008	inversion	None	clonal	c2,c3	0.4000	40
e2	c50p40m10	21	40	10	4	36	60	cnv_029	chrX	40190233	40290232	inversion	None	clonal	c2,c3	0.4000	40
e2	c50p40m10	21	40	10	4	36	60	cnv_030	chrX	41964843	42064842	inversion	None	clonal	c2,c3	0.4000	40
e2	c50p40m10	21	40	10	4	36	60	cnv_031	chrX	45865164	45965163	deletion	None	clonal	c2,c3	0.4000	40
e2	c50p40m10	21	40	10	4	36	60	cnv_032	chrX	46009804	46109803	deletion	None	clonal	c2,c3	0.4000	40
e2	c50p40m10	21	40	10	4	36	60	cnv_033	chrX	46543011	46643010	inversion	None	clonal	c2,c3	0.4000	40
e2	c50p40m10	21	40	10	4	36	60	cnv_034	chrX	47416632	47516631	inversion	None	clonal	c2,c3	0.4000	40
e2	c50p40m10	21	40	10	4	36	60	cnv_035	chrX	48046028	48146027	inversion	None	clonal	c2,c3	0.4000	40
e2	c50p40m10	21	40	10	4	36	60	cnv_036	chrX	49099756	49199755	inversion	None	clonal	c2,c3	0.4000	40
e2	c50p40m10	21	40	10	4	36	60	cnv_037	chrX	49586904	49686903	deletion	None	clonal	c2,c3	0.4000	40
e2	c50p40m10	21	40	10	4	36	60	cnv_038	chrX	51219613	51319612	deletion	None	c2_private	c2	0.0400	4
e2	c50p40m10	21	40	10	4	36	60	cnv_039	chrX	52282733	52382732	inversion	None	c2_private	c2	0.0400	4
e2	c50p40m10	21	40	10	4	36	60	cnv_040	chrX	52828302	52928301	inversion	None	c2_private	c2	0.0400	4
e2	c50p40m10	21	40	10	4	36	60	cnv_041	chrX	53433174	53533173	inversion	None	c2_private	c2	0.0400	4
e2	c50p40m10	21	40	10	4	36	60	cnv_042	chrX	54303323	54403322	inversion	None	c2_private	c2	0.0400	4
e2	c50p40m10	21	40	10	4	36	60	cnv_043	chrX	54996975	55096974	deletion	None	c2_private	c2	0.0400	4
e2	c50p40m10	21	40	10	4	36	60	cnv_044	chrX	56708059	56808058	deletion	None	c2_private	c2	0.0400	4
e2	c50p40m10	21	40	10	4	36	60	cnv_045	chrX	64768560	64868559	inversion	None	c2_private	c2	0.0400	4
e2	c50p40m10	21	40	10	4	36	60	cnv_046	chrX	66999575	67099574	inversion	None	c2_private	c2	0.0400	4
e2	c50p40m10	21	40	10	4	36	60	cnv_047	chrX	67196579	67296578	deletion	None	c2_private	c2	0.0400	4
e2	c50p40m10	21	40	10	4	36	60	cnv_048	chrX	68245435	68345434	deletion	None	c2_private	c2	0.0400	4
e2	c50p40m10	21	40	10	4	36	60	cnv_049	chrX	69313490	69413489	inversion	None	c2_private	c2	0.0400	4
e2	c50p40m10	21	40	10	4	36	60	cnv_050	chrX	69578797	69678796	deletion	None	c2_private	c2	0.0400	4
e2	c50p40m10	21	40	10	4	36	60	cnv_051	chrX	70072789	70172788	inversion	None	c2_private	c2	0.0400	4
e2	c50p40m10	21	40	10	4	36	60	cnv_052	chrX	70415058	70515057	deletion	None	c2_private	c2	0.0400	4
e2	c50p40m10	21	40	10	4	36	60	cnv_053	chrX	70737488	70837487	inversion	None	c2_private	c2	0.0400	4
e2	c50p40m10	21	40	10	4	36	60	cnv_054	chrX	71158330	71258329	inversion	None	c2_private	c2	0.0400	4
e2	c50p40m10	21	40	10	4	36	60	cnv_055	chrX	74974791	75074790	deletion	None	c2_private	c2	0.0400	4
e2	c50p40m10	21	40	10	4	36	60	cnv_056	chrX	75760354	75860353	deletion	None	c2_private	c2	0.0400	4
e2	c50p40m10	21	40	10	4	36	60	cnv_057	chrX	76493731	76593730	inversion	None	c2_private	c2	0.0400	4
e2	c50p40m10	21	40	10	4	36	60	cnv_058	chrX	77427278	77527277	inversion	None	c2_private	c2	0.0400	4
e2	c50p40m10	21	40	10	4	36	60	cnv_059	chrX	77697373	77797372	deletion	None	c2_private	c2	0.0400	4
e2	c50p40m10	21	40	10	4	36	60	cnv_060	chrX	78286754	78386753	deletion	None	c2_private	c2	0.0400	4
e2	c50p40m10	21	40	10	4	36	60	cnv_061	chrX	81211472	81311471	deletion	None	c2_private	c2	0.0400	4
e2	c50p40m10	21	40	10	4	36	60	cnv_062	chrX	83157545	83257544	inversion	None	c2_private	c2	0.0400	4
e2	c50p40m10	21	40	10	4	36	60	cnv_063	chrX	83434710	83534709	inversion	None	c2_private	c2	0.0400	4
e2	c50p40m10	21	40	10	4	36	60	cnv_064	chrX	87748068	87848067	deletion	None	c2_private	c2	0.0400	4
e2	c50p40m10	21	40	10	4	36	60	cnv_065	chrX	89210691	89310690	deletion	None	c2_private	c2	0.0400	4
e2	c50p40m10	21	40	10	4	36	60	cnv_066	chrX	90723254	90823253	deletion	None	c2_private	c2	0.0400	4
e2	c50p40m10	21	40	10	4	36	60	cnv_067	chrX	92586296	92686295	inversion	None	c2_private	c2	0.0400	4
e2	c50p40m10	21	40	10	4	36	60	cnv_068	chrX	94048223	94148222	deletion	None	c2_private	c2	0.0400	4
e2	c50p40m10	21	40	10	4	36	60	cnv_069	chrX	94591766	94691765	inversion	None	c2_private	c2	0.0400	4
e2	c50p40m10	21	40	10	4	36	60	cnv_070	chrX	95097124	95197123	deletion	None	c2_private	c2	0.0400	4
e2	c50p40m10	21	40	10	4	36	60	cnv_071	chrX	95767788	95867787	inversion	None	c2_private	c2	0.0400	4
e2	c50p40m10	21	40	10	4	36	60	cnv_072	chrX	97056317	97156316	inversion	None	c2_private	c2	0.0400	4
e2	c50p40m10	21	40	10	4	36	60	cnv_073	chrX	97804709	97904708	deletion	None	c2_private	c2	0.0400	4
e2	c50p40m10	21	40	10	4	36	60	cnv_074	chrX	100503375	100603374	inversion	None	c2_private	c2	0.0400	4
e2	c50p40m10	21	40	10	4	36	60	cnv_075	chrX	103025775	103125774	inversion	None	c3_private	c3	0.3600	36
e2	c50p40m10	21	40	10	4	36	60	cnv_076	chrX	104858118	104958117	inversion	None	c3_private	c3	0.3600	36
e2	c50p40m10	21	40	10	4	36	60	cnv_077	chrX	105469655	105569654	inversion	None	c3_private	c3	0.3600	36
e2	c50p40m10	21	40	10	4	36	60	cnv_078	chrX	106587021	106687020	inversion	None	c3_private	c3	0.3600	36
e2	c50p40m10	21	40	10	4	36	60	cnv_079	chrX	109684210	109784209	deletion	None	c3_private	c3	0.3600	36
e2	c50p40m10	21	40	10	4	36	60	cnv_080	chrX	112219541	112319540	deletion	None	c3_private	c3	0.3600	36
e2	c50p40m10	21	40	10	4	36	60	cnv_081	chrX	113223197	113323196	deletion	None	c3_private	c3	0.3600	36
e2	c50p40m10	21	40	10	4	36	60	cnv_082	chrX	113522070	113622069	inversion	None	c3_private	c3	0.3600	36
e2	c50p40m10	21	40	10	4	36	60	cnv_083	chrX	115234491	115334490	deletion	None	c3_private	c3	0.3600	36
e2	c50p40m10	21	40	10	4	36	60	cnv_084	chrX	115497064	115597063	deletion	None	c3_private	c3	0.3600	36
e2	c50p40m10	21	40	10	4	36	60	cnv_085	chrX	118728698	118828697	inversion	None	c3_private	c3	0.3600	36
e2	c50p40m10	21	40	10	4	36	60	cnv_086	chrX	119368691	119468690	deletion	None	c3_private	c3	0.3600	36
e2	c50p40m10	21	40	10	4	36	60	cnv_087	chrX	121040239	121140238	deletion	None	c3_private	c3	0.3600	36
e2	c50p40m10	21	40	10	4	36	60	cnv_088	chrX	121783132	121883131	deletion	None	c3_private	c3	0.3600	36
e2	c50p40m10	21	40	10	4	36	60	cnv_089	chrX	126101979	126201978	deletion	None	c3_private	c3	0.3600	36
e2	c50p40m10	21	40	10	4	36	60	cnv_090	chrX	130412338	130512337	inversion	None	c3_private	c3	0.3600	36
e2	c50p40m10	21	40	10	4	36	60	cnv_091	chrX	130947691	131047690	inversion	None	c3_private	c3	0.3600	36
e2	c50p40m10	21	40	10	4	36	60	cnv_092	chrX	131342494	131442493	inversion	None	c3_private	c3	0.3600	36
e2	c50p40m10	21	40	10	4	36	60	cnv_093	chrX	133615367	133715366	inversion	None	c3_private	c3	0.3600	36
e2	c50p40m10	21	40	10	4	36	60	cnv_094	chrX	133841307	133941306	inversion	None	c3_private	c3	0.3600	36
e2	c50p40m10	21	40	10	4	36	60	cnv_095	chrX	135048129	135148128	deletion	None	c3_private	c3	0.3600	36
e2	c50p40m10	21	40	10	4	36	60	cnv_096	chrX	136315184	136415183	inversion	None	c3_private	c3	0.3600	36
e2	c50p40m10	21	40	10	4	36	60	cnv_097	chrX	137740038	137840037	inversion	None	c3_private	c3	0.3600	36
e2	c50p40m10	21	40	10	4	36	60	cnv_098	chrX	142163532	142263531	deletion	None	c3_private	c3	0.3600	36
e2	c50p40m10	21	40	10	4	36	60	cnv_099	chrX	142326428	142426427	inversion	None	c3_private	c3	0.3600	36
e2	c50p40m10	21	40	10	4	36	60	cnv_100	chrX	142852663	142952662	deletion	None	c3_private	c3	0.3600	36
e2	c50p40m10	21	40	10	4	36	60	cnv_101	chrX	143052907	143152906	inversion	None	c3_private	c3	0.3600	36
e2	c50p40m10	21	40	10	4	36	60	cnv_102	chrX	143211943	143311942	deletion	None	c3_private	c3	0.3600	36
e2	c50p40m10	21	40	10	4	36	60	cnv_103	chrX	143832911	143932910	deletion	None	c3_private	c3	0.3600	36
e2	c50p40m10	21	40	10	4	36	60	cnv_104	chrX	144581680	144681679	inversion	None	c3_private	c3	0.3600	36
e2	c50p40m10	21	40	10	4	36	60	cnv_105	chrX	148152530	148252529	deletion	None	c3_private	c3	0.3600	36
e2	c50p40m10	21	40	10	4	36	60	cnv_106	chrX	149252704	149352703	deletion	None	c3_private	c3	0.3600	36
e2	c50p40m10	21	40	10	4	36	60	cnv_107	chrX	151425507	151525506	deletion	None	c3_private	c3	0.3600	36
e2	c50p40m10	21	40	10	4	36	60	cnv_108	chrX	151986036	152086035	inversion	None	c3_private	c3	0.3600	36
e2	c50p40m10	21	40	10	4	36	60	cnv_109	chrX	153163327	153263326	deletion	None	c3_private	c3	0.3600	36
e2	c50p40m10	21	40	10	4	36	60	cnv_110	chrX	153599472	153699471	deletion	None	c3_private	c3	0.3600	36
e2	c50p40m30	22	40	30	12	28	60	cnv_001	chrX	7534655	7634654	deletion	None	clonal	c2,c3	0.4000	40
e2	c50p40m30	22	40	30	12	28	60	cnv_002	chrX	10392001	10492000	deletion	None	clonal	c2,c3	0.4000	40
e2	c50p40m30	22	40	30	12	28	60	cnv_003	chrX	12113065	12213064	deletion	None	clonal	c2,c3	0.4000	40
e2	c50p40m30	22	40	30	12	28	60	cnv_004	chrX	12451669	12551668	deletion	None	clonal	c2,c3	0.4000	40
e2	c50p40m30	22	40	30	12	28	60	cnv_005	chrX	12622845	12722844	inversion	None	clonal	c2,c3	0.4000	40
e2	c50p40m30	22	40	30	12	28	60	cnv_006	chrX	14368243	14468242	deletion	None	clonal	c2,c3	0.4000	40
e2	c50p40m30	22	40	30	12	28	60	cnv_007	chrX	16255989	16355988	inversion	None	clonal	c2,c3	0.4000	40
e2	c50p40m30	22	40	30	12	28	60	cnv_008	chrX	18791669	18891668	inversion	None	clonal	c2,c3	0.4000	40
e2	c50p40m30	22	40	30	12	28	60	cnv_009	chrX	18938577	19038576	deletion	None	clonal	c2,c3	0.4000	40
e2	c50p40m30	22	40	30	12	28	60	cnv_010	chrX	20575628	20675627	deletion	None	clonal	c2,c3	0.4000	40
e2	c50p40m30	22	40	30	12	28	60	cnv_011	chrX	20779427	20879426	inversion	None	clonal	c2,c3	0.4000	40
e2	c50p40m30	22	40	30	12	28	60	cnv_012	chrX	21300398	21400397	inversion	None	clonal	c2,c3	0.4000	40
e2	c50p40m30	22	40	30	12	28	60	cnv_013	chrX	22604418	22704417	deletion	None	clonal	c2,c3	0.4000	40
e2	c50p40m30	22	40	30	12	28	60	cnv_014	chrX	22716399	22816398	inversion	None	clonal	c2,c3	0.4000	40
e2	c50p40m30	22	40	30	12	28	60	cnv_015	chrX	25126924	25226923	deletion	None	clonal	c2,c3	0.4000	40
e2	c50p40m30	22	40	30	12	28	60	cnv_016	chrX	28852336	28952335	deletion	None	clonal	c2,c3	0.4000	40
e2	c50p40m30	22	40	30	12	28	60	cnv_017	chrX	30410890	30510889	deletion	None	clonal	c2,c3	0.4000	40
e2	c50p40m30	22	40	30	12	28	60	cnv_018	chrX	31928834	32028833	inversion	None	clonal	c2,c3	0.4000	40
e2	c50p40m30	22	40	30	12	28	60	cnv_019	chrX	32290755	32390754	inversion	None	clonal	c2,c3	0.4000	40
e2	c50p40m30	22	40	30	12	28	60	cnv_020	chrX	33445241	33545240	deletion	None	clonal	c2,c3	0.4000	40
e2	c50p40m30	22	40	30	12	28	60	cnv_021	chrX	33730254	33830253	inversion	None	clonal	c2,c3	0.4000	40
e2	c50p40m30	22	40	30	12	28	60	cnv_022	chrX	34594945	34694944	deletion	None	clonal	c2,c3	0.4000	40
e2	c50p40m30	22	40	30	12	28	60	cnv_023	chrX	34846067	34946066	inversion	None	clonal	c2,c3	0.4000	40
e2	c50p40m30	22	40	30	12	28	60	cnv_024	chrX	35101599	35201598	deletion	None	clonal	c2,c3	0.4000	40
e2	c50p40m30	22	40	30	12	28	60	cnv_025	chrX	35756414	35856413	inversion	None	clonal	c2,c3	0.4000	40
e2	c50p40m30	22	40	30	12	28	60	cnv_026	chrX	38780830	38880829	inversion	None	clonal	c2,c3	0.4000	40
e2	c50p40m30	22	40	30	12	28	60	cnv_027	chrX	39218579	39318578	deletion	None	clonal	c2,c3	0.4000	40
e2	c50p40m30	22	40	30	12	28	60	cnv_028	chrX	39964009	40064008	inversion	None	clonal	c2,c3	0.4000	40
e2	c50p40m30	22	40	30	12	28	60	cnv_029	chrX	40190233	40290232	inversion	None	clonal	c2,c3	0.4000	40
e2	c50p40m30	22	40	30	12	28	60	cnv_030	chrX	41964843	42064842	inversion	None	clonal	c2,c3	0.4000	40
e2	c50p40m30	22	40	30	12	28	60	cnv_031	chrX	45865164	45965163	deletion	None	clonal	c2,c3	0.4000	40
e2	c50p40m30	22	40	30	12	28	60	cnv_032	chrX	46009804	46109803	deletion	None	clonal	c2,c3	0.4000	40
e2	c50p40m30	22	40	30	12	28	60	cnv_033	chrX	46543011	46643010	inversion	None	clonal	c2,c3	0.4000	40
e2	c50p40m30	22	40	30	12	28	60	cnv_034	chrX	47416632	47516631	inversion	None	clonal	c2,c3	0.4000	40
e2	c50p40m30	22	40	30	12	28	60	cnv_035	chrX	48046028	48146027	inversion	None	clonal	c2,c3	0.4000	40
e2	c50p40m30	22	40	30	12	28	60	cnv_036	chrX	49099756	49199755	inversion	None	clonal	c2,c3	0.4000	40
e2	c50p40m30	22	40	30	12	28	60	cnv_037	chrX	49586904	49686903	deletion	None	clonal	c2,c3	0.4000	40
e2	c50p40m30	22	40	30	12	28	60	cnv_038	chrX	51219613	51319612	deletion	None	c2_private	c2	0.1200	12
e2	c50p40m30	22	40	30	12	28	60	cnv_039	chrX	52282733	52382732	inversion	None	c2_private	c2	0.1200	12
e2	c50p40m30	22	40	30	12	28	60	cnv_040	chrX	52828302	52928301	inversion	None	c2_private	c2	0.1200	12
e2	c50p40m30	22	40	30	12	28	60	cnv_041	chrX	53433174	53533173	inversion	None	c2_private	c2	0.1200	12
e2	c50p40m30	22	40	30	12	28	60	cnv_042	chrX	54303323	54403322	inversion	None	c2_private	c2	0.1200	12
e2	c50p40m30	22	40	30	12	28	60	cnv_043	chrX	54996975	55096974	deletion	None	c2_private	c2	0.1200	12
e2	c50p40m30	22	40	30	12	28	60	cnv_044	chrX	56708059	56808058	deletion	None	c2_private	c2	0.1200	12
e2	c50p40m30	22	40	30	12	28	60	cnv_045	chrX	64768560	64868559	inversion	None	c2_private	c2	0.1200	12
e2	c50p40m30	22	40	30	12	28	60	cnv_046	chrX	66999575	67099574	inversion	None	c2_private	c2	0.1200	12
e2	c50p40m30	22	40	30	12	28	60	cnv_047	chrX	67196579	67296578	deletion	None	c2_private	c2	0.1200	12
e2	c50p40m30	22	40	30	12	28	60	cnv_048	chrX	68245435	68345434	deletion	None	c2_private	c2	0.1200	12
e2	c50p40m30	22	40	30	12	28	60	cnv_049	chrX	69313490	69413489	inversion	None	c2_private	c2	0.1200	12
e2	c50p40m30	22	40	30	12	28	60	cnv_050	chrX	69578797	69678796	deletion	None	c2_private	c2	0.1200	12
e2	c50p40m30	22	40	30	12	28	60	cnv_051	chrX	70072789	70172788	inversion	None	c2_private	c2	0.1200	12
e2	c50p40m30	22	40	30	12	28	60	cnv_052	chrX	70415058	70515057	deletion	None	c2_private	c2	0.1200	12
e2	c50p40m30	22	40	30	12	28	60	cnv_053	chrX	70737488	70837487	inversion	None	c2_private	c2	0.1200	12
e2	c50p40m30	22	40	30	12	28	60	cnv_054	chrX	71158330	71258329	inversion	None	c2_private	c2	0.1200	12
e2	c50p40m30	22	40	30	12	28	60	cnv_055	chrX	74974791	75074790	deletion	None	c2_private	c2	0.1200	12
e2	c50p40m30	22	40	30	12	28	60	cnv_056	chrX	75760354	75860353	deletion	None	c2_private	c2	0.1200	12
e2	c50p40m30	22	40	30	12	28	60	cnv_057	chrX	76493731	76593730	inversion	None	c2_private	c2	0.1200	12
e2	c50p40m30	22	40	30	12	28	60	cnv_058	chrX	77427278	77527277	inversion	None	c2_private	c2	0.1200	12
e2	c50p40m30	22	40	30	12	28	60	cnv_059	chrX	77697373	77797372	deletion	None	c2_private	c2	0.1200	12
e2	c50p40m30	22	40	30	12	28	60	cnv_060	chrX	78286754	78386753	deletion	None	c2_private	c2	0.1200	12
e2	c50p40m30	22	40	30	12	28	60	cnv_061	chrX	81211472	81311471	deletion	None	c2_private	c2	0.1200	12
e2	c50p40m30	22	40	30	12	28	60	cnv_062	chrX	83157545	83257544	inversion	None	c2_private	c2	0.1200	12
e2	c50p40m30	22	40	30	12	28	60	cnv_063	chrX	83434710	83534709	inversion	None	c2_private	c2	0.1200	12
e2	c50p40m30	22	40	30	12	28	60	cnv_064	chrX	87748068	87848067	deletion	None	c2_private	c2	0.1200	12
e2	c50p40m30	22	40	30	12	28	60	cnv_065	chrX	89210691	89310690	deletion	None	c2_private	c2	0.1200	12
e2	c50p40m30	22	40	30	12	28	60	cnv_066	chrX	90723254	90823253	deletion	None	c2_private	c2	0.1200	12
e2	c50p40m30	22	40	30	12	28	60	cnv_067	chrX	92586296	92686295	inversion	None	c2_private	c2	0.1200	12
e2	c50p40m30	22	40	30	12	28	60	cnv_068	chrX	94048223	94148222	deletion	None	c2_private	c2	0.1200	12
e2	c50p40m30	22	40	30	12	28	60	cnv_069	chrX	94591766	94691765	inversion	None	c2_private	c2	0.1200	12
e2	c50p40m30	22	40	30	12	28	60	cnv_070	chrX	95097124	95197123	deletion	None	c2_private	c2	0.1200	12
e2	c50p40m30	22	40	30	12	28	60	cnv_071	chrX	95767788	95867787	inversion	None	c2_private	c2	0.1200	12
e2	c50p40m30	22	40	30	12	28	60	cnv_072	chrX	97056317	97156316	inversion	None	c2_private	c2	0.1200	12
e2	c50p40m30	22	40	30	12	28	60	cnv_073	chrX	97804709	97904708	deletion	None	c2_private	c2	0.1200	12
e2	c50p40m30	22	40	30	12	28	60	cnv_074	chrX	100503375	100603374	inversion	None	c2_private	c2	0.1200	12
e2	c50p40m30	22	40	30	12	28	60	cnv_075	chrX	103025775	103125774	inversion	None	c3_private	c3	0.2800	28
e2	c50p40m30	22	40	30	12	28	60	cnv_076	chrX	104858118	104958117	inversion	None	c3_private	c3	0.2800	28
e2	c50p40m30	22	40	30	12	28	60	cnv_077	chrX	105469655	105569654	inversion	None	c3_private	c3	0.2800	28
e2	c50p40m30	22	40	30	12	28	60	cnv_078	chrX	106587021	106687020	inversion	None	c3_private	c3	0.2800	28
e2	c50p40m30	22	40	30	12	28	60	cnv_079	chrX	109684210	109784209	deletion	None	c3_private	c3	0.2800	28
e2	c50p40m30	22	40	30	12	28	60	cnv_080	chrX	112219541	112319540	deletion	None	c3_private	c3	0.2800	28
e2	c50p40m30	22	40	30	12	28	60	cnv_081	chrX	113223197	113323196	deletion	None	c3_private	c3	0.2800	28
e2	c50p40m30	22	40	30	12	28	60	cnv_082	chrX	113522070	113622069	inversion	None	c3_private	c3	0.2800	28
e2	c50p40m30	22	40	30	12	28	60	cnv_083	chrX	115234491	115334490	deletion	None	c3_private	c3	0.2800	28
e2	c50p40m30	22	40	30	12	28	60	cnv_084	chrX	115497064	115597063	deletion	None	c3_private	c3	0.2800	28
e2	c50p40m30	22	40	30	12	28	60	cnv_085	chrX	118728698	118828697	inversion	None	c3_private	c3	0.2800	28
e2	c50p40m30	22	40	30	12	28	60	cnv_086	chrX	119368691	119468690	deletion	None	c3_private	c3	0.2800	28
e2	c50p40m30	22	40	30	12	28	60	cnv_087	chrX	121040239	121140238	deletion	None	c3_private	c3	0.2800	28
e2	c50p40m30	22	40	30	12	28	60	cnv_088	chrX	121783132	121883131	deletion	None	c3_private	c3	0.2800	28
e2	c50p40m30	22	40	30	12	28	60	cnv_089	chrX	126101979	126201978	deletion	None	c3_private	c3	0.2800	28
e2	c50p40m30	22	40	30	12	28	60	cnv_090	chrX	130412338	130512337	inversion	None	c3_private	c3	0.2800	28
e2	c50p40m30	22	40	30	12	28	60	cnv_091	chrX	130947691	131047690	inversion	None	c3_private	c3	0.2800	28
e2	c50p40m30	22	40	30	12	28	60	cnv_092	chrX	131342494	131442493	inversion	None	c3_private	c3	0.2800	28
e2	c50p40m30	22	40	30	12	28	60	cnv_093	chrX	133615367	133715366	inversion	None	c3_private	c3	0.2800	28
e2	c50p40m30	22	40	30	12	28	60	cnv_094	chrX	133841307	133941306	inversion	None	c3_private	c3	0.2800	28
e2	c50p40m30	22	40	30	12	28	60	cnv_095	chrX	135048129	135148128	deletion	None	c3_private	c3	0.2800	28
e2	c50p40m30	22	40	30	12	28	60	cnv_096	chrX	136315184	136415183	inversion	None	c3_private	c3	0.2800	28
e2	c50p40m30	22	40	30	12	28	60	cnv_097	chrX	137740038	137840037	inversion	None	c3_private	c3	0.2800	28
e2	c50p40m30	22	40	30	12	28	60	cnv_098	chrX	142163532	142263531	deletion	None	c3_private	c3	0.2800	28
e2	c50p40m30	22	40	30	12	28	60	cnv_099	chrX	142326428	142426427	inversion	None	c3_private	c3	0.2800	28
e2	c50p40m30	22	40	30	12	28	60	cnv_100	chrX	142852663	142952662	deletion	None	c3_private	c3	0.2800	28
e2	c50p40m30	22	40	30	12	28	60	cnv_101	chrX	143052907	143152906	inversion	None	c3_private	c3	0.2800	28
e2	c50p40m30	22	40	30	12	28	60	cnv_102	chrX	143211943	143311942	deletion	None	c3_private	c3	0.2800	28
e2	c50p40m30	22	40	30	12	28	60	cnv_103	chrX	143832911	143932910	deletion	None	c3_private	c3	0.2800	28
e2	c50p40m30	22	40	30	12	28	60	cnv_104	chrX	144581680	144681679	inversion	None	c3_private	c3	0.2800	28
e2	c50p40m30	22	40	30	12	28	60	cnv_105	chrX	148152530	148252529	deletion	None	c3_private	c3	0.2800	28
e2	c50p40m30	22	40	30	12	28	60	cnv_106	chrX	149252704	149352703	deletion	None	c3_private	c3	0.2800	28
e2	c50p40m30	22	40	30	12	28	60	cnv_107	chrX	151425507	151525506	deletion	None	c3_private	c3	0.2800	28
e2	c50p40m30	22	40	30	12	28	60	cnv_108	chrX	151986036	152086035	inversion	None	c3_private	c3	0.2800	28
e2	c50p40m30	22	40	30	12	28	60	cnv_109	chrX	153163327	153263326	deletion	None	c3_private	c3	0.2800	28
e2	c50p40m30	22	40	30	12	28	60	cnv_110	chrX	153599472	153699471	deletion	None	c3_private	c3	0.2800	28
e2	c50p40m50	23	40	50	20	20	60	cnv_001	chrX	7534655	7634654	deletion	None	clonal	c2,c3	0.4000	40
e2	c50p40m50	23	40	50	20	20	60	cnv_002	chrX	10392001	10492000	deletion	None	clonal	c2,c3	0.4000	40
e2	c50p40m50	23	40	50	20	20	60	cnv_003	chrX	12113065	12213064	deletion	None	clonal	c2,c3	0.4000	40
e2	c50p40m50	23	40	50	20	20	60	cnv_004	chrX	12451669	12551668	deletion	None	clonal	c2,c3	0.4000	40
e2	c50p40m50	23	40	50	20	20	60	cnv_005	chrX	12622845	12722844	inversion	None	clonal	c2,c3	0.4000	40
e2	c50p40m50	23	40	50	20	20	60	cnv_006	chrX	14368243	14468242	deletion	None	clonal	c2,c3	0.4000	40
e2	c50p40m50	23	40	50	20	20	60	cnv_007	chrX	16255989	16355988	inversion	None	clonal	c2,c3	0.4000	40
e2	c50p40m50	23	40	50	20	20	60	cnv_008	chrX	18791669	18891668	inversion	None	clonal	c2,c3	0.4000	40
e2	c50p40m50	23	40	50	20	20	60	cnv_009	chrX	18938577	19038576	deletion	None	clonal	c2,c3	0.4000	40
e2	c50p40m50	23	40	50	20	20	60	cnv_010	chrX	20575628	20675627	deletion	None	clonal	c2,c3	0.4000	40
e2	c50p40m50	23	40	50	20	20	60	cnv_011	chrX	20779427	20879426	inversion	None	clonal	c2,c3	0.4000	40
e2	c50p40m50	23	40	50	20	20	60	cnv_012	chrX	21300398	21400397	inversion	None	clonal	c2,c3	0.4000	40
e2	c50p40m50	23	40	50	20	20	60	cnv_013	chrX	22604418	22704417	deletion	None	clonal	c2,c3	0.4000	40
e2	c50p40m50	23	40	50	20	20	60	cnv_014	chrX	22716399	22816398	inversion	None	clonal	c2,c3	0.4000	40
e2	c50p40m50	23	40	50	20	20	60	cnv_015	chrX	25126924	25226923	deletion	None	clonal	c2,c3	0.4000	40
e2	c50p40m50	23	40	50	20	20	60	cnv_016	chrX	28852336	28952335	deletion	None	clonal	c2,c3	0.4000	40
e2	c50p40m50	23	40	50	20	20	60	cnv_017	chrX	30410890	30510889	deletion	None	clonal	c2,c3	0.4000	40
e2	c50p40m50	23	40	50	20	20	60	cnv_018	chrX	31928834	32028833	inversion	None	clonal	c2,c3	0.4000	40
e2	c50p40m50	23	40	50	20	20	60	cnv_019	chrX	32290755	32390754	inversion	None	clonal	c2,c3	0.4000	40
e2	c50p40m50	23	40	50	20	20	60	cnv_020	chrX	33445241	33545240	deletion	None	clonal	c2,c3	0.4000	40
e2	c50p40m50	23	40	50	20	20	60	cnv_021	chrX	33730254	33830253	inversion	None	clonal	c2,c3	0.4000	40
e2	c50p40m50	23	40	50	20	20	60	cnv_022	chrX	34594945	34694944	deletion	None	clonal	c2,c3	0.4000	40
e2	c50p40m50	23	40	50	20	20	60	cnv_023	chrX	34846067	34946066	inversion	None	clonal	c2,c3	0.4000	40
e2	c50p40m50	23	40	50	20	20	60	cnv_024	chrX	35101599	35201598	deletion	None	clonal	c2,c3	0.4000	40
e2	c50p40m50	23	40	50	20	20	60	cnv_025	chrX	35756414	35856413	inversion	None	clonal	c2,c3	0.4000	40
e2	c50p40m50	23	40	50	20	20	60	cnv_026	chrX	38780830	38880829	inversion	None	clonal	c2,c3	0.4000	40
e2	c50p40m50	23	40	50	20	20	60	cnv_027	chrX	39218579	39318578	deletion	None	clonal	c2,c3	0.4000	40
e2	c50p40m50	23	40	50	20	20	60	cnv_028	chrX	39964009	40064008	inversion	None	clonal	c2,c3	0.4000	40
e2	c50p40m50	23	40	50	20	20	60	cnv_029	chrX	40190233	40290232	inversion	None	clonal	c2,c3	0.4000	40
e2	c50p40m50	23	40	50	20	20	60	cnv_030	chrX	41964843	42064842	inversion	None	clonal	c2,c3	0.4000	40
e2	c50p40m50	23	40	50	20	20	60	cnv_031	chrX	45865164	45965163	deletion	None	clonal	c2,c3	0.4000	40
e2	c50p40m50	23	40	50	20	20	60	cnv_032	chrX	46009804	46109803	deletion	None	clonal	c2,c3	0.4000	40
e2	c50p40m50	23	40	50	20	20	60	cnv_033	chrX	46543011	46643010	inversion	None	clonal	c2,c3	0.4000	40
e2	c50p40m50	23	40	50	20	20	60	cnv_034	chrX	47416632	47516631	inversion	None	clonal	c2,c3	0.4000	40
e2	c50p40m50	23	40	50	20	20	60	cnv_035	chrX	48046028	48146027	inversion	None	clonal	c2,c3	0.4000	40
e2	c50p40m50	23	40	50	20	20	60	cnv_036	chrX	49099756	49199755	inversion	None	clonal	c2,c3	0.4000	40
e2	c50p40m50	23	40	50	20	20	60	cnv_037	chrX	49586904	49686903	deletion	None	clonal	c2,c3	0.4000	40
e2	c50p40m50	23	40	50	20	20	60	cnv_038	chrX	51219613	51319612	deletion	None	c2_private	c2	0.2000	20
e2	c50p40m50	23	40	50	20	20	60	cnv_039	chrX	52282733	52382732	inversion	None	c2_private	c2	0.2000	20
e2	c50p40m50	23	40	50	20	20	60	cnv_040	chrX	52828302	52928301	inversion	None	c2_private	c2	0.2000	20
e2	c50p40m50	23	40	50	20	20	60	cnv_041	chrX	53433174	53533173	inversion	None	c2_private	c2	0.2000	20
e2	c50p40m50	23	40	50	20	20	60	cnv_042	chrX	54303323	54403322	inversion	None	c2_private	c2	0.2000	20
e2	c50p40m50	23	40	50	20	20	60	cnv_043	chrX	54996975	55096974	deletion	None	c2_private	c2	0.2000	20
e2	c50p40m50	23	40	50	20	20	60	cnv_044	chrX	56708059	56808058	deletion	None	c2_private	c2	0.2000	20
e2	c50p40m50	23	40	50	20	20	60	cnv_045	chrX	64768560	64868559	inversion	None	c2_private	c2	0.2000	20
e2	c50p40m50	23	40	50	20	20	60	cnv_046	chrX	66999575	67099574	inversion	None	c2_private	c2	0.2000	20
e2	c50p40m50	23	40	50	20	20	60	cnv_047	chrX	67196579	67296578	deletion	None	c2_private	c2	0.2000	20
e2	c50p40m50	23	40	50	20	20	60	cnv_048	chrX	68245435	68345434	deletion	None	c2_private	c2	0.2000	20
e2	c50p40m50	23	40	50	20	20	60	cnv_049	chrX	69313490	69413489	inversion	None	c2_private	c2	0.2000	20
e2	c50p40m50	23	40	50	20	20	60	cnv_050	chrX	69578797	69678796	deletion	None	c2_private	c2	0.2000	20
e2	c50p40m50	23	40	50	20	20	60	cnv_051	chrX	70072789	70172788	inversion	None	c2_private	c2	0.2000	20
e2	c50p40m50	23	40	50	20	20	60	cnv_052	chrX	70415058	70515057	deletion	None	c2_private	c2	0.2000	20
e2	c50p40m50	23	40	50	20	20	60	cnv_053	chrX	70737488	70837487	inversion	None	c2_private	c2	0.2000	20
e2	c50p40m50	23	40	50	20	20	60	cnv_054	chrX	71158330	71258329	inversion	None	c2_private	c2	0.2000	20
e2	c50p40m50	23	40	50	20	20	60	cnv_055	chrX	74974791	75074790	deletion	None	c2_private	c2	0.2000	20
e2	c50p40m50	23	40	50	20	20	60	cnv_056	chrX	75760354	75860353	deletion	None	c2_private	c2	0.2000	20
e2	c50p40m50	23	40	50	20	20	60	cnv_057	chrX	76493731	76593730	inversion	None	c2_private	c2	0.2000	20
e2	c50p40m50	23	40	50	20	20	60	cnv_058	chrX	77427278	77527277	inversion	None	c2_private	c2	0.2000	20
e2	c50p40m50	23	40	50	20	20	60	cnv_059	chrX	77697373	77797372	deletion	None	c2_private	c2	0.2000	20
e2	c50p40m50	23	40	50	20	20	60	cnv_060	chrX	78286754	78386753	deletion	None	c2_private	c2	0.2000	20
e2	c50p40m50	23	40	50	20	20	60	cnv_061	chrX	81211472	81311471	deletion	None	c2_private	c2	0.2000	20
e2	c50p40m50	23	40	50	20	20	60	cnv_062	chrX	83157545	83257544	inversion	None	c2_private	c2	0.2000	20
e2	c50p40m50	23	40	50	20	20	60	cnv_063	chrX	83434710	83534709	inversion	None	c2_private	c2	0.2000	20
e2	c50p40m50	23	40	50	20	20	60	cnv_064	chrX	87748068	87848067	deletion	None	c2_private	c2	0.2000	20
e2	c50p40m50	23	40	50	20	20	60	cnv_065	chrX	89210691	89310690	deletion	None	c2_private	c2	0.2000	20
e2	c50p40m50	23	40	50	20	20	60	cnv_066	chrX	90723254	90823253	deletion	None	c2_private	c2	0.2000	20
e2	c50p40m50	23	40	50	20	20	60	cnv_067	chrX	92586296	92686295	inversion	None	c2_private	c2	0.2000	20
e2	c50p40m50	23	40	50	20	20	60	cnv_068	chrX	94048223	94148222	deletion	None	c2_private	c2	0.2000	20
e2	c50p40m50	23	40	50	20	20	60	cnv_069	chrX	94591766	94691765	inversion	None	c2_private	c2	0.2000	20
e2	c50p40m50	23	40	50	20	20	60	cnv_070	chrX	95097124	95197123	deletion	None	c2_private	c2	0.2000	20
e2	c50p40m50	23	40	50	20	20	60	cnv_071	chrX	95767788	95867787	inversion	None	c2_private	c2	0.2000	20
e2	c50p40m50	23	40	50	20	20	60	cnv_072	chrX	97056317	97156316	inversion	None	c2_private	c2	0.2000	20
e2	c50p40m50	23	40	50	20	20	60	cnv_073	chrX	97804709	97904708	deletion	None	c2_private	c2	0.2000	20
e2	c50p40m50	23	40	50	20	20	60	cnv_074	chrX	100503375	100603374	inversion	None	c2_private	c2	0.2000	20
e2	c50p40m50	23	40	50	20	20	60	cnv_075	chrX	103025775	103125774	inversion	None	c3_private	c3	0.2000	20
e2	c50p40m50	23	40	50	20	20	60	cnv_076	chrX	104858118	104958117	inversion	None	c3_private	c3	0.2000	20
e2	c50p40m50	23	40	50	20	20	60	cnv_077	chrX	105469655	105569654	inversion	None	c3_private	c3	0.2000	20
e2	c50p40m50	23	40	50	20	20	60	cnv_078	chrX	106587021	106687020	inversion	None	c3_private	c3	0.2000	20
e2	c50p40m50	23	40	50	20	20	60	cnv_079	chrX	109684210	109784209	deletion	None	c3_private	c3	0.2000	20
e2	c50p40m50	23	40	50	20	20	60	cnv_080	chrX	112219541	112319540	deletion	None	c3_private	c3	0.2000	20
e2	c50p40m50	23	40	50	20	20	60	cnv_081	chrX	113223197	113323196	deletion	None	c3_private	c3	0.2000	20
e2	c50p40m50	23	40	50	20	20	60	cnv_082	chrX	113522070	113622069	inversion	None	c3_private	c3	0.2000	20
e2	c50p40m50	23	40	50	20	20	60	cnv_083	chrX	115234491	115334490	deletion	None	c3_private	c3	0.2000	20
e2	c50p40m50	23	40	50	20	20	60	cnv_084	chrX	115497064	115597063	deletion	None	c3_private	c3	0.2000	20
e2	c50p40m50	23	40	50	20	20	60	cnv_085	chrX	118728698	118828697	inversion	None	c3_private	c3	0.2000	20
e2	c50p40m50	23	40	50	20	20	60	cnv_086	chrX	119368691	119468690	deletion	None	c3_private	c3	0.2000	20
e2	c50p40m50	23	40	50	20	20	60	cnv_087	chrX	121040239	121140238	deletion	None	c3_private	c3	0.2000	20
e2	c50p40m50	23	40	50	20	20	60	cnv_088	chrX	121783132	121883131	deletion	None	c3_private	c3	0.2000	20
e2	c50p40m50	23	40	50	20	20	60	cnv_089	chrX	126101979	126201978	deletion	None	c3_private	c3	0.2000	20
e2	c50p40m50	23	40	50	20	20	60	cnv_090	chrX	130412338	130512337	inversion	None	c3_private	c3	0.2000	20
e2	c50p40m50	23	40	50	20	20	60	cnv_091	chrX	130947691	131047690	inversion	None	c3_private	c3	0.2000	20
e2	c50p40m50	23	40	50	20	20	60	cnv_092	chrX	131342494	131442493	inversion	None	c3_private	c3	0.2000	20
e2	c50p40m50	23	40	50	20	20	60	cnv_093	chrX	133615367	133715366	inversion	None	c3_private	c3	0.2000	20
e2	c50p40m50	23	40	50	20	20	60	cnv_094	chrX	133841307	133941306	inversion	None	c3_private	c3	0.2000	20
e2	c50p40m50	23	40	50	20	20	60	cnv_095	chrX	135048129	135148128	deletion	None	c3_private	c3	0.2000	20
e2	c50p40m50	23	40	50	20	20	60	cnv_096	chrX	136315184	136415183	inversion	None	c3_private	c3	0.2000	20
e2	c50p40m50	23	40	50	20	20	60	cnv_097	chrX	137740038	137840037	inversion	None	c3_private	c3	0.2000	20
e2	c50p40m50	23	40	50	20	20	60	cnv_098	chrX	142163532	142263531	deletion	None	c3_private	c3	0.2000	20
e2	c50p40m50	23	40	50	20	20	60	cnv_099	chrX	142326428	142426427	inversion	None	c3_private	c3	0.2000	20
e2	c50p40m50	23	40	50	20	20	60	cnv_100	chrX	142852663	142952662	deletion	None	c3_private	c3	0.2000	20
e2	c50p40m50	23	40	50	20	20	60	cnv_101	chrX	143052907	143152906	inversion	None	c3_private	c3	0.2000	20
e2	c50p40m50	23	40	50	20	20	60	cnv_102	chrX	143211943	143311942	deletion	None	c3_private	c3	0.2000	20
e2	c50p40m50	23	40	50	20	20	60	cnv_103	chrX	143832911	143932910	deletion	None	c3_private	c3	0.2000	20
e2	c50p40m50	23	40	50	20	20	60	cnv_104	chrX	144581680	144681679	inversion	None	c3_private	c3	0.2000	20
e2	c50p40m50	23	40	50	20	20	60	cnv_105	chrX	148152530	148252529	deletion	None	c3_private	c3	0.2000	20
e2	c50p40m50	23	40	50	20	20	60	cnv_106	chrX	149252704	149352703	deletion	None	c3_private	c3	0.2000	20
e2	c50p40m50	23	40	50	20	20	60	cnv_107	chrX	151425507	151525506	deletion	None	c3_private	c3	0.2000	20
e2	c50p40m50	23	40	50	20	20	60	cnv_108	chrX	151986036	152086035	inversion	None	c3_private	c3	0.2000	20
e2	c50p40m50	23	40	50	20	20	60	cnv_109	chrX	153163327	153263326	deletion	None	c3_private	c3	0.2000	20
e2	c50p40m50	23	40	50	20	20	60	cnv_110	chrX	153599472	153699471	deletion	None	c3_private	c3	0.2000	20
e2	c50p60m10	24	60	10	6	54	40	cnv_001	chrX	7534655	7634654	deletion	None	clonal	c2,c3	0.6000	60
e2	c50p60m10	24	60	10	6	54	40	cnv_002	chrX	10392001	10492000	deletion	None	clonal	c2,c3	0.6000	60
e2	c50p60m10	24	60	10	6	54	40	cnv_003	chrX	12113065	12213064	deletion	None	clonal	c2,c3	0.6000	60
e2	c50p60m10	24	60	10	6	54	40	cnv_004	chrX	12451669	12551668	deletion	None	clonal	c2,c3	0.6000	60
e2	c50p60m10	24	60	10	6	54	40	cnv_005	chrX	12622845	12722844	inversion	None	clonal	c2,c3	0.6000	60
e2	c50p60m10	24	60	10	6	54	40	cnv_006	chrX	14368243	14468242	deletion	None	clonal	c2,c3	0.6000	60
e2	c50p60m10	24	60	10	6	54	40	cnv_007	chrX	16255989	16355988	inversion	None	clonal	c2,c3	0.6000	60
e2	c50p60m10	24	60	10	6	54	40	cnv_008	chrX	18791669	18891668	inversion	None	clonal	c2,c3	0.6000	60
e2	c50p60m10	24	60	10	6	54	40	cnv_009	chrX	18938577	19038576	deletion	None	clonal	c2,c3	0.6000	60
e2	c50p60m10	24	60	10	6	54	40	cnv_010	chrX	20575628	20675627	deletion	None	clonal	c2,c3	0.6000	60
e2	c50p60m10	24	60	10	6	54	40	cnv_011	chrX	20779427	20879426	inversion	None	clonal	c2,c3	0.6000	60
e2	c50p60m10	24	60	10	6	54	40	cnv_012	chrX	21300398	21400397	inversion	None	clonal	c2,c3	0.6000	60
e2	c50p60m10	24	60	10	6	54	40	cnv_013	chrX	22604418	22704417	deletion	None	clonal	c2,c3	0.6000	60
e2	c50p60m10	24	60	10	6	54	40	cnv_014	chrX	22716399	22816398	inversion	None	clonal	c2,c3	0.6000	60
e2	c50p60m10	24	60	10	6	54	40	cnv_015	chrX	25126924	25226923	deletion	None	clonal	c2,c3	0.6000	60
e2	c50p60m10	24	60	10	6	54	40	cnv_016	chrX	28852336	28952335	deletion	None	clonal	c2,c3	0.6000	60
e2	c50p60m10	24	60	10	6	54	40	cnv_017	chrX	30410890	30510889	deletion	None	clonal	c2,c3	0.6000	60
e2	c50p60m10	24	60	10	6	54	40	cnv_018	chrX	31928834	32028833	inversion	None	clonal	c2,c3	0.6000	60
e2	c50p60m10	24	60	10	6	54	40	cnv_019	chrX	32290755	32390754	inversion	None	clonal	c2,c3	0.6000	60
e2	c50p60m10	24	60	10	6	54	40	cnv_020	chrX	33445241	33545240	deletion	None	clonal	c2,c3	0.6000	60
e2	c50p60m10	24	60	10	6	54	40	cnv_021	chrX	33730254	33830253	inversion	None	clonal	c2,c3	0.6000	60
e2	c50p60m10	24	60	10	6	54	40	cnv_022	chrX	34594945	34694944	deletion	None	clonal	c2,c3	0.6000	60
e2	c50p60m10	24	60	10	6	54	40	cnv_023	chrX	34846067	34946066	inversion	None	clonal	c2,c3	0.6000	60
e2	c50p60m10	24	60	10	6	54	40	cnv_024	chrX	35101599	35201598	deletion	None	clonal	c2,c3	0.6000	60
e2	c50p60m10	24	60	10	6	54	40	cnv_025	chrX	35756414	35856413	inversion	None	clonal	c2,c3	0.6000	60
e2	c50p60m10	24	60	10	6	54	40	cnv_026	chrX	38780830	38880829	inversion	None	clonal	c2,c3	0.6000	60
e2	c50p60m10	24	60	10	6	54	40	cnv_027	chrX	39218579	39318578	deletion	None	clonal	c2,c3	0.6000	60
e2	c50p60m10	24	60	10	6	54	40	cnv_028	chrX	39964009	40064008	inversion	None	clonal	c2,c3	0.6000	60
e2	c50p60m10	24	60	10	6	54	40	cnv_029	chrX	40190233	40290232	inversion	None	clonal	c2,c3	0.6000	60
e2	c50p60m10	24	60	10	6	54	40	cnv_030	chrX	41964843	42064842	inversion	None	clonal	c2,c3	0.6000	60
e2	c50p60m10	24	60	10	6	54	40	cnv_031	chrX	45865164	45965163	deletion	None	clonal	c2,c3	0.6000	60
e2	c50p60m10	24	60	10	6	54	40	cnv_032	chrX	46009804	46109803	deletion	None	clonal	c2,c3	0.6000	60
e2	c50p60m10	24	60	10	6	54	40	cnv_033	chrX	46543011	46643010	inversion	None	clonal	c2,c3	0.6000	60
e2	c50p60m10	24	60	10	6	54	40	cnv_034	chrX	47416632	47516631	inversion	None	clonal	c2,c3	0.6000	60
e2	c50p60m10	24	60	10	6	54	40	cnv_035	chrX	48046028	48146027	inversion	None	clonal	c2,c3	0.6000	60
e2	c50p60m10	24	60	10	6	54	40	cnv_036	chrX	49099756	49199755	inversion	None	clonal	c2,c3	0.6000	60
e2	c50p60m10	24	60	10	6	54	40	cnv_037	chrX	49586904	49686903	deletion	None	clonal	c2,c3	0.6000	60
e2	c50p60m10	24	60	10	6	54	40	cnv_038	chrX	51219613	51319612	deletion	None	c2_private	c2	0.0600	6
e2	c50p60m10	24	60	10	6	54	40	cnv_039	chrX	52282733	52382732	inversion	None	c2_private	c2	0.0600	6
e2	c50p60m10	24	60	10	6	54	40	cnv_040	chrX	52828302	52928301	inversion	None	c2_private	c2	0.0600	6
e2	c50p60m10	24	60	10	6	54	40	cnv_041	chrX	53433174	53533173	inversion	None	c2_private	c2	0.0600	6
e2	c50p60m10	24	60	10	6	54	40	cnv_042	chrX	54303323	54403322	inversion	None	c2_private	c2	0.0600	6
e2	c50p60m10	24	60	10	6	54	40	cnv_043	chrX	54996975	55096974	deletion	None	c2_private	c2	0.0600	6
e2	c50p60m10	24	60	10	6	54	40	cnv_044	chrX	56708059	56808058	deletion	None	c2_private	c2	0.0600	6
e2	c50p60m10	24	60	10	6	54	40	cnv_045	chrX	64768560	64868559	inversion	None	c2_private	c2	0.0600	6
e2	c50p60m10	24	60	10	6	54	40	cnv_046	chrX	66999575	67099574	inversion	None	c2_private	c2	0.0600	6
e2	c50p60m10	24	60	10	6	54	40	cnv_047	chrX	67196579	67296578	deletion	None	c2_private	c2	0.0600	6
e2	c50p60m10	24	60	10	6	54	40	cnv_048	chrX	68245435	68345434	deletion	None	c2_private	c2	0.0600	6
e2	c50p60m10	24	60	10	6	54	40	cnv_049	chrX	69313490	69413489	inversion	None	c2_private	c2	0.0600	6
e2	c50p60m10	24	60	10	6	54	40	cnv_050	chrX	69578797	69678796	deletion	None	c2_private	c2	0.0600	6
e2	c50p60m10	24	60	10	6	54	40	cnv_051	chrX	70072789	70172788	inversion	None	c2_private	c2	0.0600	6
e2	c50p60m10	24	60	10	6	54	40	cnv_052	chrX	70415058	70515057	deletion	None	c2_private	c2	0.0600	6
e2	c50p60m10	24	60	10	6	54	40	cnv_053	chrX	70737488	70837487	inversion	None	c2_private	c2	0.0600	6
e2	c50p60m10	24	60	10	6	54	40	cnv_054	chrX	71158330	71258329	inversion	None	c2_private	c2	0.0600	6
e2	c50p60m10	24	60	10	6	54	40	cnv_055	chrX	74974791	75074790	deletion	None	c2_private	c2	0.0600	6
e2	c50p60m10	24	60	10	6	54	40	cnv_056	chrX	75760354	75860353	deletion	None	c2_private	c2	0.0600	6
e2	c50p60m10	24	60	10	6	54	40	cnv_057	chrX	76493731	76593730	inversion	None	c2_private	c2	0.0600	6
e2	c50p60m10	24	60	10	6	54	40	cnv_058	chrX	77427278	77527277	inversion	None	c2_private	c2	0.0600	6
e2	c50p60m10	24	60	10	6	54	40	cnv_059	chrX	77697373	77797372	deletion	None	c2_private	c2	0.0600	6
e2	c50p60m10	24	60	10	6	54	40	cnv_060	chrX	78286754	78386753	deletion	None	c2_private	c2	0.0600	6
e2	c50p60m10	24	60	10	6	54	40	cnv_061	chrX	81211472	81311471	deletion	None	c2_private	c2	0.0600	6
e2	c50p60m10	24	60	10	6	54	40	cnv_062	chrX	83157545	83257544	inversion	None	c2_private	c2	0.0600	6
e2	c50p60m10	24	60	10	6	54	40	cnv_063	chrX	83434710	83534709	inversion	None	c2_private	c2	0.0600	6
e2	c50p60m10	24	60	10	6	54	40	cnv_064	chrX	87748068	87848067	deletion	None	c2_private	c2	0.0600	6
e2	c50p60m10	24	60	10	6	54	40	cnv_065	chrX	89210691	89310690	deletion	None	c2_private	c2	0.0600	6
e2	c50p60m10	24	60	10	6	54	40	cnv_066	chrX	90723254	90823253	deletion	None	c2_private	c2	0.0600	6
e2	c50p60m10	24	60	10	6	54	40	cnv_067	chrX	92586296	92686295	inversion	None	c2_private	c2	0.0600	6
e2	c50p60m10	24	60	10	6	54	40	cnv_068	chrX	94048223	94148222	deletion	None	c2_private	c2	0.0600	6
e2	c50p60m10	24	60	10	6	54	40	cnv_069	chrX	94591766	94691765	inversion	None	c2_private	c2	0.0600	6
e2	c50p60m10	24	60	10	6	54	40	cnv_070	chrX	95097124	95197123	deletion	None	c2_private	c2	0.0600	6
e2	c50p60m10	24	60	10	6	54	40	cnv_071	chrX	95767788	95867787	inversion	None	c2_private	c2	0.0600	6
e2	c50p60m10	24	60	10	6	54	40	cnv_072	chrX	97056317	97156316	inversion	None	c2_private	c2	0.0600	6
e2	c50p60m10	24	60	10	6	54	40	cnv_073	chrX	97804709	97904708	deletion	None	c2_private	c2	0.0600	6
e2	c50p60m10	24	60	10	6	54	40	cnv_074	chrX	100503375	100603374	inversion	None	c2_private	c2	0.0600	6
e2	c50p60m10	24	60	10	6	54	40	cnv_075	chrX	103025775	103125774	inversion	None	c3_private	c3	0.5400	54
e2	c50p60m10	24	60	10	6	54	40	cnv_076	chrX	104858118	104958117	inversion	None	c3_private	c3	0.5400	54
e2	c50p60m10	24	60	10	6	54	40	cnv_077	chrX	105469655	105569654	inversion	None	c3_private	c3	0.5400	54
e2	c50p60m10	24	60	10	6	54	40	cnv_078	chrX	106587021	106687020	inversion	None	c3_private	c3	0.5400	54
e2	c50p60m10	24	60	10	6	54	40	cnv_079	chrX	109684210	109784209	deletion	None	c3_private	c3	0.5400	54
e2	c50p60m10	24	60	10	6	54	40	cnv_080	chrX	112219541	112319540	deletion	None	c3_private	c3	0.5400	54
e2	c50p60m10	24	60	10	6	54	40	cnv_081	chrX	113223197	113323196	deletion	None	c3_private	c3	0.5400	54
e2	c50p60m10	24	60	10	6	54	40	cnv_082	chrX	113522070	113622069	inversion	None	c3_private	c3	0.5400	54
e2	c50p60m10	24	60	10	6	54	40	cnv_083	chrX	115234491	115334490	deletion	None	c3_private	c3	0.5400	54
e2	c50p60m10	24	60	10	6	54	40	cnv_084	chrX	115497064	115597063	deletion	None	c3_private	c3	0.5400	54
e2	c50p60m10	24	60	10	6	54	40	cnv_085	chrX	118728698	118828697	inversion	None	c3_private	c3	0.5400	54
e2	c50p60m10	24	60	10	6	54	40	cnv_086	chrX	119368691	119468690	deletion	None	c3_private	c3	0.5400	54
e2	c50p60m10	24	60	10	6	54	40	cnv_087	chrX	121040239	121140238	deletion	None	c3_private	c3	0.5400	54
e2	c50p60m10	24	60	10	6	54	40	cnv_088	chrX	121783132	121883131	deletion	None	c3_private	c3	0.5400	54
e2	c50p60m10	24	60	10	6	54	40	cnv_089	chrX	126101979	126201978	deletion	None	c3_private	c3	0.5400	54
e2	c50p60m10	24	60	10	6	54	40	cnv_090	chrX	130412338	130512337	inversion	None	c3_private	c3	0.5400	54
e2	c50p60m10	24	60	10	6	54	40	cnv_091	chrX	130947691	131047690	inversion	None	c3_private	c3	0.5400	54
e2	c50p60m10	24	60	10	6	54	40	cnv_092	chrX	131342494	131442493	inversion	None	c3_private	c3	0.5400	54
e2	c50p60m10	24	60	10	6	54	40	cnv_093	chrX	133615367	133715366	inversion	None	c3_private	c3	0.5400	54
e2	c50p60m10	24	60	10	6	54	40	cnv_094	chrX	133841307	133941306	inversion	None	c3_private	c3	0.5400	54
e2	c50p60m10	24	60	10	6	54	40	cnv_095	chrX	135048129	135148128	deletion	None	c3_private	c3	0.5400	54
e2	c50p60m10	24	60	10	6	54	40	cnv_096	chrX	136315184	136415183	inversion	None	c3_private	c3	0.5400	54
e2	c50p60m10	24	60	10	6	54	40	cnv_097	chrX	137740038	137840037	inversion	None	c3_private	c3	0.5400	54
e2	c50p60m10	24	60	10	6	54	40	cnv_098	chrX	142163532	142263531	deletion	None	c3_private	c3	0.5400	54
e2	c50p60m10	24	60	10	6	54	40	cnv_099	chrX	142326428	142426427	inversion	None	c3_private	c3	0.5400	54
e2	c50p60m10	24	60	10	6	54	40	cnv_100	chrX	142852663	142952662	deletion	None	c3_private	c3	0.5400	54
e2	c50p60m10	24	60	10	6	54	40	cnv_101	chrX	143052907	143152906	inversion	None	c3_private	c3	0.5400	54
e2	c50p60m10	24	60	10	6	54	40	cnv_102	chrX	143211943	143311942	deletion	None	c3_private	c3	0.5400	54
e2	c50p60m10	24	60	10	6	54	40	cnv_103	chrX	143832911	143932910	deletion	None	c3_private	c3	0.5400	54
e2	c50p60m10	24	60	10	6	54	40	cnv_104	chrX	144581680	144681679	inversion	None	c3_private	c3	0.5400	54
e2	c50p60m10	24	60	10	6	54	40	cnv_105	chrX	148152530	148252529	deletion	None	c3_private	c3	0.5400	54
e2	c50p60m10	24	60	10	6	54	40	cnv_106	chrX	149252704	149352703	deletion	None	c3_private	c3	0.5400	54
e2	c50p60m10	24	60	10	6	54	40	cnv_107	chrX	151425507	151525506	deletion	None	c3_private	c3	0.5400	54
e2	c50p60m10	24	60	10	6	54	40	cnv_108	chrX	151986036	152086035	inversion	None	c3_private	c3	0.5400	54
e2	c50p60m10	24	60	10	6	54	40	cnv_109	chrX	153163327	153263326	deletion	None	c3_private	c3	0.5400	54
e2	c50p60m10	24	60	10	6	54	40	cnv_110	chrX	153599472	153699471	deletion	None	c3_private	c3	0.5400	54
e2	c50p60m30	25	60	30	18	42	40	cnv_001	chrX	7534655	7634654	deletion	None	clonal	c2,c3	0.6000	60
e2	c50p60m30	25	60	30	18	42	40	cnv_002	chrX	10392001	10492000	deletion	None	clonal	c2,c3	0.6000	60
e2	c50p60m30	25	60	30	18	42	40	cnv_003	chrX	12113065	12213064	deletion	None	clonal	c2,c3	0.6000	60
e2	c50p60m30	25	60	30	18	42	40	cnv_004	chrX	12451669	12551668	deletion	None	clonal	c2,c3	0.6000	60
e2	c50p60m30	25	60	30	18	42	40	cnv_005	chrX	12622845	12722844	inversion	None	clonal	c2,c3	0.6000	60
e2	c50p60m30	25	60	30	18	42	40	cnv_006	chrX	14368243	14468242	deletion	None	clonal	c2,c3	0.6000	60
e2	c50p60m30	25	60	30	18	42	40	cnv_007	chrX	16255989	16355988	inversion	None	clonal	c2,c3	0.6000	60
e2	c50p60m30	25	60	30	18	42	40	cnv_008	chrX	18791669	18891668	inversion	None	clonal	c2,c3	0.6000	60
e2	c50p60m30	25	60	30	18	42	40	cnv_009	chrX	18938577	19038576	deletion	None	clonal	c2,c3	0.6000	60
e2	c50p60m30	25	60	30	18	42	40	cnv_010	chrX	20575628	20675627	deletion	None	clonal	c2,c3	0.6000	60
e2	c50p60m30	25	60	30	18	42	40	cnv_011	chrX	20779427	20879426	inversion	None	clonal	c2,c3	0.6000	60
e2	c50p60m30	25	60	30	18	42	40	cnv_012	chrX	21300398	21400397	inversion	None	clonal	c2,c3	0.6000	60
e2	c50p60m30	25	60	30	18	42	40	cnv_013	chrX	22604418	22704417	deletion	None	clonal	c2,c3	0.6000	60
e2	c50p60m30	25	60	30	18	42	40	cnv_014	chrX	22716399	22816398	inversion	None	clonal	c2,c3	0.6000	60
e2	c50p60m30	25	60	30	18	42	40	cnv_015	chrX	25126924	25226923	deletion	None	clonal	c2,c3	0.6000	60
e2	c50p60m30	25	60	30	18	42	40	cnv_016	chrX	28852336	28952335	deletion	None	clonal	c2,c3	0.6000	60
e2	c50p60m30	25	60	30	18	42	40	cnv_017	chrX	30410890	30510889	deletion	None	clonal	c2,c3	0.6000	60
e2	c50p60m30	25	60	30	18	42	40	cnv_018	chrX	31928834	32028833	inversion	None	clonal	c2,c3	0.6000	60
e2	c50p60m30	25	60	30	18	42	40	cnv_019	chrX	32290755	32390754	inversion	None	clonal	c2,c3	0.6000	60
e2	c50p60m30	25	60	30	18	42	40	cnv_020	chrX	33445241	33545240	deletion	None	clonal	c2,c3	0.6000	60
e2	c50p60m30	25	60	30	18	42	40	cnv_021	chrX	33730254	33830253	inversion	None	clonal	c2,c3	0.6000	60
e2	c50p60m30	25	60	30	18	42	40	cnv_022	chrX	34594945	34694944	deletion	None	clonal	c2,c3	0.6000	60
e2	c50p60m30	25	60	30	18	42	40	cnv_023	chrX	34846067	34946066	inversion	None	clonal	c2,c3	0.6000	60
e2	c50p60m30	25	60	30	18	42	40	cnv_024	chrX	35101599	35201598	deletion	None	clonal	c2,c3	0.6000	60
e2	c50p60m30	25	60	30	18	42	40	cnv_025	chrX	35756414	35856413	inversion	None	clonal	c2,c3	0.6000	60
e2	c50p60m30	25	60	30	18	42	40	cnv_026	chrX	38780830	38880829	inversion	None	clonal	c2,c3	0.6000	60
e2	c50p60m30	25	60	30	18	42	40	cnv_027	chrX	39218579	39318578	deletion	None	clonal	c2,c3	0.6000	60
e2	c50p60m30	25	60	30	18	42	40	cnv_028	chrX	39964009	40064008	inversion	None	clonal	c2,c3	0.6000	60
e2	c50p60m30	25	60	30	18	42	40	cnv_029	chrX	40190233	40290232	inversion	None	clonal	c2,c3	0.6000	60
e2	c50p60m30	25	60	30	18	42	40	cnv_030	chrX	41964843	42064842	inversion	None	clonal	c2,c3	0.6000	60
e2	c50p60m30	25	60	30	18	42	40	cnv_031	chrX	45865164	45965163	deletion	None	clonal	c2,c3	0.6000	60
e2	c50p60m30	25	60	30	18	42	40	cnv_032	chrX	46009804	46109803	deletion	None	clonal	c2,c3	0.6000	60
e2	c50p60m30	25	60	30	18	42	40	cnv_033	chrX	46543011	46643010	inversion	None	clonal	c2,c3	0.6000	60
e2	c50p60m30	25	60	30	18	42	40	cnv_034	chrX	47416632	47516631	inversion	None	clonal	c2,c3	0.6000	60
e2	c50p60m30	25	60	30	18	42	40	cnv_035	chrX	48046028	48146027	inversion	None	clonal	c2,c3	0.6000	60
e2	c50p60m30	25	60	30	18	42	40	cnv_036	chrX	49099756	49199755	inversion	None	clonal	c2,c3	0.6000	60
e2	c50p60m30	25	60	30	18	42	40	cnv_037	chrX	49586904	49686903	deletion	None	clonal	c2,c3	0.6000	60
e2	c50p60m30	25	60	30	18	42	40	cnv_038	chrX	51219613	51319612	deletion	None	c2_private	c2	0.1800	18
e2	c50p60m30	25	60	30	18	42	40	cnv_039	chrX	52282733	52382732	inversion	None	c2_private	c2	0.1800	18
e2	c50p60m30	25	60	30	18	42	40	cnv_040	chrX	52828302	52928301	inversion	None	c2_private	c2	0.1800	18
e2	c50p60m30	25	60	30	18	42	40	cnv_041	chrX	53433174	53533173	inversion	None	c2_private	c2	0.1800	18
e2	c50p60m30	25	60	30	18	42	40	cnv_042	chrX	54303323	54403322	inversion	None	c2_private	c2	0.1800	18
e2	c50p60m30	25	60	30	18	42	40	cnv_043	chrX	54996975	55096974	deletion	None	c2_private	c2	0.1800	18
e2	c50p60m30	25	60	30	18	42	40	cnv_044	chrX	56708059	56808058	deletion	None	c2_private	c2	0.1800	18
e2	c50p60m30	25	60	30	18	42	40	cnv_045	chrX	64768560	64868559	inversion	None	c2_private	c2	0.1800	18
e2	c50p60m30	25	60	30	18	42	40	cnv_046	chrX	66999575	67099574	inversion	None	c2_private	c2	0.1800	18
e2	c50p60m30	25	60	30	18	42	40	cnv_047	chrX	67196579	67296578	deletion	None	c2_private	c2	0.1800	18
e2	c50p60m30	25	60	30	18	42	40	cnv_048	chrX	68245435	68345434	deletion	None	c2_private	c2	0.1800	18
e2	c50p60m30	25	60	30	18	42	40	cnv_049	chrX	69313490	69413489	inversion	None	c2_private	c2	0.1800	18
e2	c50p60m30	25	60	30	18	42	40	cnv_050	chrX	69578797	69678796	deletion	None	c2_private	c2	0.1800	18
e2	c50p60m30	25	60	30	18	42	40	cnv_051	chrX	70072789	70172788	inversion	None	c2_private	c2	0.1800	18
e2	c50p60m30	25	60	30	18	42	40	cnv_052	chrX	70415058	70515057	deletion	None	c2_private	c2	0.1800	18
e2	c50p60m30	25	60	30	18	42	40	cnv_053	chrX	70737488	70837487	inversion	None	c2_private	c2	0.1800	18
e2	c50p60m30	25	60	30	18	42	40	cnv_054	chrX	71158330	71258329	inversion	None	c2_private	c2	0.1800	18
e2	c50p60m30	25	60	30	18	42	40	cnv_055	chrX	74974791	75074790	deletion	None	c2_private	c2	0.1800	18
e2	c50p60m30	25	60	30	18	42	40	cnv_056	chrX	75760354	75860353	deletion	None	c2_private	c2	0.1800	18
e2	c50p60m30	25	60	30	18	42	40	cnv_057	chrX	76493731	76593730	inversion	None	c2_private	c2	0.1800	18
e2	c50p60m30	25	60	30	18	42	40	cnv_058	chrX	77427278	77527277	inversion	None	c2_private	c2	0.1800	18
e2	c50p60m30	25	60	30	18	42	40	cnv_059	chrX	77697373	77797372	deletion	None	c2_private	c2	0.1800	18
e2	c50p60m30	25	60	30	18	42	40	cnv_060	chrX	78286754	78386753	deletion	None	c2_private	c2	0.1800	18
e2	c50p60m30	25	60	30	18	42	40	cnv_061	chrX	81211472	81311471	deletion	None	c2_private	c2	0.1800	18
e2	c50p60m30	25	60	30	18	42	40	cnv_062	chrX	83157545	83257544	inversion	None	c2_private	c2	0.1800	18
e2	c50p60m30	25	60	30	18	42	40	cnv_063	chrX	83434710	83534709	inversion	None	c2_private	c2	0.1800	18
e2	c50p60m30	25	60	30	18	42	40	cnv_064	chrX	87748068	87848067	deletion	None	c2_private	c2	0.1800	18
e2	c50p60m30	25	60	30	18	42	40	cnv_065	chrX	89210691	89310690	deletion	None	c2_private	c2	0.1800	18
e2	c50p60m30	25	60	30	18	42	40	cnv_066	chrX	90723254	90823253	deletion	None	c2_private	c2	0.1800	18
e2	c50p60m30	25	60	30	18	42	40	cnv_067	chrX	92586296	92686295	inversion	None	c2_private	c2	0.1800	18
e2	c50p60m30	25	60	30	18	42	40	cnv_068	chrX	94048223	94148222	deletion	None	c2_private	c2	0.1800	18
e2	c50p60m30	25	60	30	18	42	40	cnv_069	chrX	94591766	94691765	inversion	None	c2_private	c2	0.1800	18
e2	c50p60m30	25	60	30	18	42	40	cnv_070	chrX	95097124	95197123	deletion	None	c2_private	c2	0.1800	18
e2	c50p60m30	25	60	30	18	42	40	cnv_071	chrX	95767788	95867787	inversion	None	c2_private	c2	0.1800	18
e2	c50p60m30	25	60	30	18	42	40	cnv_072	chrX	97056317	97156316	inversion	None	c2_private	c2	0.1800	18
e2	c50p60m30	25	60	30	18	42	40	cnv_073	chrX	97804709	97904708	deletion	None	c2_private	c2	0.1800	18
e2	c50p60m30	25	60	30	18	42	40	cnv_074	chrX	100503375	100603374	inversion	None	c2_private	c2	0.1800	18
e2	c50p60m30	25	60	30	18	42	40	cnv_075	chrX	103025775	103125774	inversion	None	c3_private	c3	0.4200	42
e2	c50p60m30	25	60	30	18	42	40	cnv_076	chrX	104858118	104958117	inversion	None	c3_private	c3	0.4200	42
e2	c50p60m30	25	60	30	18	42	40	cnv_077	chrX	105469655	105569654	inversion	None	c3_private	c3	0.4200	42
e2	c50p60m30	25	60	30	18	42	40	cnv_078	chrX	106587021	106687020	inversion	None	c3_private	c3	0.4200	42
e2	c50p60m30	25	60	30	18	42	40	cnv_079	chrX	109684210	109784209	deletion	None	c3_private	c3	0.4200	42
e2	c50p60m30	25	60	30	18	42	40	cnv_080	chrX	112219541	112319540	deletion	None	c3_private	c3	0.4200	42
e2	c50p60m30	25	60	30	18	42	40	cnv_081	chrX	113223197	113323196	deletion	None	c3_private	c3	0.4200	42
e2	c50p60m30	25	60	30	18	42	40	cnv_082	chrX	113522070	113622069	inversion	None	c3_private	c3	0.4200	42
e2	c50p60m30	25	60	30	18	42	40	cnv_083	chrX	115234491	115334490	deletion	None	c3_private	c3	0.4200	42
e2	c50p60m30	25	60	30	18	42	40	cnv_084	chrX	115497064	115597063	deletion	None	c3_private	c3	0.4200	42
e2	c50p60m30	25	60	30	18	42	40	cnv_085	chrX	118728698	118828697	inversion	None	c3_private	c3	0.4200	42
e2	c50p60m30	25	60	30	18	42	40	cnv_086	chrX	119368691	119468690	deletion	None	c3_private	c3	0.4200	42
e2	c50p60m30	25	60	30	18	42	40	cnv_087	chrX	121040239	121140238	deletion	None	c3_private	c3	0.4200	42
e2	c50p60m30	25	60	30	18	42	40	cnv_088	chrX	121783132	121883131	deletion	None	c3_private	c3	0.4200	42
e2	c50p60m30	25	60	30	18	42	40	cnv_089	chrX	126101979	126201978	deletion	None	c3_private	c3	0.4200	42
e2	c50p60m30	25	60	30	18	42	40	cnv_090	chrX	130412338	130512337	inversion	None	c3_private	c3	0.4200	42
e2	c50p60m30	25	60	30	18	42	40	cnv_091	chrX	130947691	131047690	inversion	None	c3_private	c3	0.4200	42
e2	c50p60m30	25	60	30	18	42	40	cnv_092	chrX	131342494	131442493	inversion	None	c3_private	c3	0.4200	42
e2	c50p60m30	25	60	30	18	42	40	cnv_093	chrX	133615367	133715366	inversion	None	c3_private	c3	0.4200	42
e2	c50p60m30	25	60	30	18	42	40	cnv_094	chrX	133841307	133941306	inversion	None	c3_private	c3	0.4200	42
e2	c50p60m30	25	60	30	18	42	40	cnv_095	chrX	135048129	135148128	deletion	None	c3_private	c3	0.4200	42
e2	c50p60m30	25	60	30	18	42	40	cnv_096	chrX	136315184	136415183	inversion	None	c3_private	c3	0.4200	42
e2	c50p60m30	25	60	30	18	42	40	cnv_097	chrX	137740038	137840037	inversion	None	c3_private	c3	0.4200	42
e2	c50p60m30	25	60	30	18	42	40	cnv_098	chrX	142163532	142263531	deletion	None	c3_private	c3	0.4200	42
e2	c50p60m30	25	60	30	18	42	40	cnv_099	chrX	142326428	142426427	inversion	None	c3_private	c3	0.4200	42
e2	c50p60m30	25	60	30	18	42	40	cnv_100	chrX	142852663	142952662	deletion	None	c3_private	c3	0.4200	42
e2	c50p60m30	25	60	30	18	42	40	cnv_101	chrX	143052907	143152906	inversion	None	c3_private	c3	0.4200	42
e2	c50p60m30	25	60	30	18	42	40	cnv_102	chrX	143211943	143311942	deletion	None	c3_private	c3	0.4200	42
e2	c50p60m30	25	60	30	18	42	40	cnv_103	chrX	143832911	143932910	deletion	None	c3_private	c3	0.4200	42
e2	c50p60m30	25	60	30	18	42	40	cnv_104	chrX	144581680	144681679	inversion	None	c3_private	c3	0.4200	42
e2	c50p60m30	25	60	30	18	42	40	cnv_105	chrX	148152530	148252529	deletion	None	c3_private	c3	0.4200	42
e2	c50p60m30	25	60	30	18	42	40	cnv_106	chrX	149252704	149352703	deletion	None	c3_private	c3	0.4200	42
e2	c50p60m30	25	60	30	18	42	40	cnv_107	chrX	151425507	151525506	deletion	None	c3_private	c3	0.4200	42
e2	c50p60m30	25	60	30	18	42	40	cnv_108	chrX	151986036	152086035	inversion	None	c3_private	c3	0.4200	42
e2	c50p60m30	25	60	30	18	42	40	cnv_109	chrX	153163327	153263326	deletion	None	c3_private	c3	0.4200	42
e2	c50p60m30	25	60	30	18	42	40	cnv_110	chrX	153599472	153699471	deletion	None	c3_private	c3	0.4200	42
e2	c50p60m50	26	60	50	30	30	40	cnv_001	chrX	7534655	7634654	deletion	None	clonal	c2,c3	0.6000	60
e2	c50p60m50	26	60	50	30	30	40	cnv_002	chrX	10392001	10492000	deletion	None	clonal	c2,c3	0.6000	60
e2	c50p60m50	26	60	50	30	30	40	cnv_003	chrX	12113065	12213064	deletion	None	clonal	c2,c3	0.6000	60
e2	c50p60m50	26	60	50	30	30	40	cnv_004	chrX	12451669	12551668	deletion	None	clonal	c2,c3	0.6000	60
e2	c50p60m50	26	60	50	30	30	40	cnv_005	chrX	12622845	12722844	inversion	None	clonal	c2,c3	0.6000	60
e2	c50p60m50	26	60	50	30	30	40	cnv_006	chrX	14368243	14468242	deletion	None	clonal	c2,c3	0.6000	60
e2	c50p60m50	26	60	50	30	30	40	cnv_007	chrX	16255989	16355988	inversion	None	clonal	c2,c3	0.6000	60
e2	c50p60m50	26	60	50	30	30	40	cnv_008	chrX	18791669	18891668	inversion	None	clonal	c2,c3	0.6000	60
e2	c50p60m50	26	60	50	30	30	40	cnv_009	chrX	18938577	19038576	deletion	None	clonal	c2,c3	0.6000	60
e2	c50p60m50	26	60	50	30	30	40	cnv_010	chrX	20575628	20675627	deletion	None	clonal	c2,c3	0.6000	60
e2	c50p60m50	26	60	50	30	30	40	cnv_011	chrX	20779427	20879426	inversion	None	clonal	c2,c3	0.6000	60
e2	c50p60m50	26	60	50	30	30	40	cnv_012	chrX	21300398	21400397	inversion	None	clonal	c2,c3	0.6000	60
e2	c50p60m50	26	60	50	30	30	40	cnv_013	chrX	22604418	22704417	deletion	None	clonal	c2,c3	0.6000	60
e2	c50p60m50	26	60	50	30	30	40	cnv_014	chrX	22716399	22816398	inversion	None	clonal	c2,c3	0.6000	60
e2	c50p60m50	26	60	50	30	30	40	cnv_015	chrX	25126924	25226923	deletion	None	clonal	c2,c3	0.6000	60
e2	c50p60m50	26	60	50	30	30	40	cnv_016	chrX	28852336	28952335	deletion	None	clonal	c2,c3	0.6000	60
e2	c50p60m50	26	60	50	30	30	40	cnv_017	chrX	30410890	30510889	deletion	None	clonal	c2,c3	0.6000	60
e2	c50p60m50	26	60	50	30	30	40	cnv_018	chrX	31928834	32028833	inversion	None	clonal	c2,c3	0.6000	60
e2	c50p60m50	26	60	50	30	30	40	cnv_019	chrX	32290755	32390754	inversion	None	clonal	c2,c3	0.6000	60
e2	c50p60m50	26	60	50	30	30	40	cnv_020	chrX	33445241	33545240	deletion	None	clonal	c2,c3	0.6000	60
e2	c50p60m50	26	60	50	30	30	40	cnv_021	chrX	33730254	33830253	inversion	None	clonal	c2,c3	0.6000	60
e2	c50p60m50	26	60	50	30	30	40	cnv_022	chrX	34594945	34694944	deletion	None	clonal	c2,c3	0.6000	60
e2	c50p60m50	26	60	50	30	30	40	cnv_023	chrX	34846067	34946066	inversion	None	clonal	c2,c3	0.6000	60
e2	c50p60m50	26	60	50	30	30	40	cnv_024	chrX	35101599	35201598	deletion	None	clonal	c2,c3	0.6000	60
e2	c50p60m50	26	60	50	30	30	40	cnv_025	chrX	35756414	35856413	inversion	None	clonal	c2,c3	0.6000	60
e2	c50p60m50	26	60	50	30	30	40	cnv_026	chrX	38780830	38880829	inversion	None	clonal	c2,c3	0.6000	60
e2	c50p60m50	26	60	50	30	30	40	cnv_027	chrX	39218579	39318578	deletion	None	clonal	c2,c3	0.6000	60
e2	c50p60m50	26	60	50	30	30	40	cnv_028	chrX	39964009	40064008	inversion	None	clonal	c2,c3	0.6000	60
e2	c50p60m50	26	60	50	30	30	40	cnv_029	chrX	40190233	40290232	inversion	None	clonal	c2,c3	0.6000	60
e2	c50p60m50	26	60	50	30	30	40	cnv_030	chrX	41964843	42064842	inversion	None	clonal	c2,c3	0.6000	60
e2	c50p60m50	26	60	50	30	30	40	cnv_031	chrX	45865164	45965163	deletion	None	clonal	c2,c3	0.6000	60
e2	c50p60m50	26	60	50	30	30	40	cnv_032	chrX	46009804	46109803	deletion	None	clonal	c2,c3	0.6000	60
e2	c50p60m50	26	60	50	30	30	40	cnv_033	chrX	46543011	46643010	inversion	None	clonal	c2,c3	0.6000	60
e2	c50p60m50	26	60	50	30	30	40	cnv_034	chrX	47416632	47516631	inversion	None	clonal	c2,c3	0.6000	60
e2	c50p60m50	26	60	50	30	30	40	cnv_035	chrX	48046028	48146027	inversion	None	clonal	c2,c3	0.6000	60
e2	c50p60m50	26	60	50	30	30	40	cnv_036	chrX	49099756	49199755	inversion	None	clonal	c2,c3	0.6000	60
e2	c50p60m50	26	60	50	30	30	40	cnv_037	chrX	49586904	49686903	deletion	None	clonal	c2,c3	0.6000	60
e2	c50p60m50	26	60	50	30	30	40	cnv_038	chrX	51219613	51319612	deletion	None	c2_private	c2	0.3000	30
e2	c50p60m50	26	60	50	30	30	40	cnv_039	chrX	52282733	52382732	inversion	None	c2_private	c2	0.3000	30
e2	c50p60m50	26	60	50	30	30	40	cnv_040	chrX	52828302	52928301	inversion	None	c2_private	c2	0.3000	30
e2	c50p60m50	26	60	50	30	30	40	cnv_041	chrX	53433174	53533173	inversion	None	c2_private	c2	0.3000	30
e2	c50p60m50	26	60	50	30	30	40	cnv_042	chrX	54303323	54403322	inversion	None	c2_private	c2	0.3000	30
e2	c50p60m50	26	60	50	30	30	40	cnv_043	chrX	54996975	55096974	deletion	None	c2_private	c2	0.3000	30
e2	c50p60m50	26	60	50	30	30	40	cnv_044	chrX	56708059	56808058	deletion	None	c2_private	c2	0.3000	30
e2	c50p60m50	26	60	50	30	30	40	cnv_045	chrX	64768560	64868559	inversion	None	c2_private	c2	0.3000	30
e2	c50p60m50	26	60	50	30	30	40	cnv_046	chrX	66999575	67099574	inversion	None	c2_private	c2	0.3000	30
e2	c50p60m50	26	60	50	30	30	40	cnv_047	chrX	67196579	67296578	deletion	None	c2_private	c2	0.3000	30
e2	c50p60m50	26	60	50	30	30	40	cnv_048	chrX	68245435	68345434	deletion	None	c2_private	c2	0.3000	30
e2	c50p60m50	26	60	50	30	30	40	cnv_049	chrX	69313490	69413489	inversion	None	c2_private	c2	0.3000	30
e2	c50p60m50	26	60	50	30	30	40	cnv_050	chrX	69578797	69678796	deletion	None	c2_private	c2	0.3000	30
e2	c50p60m50	26	60	50	30	30	40	cnv_051	chrX	70072789	70172788	inversion	None	c2_private	c2	0.3000	30
e2	c50p60m50	26	60	50	30	30	40	cnv_052	chrX	70415058	70515057	deletion	None	c2_private	c2	0.3000	30
e2	c50p60m50	26	60	50	30	30	40	cnv_053	chrX	70737488	70837487	inversion	None	c2_private	c2	0.3000	30
e2	c50p60m50	26	60	50	30	30	40	cnv_054	chrX	71158330	71258329	inversion	None	c2_private	c2	0.3000	30
e2	c50p60m50	26	60	50	30	30	40	cnv_055	chrX	74974791	75074790	deletion	None	c2_private	c2	0.3000	30
e2	c50p60m50	26	60	50	30	30	40	cnv_056	chrX	75760354	75860353	deletion	None	c2_private	c2	0.3000	30
e2	c50p60m50	26	60	50	30	30	40	cnv_057	chrX	76493731	76593730	inversion	None	c2_private	c2	0.3000	30
e2	c50p60m50	26	60	50	30	30	40	cnv_058	chrX	77427278	77527277	inversion	None	c2_private	c2	0.3000	30
e2	c50p60m50	26	60	50	30	30	40	cnv_059	chrX	77697373	77797372	deletion	None	c2_private	c2	0.3000	30
e2	c50p60m50	26	60	50	30	30	40	cnv_060	chrX	78286754	78386753	deletion	None	c2_private	c2	0.3000	30
e2	c50p60m50	26	60	50	30	30	40	cnv_061	chrX	81211472	81311471	deletion	None	c2_private	c2	0.3000	30
e2	c50p60m50	26	60	50	30	30	40	cnv_062	chrX	83157545	83257544	inversion	None	c2_private	c2	0.3000	30
e2	c50p60m50	26	60	50	30	30	40	cnv_063	chrX	83434710	83534709	inversion	None	c2_private	c2	0.3000	30
e2	c50p60m50	26	60	50	30	30	40	cnv_064	chrX	87748068	87848067	deletion	None	c2_private	c2	0.3000	30
e2	c50p60m50	26	60	50	30	30	40	cnv_065	chrX	89210691	89310690	deletion	None	c2_private	c2	0.3000	30
e2	c50p60m50	26	60	50	30	30	40	cnv_066	chrX	90723254	90823253	deletion	None	c2_private	c2	0.3000	30
e2	c50p60m50	26	60	50	30	30	40	cnv_067	chrX	92586296	92686295	inversion	None	c2_private	c2	0.3000	30
e2	c50p60m50	26	60	50	30	30	40	cnv_068	chrX	94048223	94148222	deletion	None	c2_private	c2	0.3000	30
e2	c50p60m50	26	60	50	30	30	40	cnv_069	chrX	94591766	94691765	inversion	None	c2_private	c2	0.3000	30
e2	c50p60m50	26	60	50	30	30	40	cnv_070	chrX	95097124	95197123	deletion	None	c2_private	c2	0.3000	30
e2	c50p60m50	26	60	50	30	30	40	cnv_071	chrX	95767788	95867787	inversion	None	c2_private	c2	0.3000	30
e2	c50p60m50	26	60	50	30	30	40	cnv_072	chrX	97056317	97156316	inversion	None	c2_private	c2	0.3000	30
e2	c50p60m50	26	60	50	30	30	40	cnv_073	chrX	97804709	97904708	deletion	None	c2_private	c2	0.3000	30
e2	c50p60m50	26	60	50	30	30	40	cnv_074	chrX	100503375	100603374	inversion	None	c2_private	c2	0.3000	30
e2	c50p60m50	26	60	50	30	30	40	cnv_075	chrX	103025775	103125774	inversion	None	c3_private	c3	0.3000	30
e2	c50p60m50	26	60	50	30	30	40	cnv_076	chrX	104858118	104958117	inversion	None	c3_private	c3	0.3000	30
e2	c50p60m50	26	60	50	30	30	40	cnv_077	chrX	105469655	105569654	inversion	None	c3_private	c3	0.3000	30
e2	c50p60m50	26	60	50	30	30	40	cnv_078	chrX	106587021	106687020	inversion	None	c3_private	c3	0.3000	30
e2	c50p60m50	26	60	50	30	30	40	cnv_079	chrX	109684210	109784209	deletion	None	c3_private	c3	0.3000	30
e2	c50p60m50	26	60	50	30	30	40	cnv_080	chrX	112219541	112319540	deletion	None	c3_private	c3	0.3000	30
e2	c50p60m50	26	60	50	30	30	40	cnv_081	chrX	113223197	113323196	deletion	None	c3_private	c3	0.3000	30
e2	c50p60m50	26	60	50	30	30	40	cnv_082	chrX	113522070	113622069	inversion	None	c3_private	c3	0.3000	30
e2	c50p60m50	26	60	50	30	30	40	cnv_083	chrX	115234491	115334490	deletion	None	c3_private	c3	0.3000	30
e2	c50p60m50	26	60	50	30	30	40	cnv_084	chrX	115497064	115597063	deletion	None	c3_private	c3	0.3000	30
e2	c50p60m50	26	60	50	30	30	40	cnv_085	chrX	118728698	118828697	inversion	None	c3_private	c3	0.3000	30
e2	c50p60m50	26	60	50	30	30	40	cnv_086	chrX	119368691	119468690	deletion	None	c3_private	c3	0.3000	30
e2	c50p60m50	26	60	50	30	30	40	cnv_087	chrX	121040239	121140238	deletion	None	c3_private	c3	0.3000	30
e2	c50p60m50	26	60	50	30	30	40	cnv_088	chrX	121783132	121883131	deletion	None	c3_private	c3	0.3000	30
e2	c50p60m50	26	60	50	30	30	40	cnv_089	chrX	126101979	126201978	deletion	None	c3_private	c3	0.3000	30
e2	c50p60m50	26	60	50	30	30	40	cnv_090	chrX	130412338	130512337	inversion	None	c3_private	c3	0.3000	30
e2	c50p60m50	26	60	50	30	30	40	cnv_091	chrX	130947691	131047690	inversion	None	c3_private	c3	0.3000	30
e2	c50p60m50	26	60	50	30	30	40	cnv_092	chrX	131342494	131442493	inversion	None	c3_private	c3	0.3000	30
e2	c50p60m50	26	60	50	30	30	40	cnv_093	chrX	133615367	133715366	inversion	None	c3_private	c3	0.3000	30
e2	c50p60m50	26	60	50	30	30	40	cnv_094	chrX	133841307	133941306	inversion	None	c3_private	c3	0.3000	30
e2	c50p60m50	26	60	50	30	30	40	cnv_095	chrX	135048129	135148128	deletion	None	c3_private	c3	0.3000	30
e2	c50p60m50	26	60	50	30	30	40	cnv_096	chrX	136315184	136415183	inversion	None	c3_private	c3	0.3000	30
e2	c50p60m50	26	60	50	30	30	40	cnv_097	chrX	137740038	137840037	inversion	None	c3_private	c3	0.3000	30
e2	c50p60m50	26	60	50	30	30	40	cnv_098	chrX	142163532	142263531	deletion	None	c3_private	c3	0.3000	30
e2	c50p60m50	26	60	50	30	30	40	cnv_099	chrX	142326428	142426427	inversion	None	c3_private	c3	0.3000	30
e2	c50p60m50	26	60	50	30	30	40	cnv_100	chrX	142852663	142952662	deletion	None	c3_private	c3	0.3000	30
e2	c50p60m50	26	60	50	30	30	40	cnv_101	chrX	143052907	143152906	inversion	None	c3_private	c3	0.3000	30
e2	c50p60m50	26	60	50	30	30	40	cnv_102	chrX	143211943	143311942	deletion	None	c3_private	c3	0.3000	30
e2	c50p60m50	26	60	50	30	30	40	cnv_103	chrX	143832911	143932910	deletion	None	c3_private	c3	0.3000	30
e2	c50p60m50	26	60	50	30	30	40	cnv_104	chrX	144581680	144681679	inversion	None	c3_private	c3	0.3000	30
e2	c50p60m50	26	60	50	30	30	40	cnv_105	chrX	148152530	148252529	deletion	None	c3_private	c3	0.3000	30
e2	c50p60m50	26	60	50	30	30	40	cnv_106	chrX	149252704	149352703	deletion	None	c3_private	c3	0.3000	30
e2	c50p60m50	26	60	50	30	30	40	cnv_107	chrX	151425507	151525506	deletion	None	c3_private	c3	0.3000	30
e2	c50p60m50	26	60	50	30	30	40	cnv_108	chrX	151986036	152086035	inversion	None	c3_private	c3	0.3000	30
e2	c50p60m50	26	60	50	30	30	40	cnv_109	chrX	153163327	153263326	deletion	None	c3_private	c3	0.3000	30
e2	c50p60m50	26	60	50	30	30	40	cnv_110	chrX	153599472	153699471	deletion	None	c3_private	c3	0.3000	30
e2	c50p80m10	27	80	10	8	72	20	cnv_001	chrX	7534655	7634654	deletion	None	clonal	c2,c3	0.8000	80
e2	c50p80m10	27	80	10	8	72	20	cnv_002	chrX	10392001	10492000	deletion	None	clonal	c2,c3	0.8000	80
e2	c50p80m10	27	80	10	8	72	20	cnv_003	chrX	12113065	12213064	deletion	None	clonal	c2,c3	0.8000	80
e2	c50p80m10	27	80	10	8	72	20	cnv_004	chrX	12451669	12551668	deletion	None	clonal	c2,c3	0.8000	80
e2	c50p80m10	27	80	10	8	72	20	cnv_005	chrX	12622845	12722844	inversion	None	clonal	c2,c3	0.8000	80
e2	c50p80m10	27	80	10	8	72	20	cnv_006	chrX	14368243	14468242	deletion	None	clonal	c2,c3	0.8000	80
e2	c50p80m10	27	80	10	8	72	20	cnv_007	chrX	16255989	16355988	inversion	None	clonal	c2,c3	0.8000	80
e2	c50p80m10	27	80	10	8	72	20	cnv_008	chrX	18791669	18891668	inversion	None	clonal	c2,c3	0.8000	80
e2	c50p80m10	27	80	10	8	72	20	cnv_009	chrX	18938577	19038576	deletion	None	clonal	c2,c3	0.8000	80
e2	c50p80m10	27	80	10	8	72	20	cnv_010	chrX	20575628	20675627	deletion	None	clonal	c2,c3	0.8000	80
e2	c50p80m10	27	80	10	8	72	20	cnv_011	chrX	20779427	20879426	inversion	None	clonal	c2,c3	0.8000	80
e2	c50p80m10	27	80	10	8	72	20	cnv_012	chrX	21300398	21400397	inversion	None	clonal	c2,c3	0.8000	80
e2	c50p80m10	27	80	10	8	72	20	cnv_013	chrX	22604418	22704417	deletion	None	clonal	c2,c3	0.8000	80
e2	c50p80m10	27	80	10	8	72	20	cnv_014	chrX	22716399	22816398	inversion	None	clonal	c2,c3	0.8000	80
e2	c50p80m10	27	80	10	8	72	20	cnv_015	chrX	25126924	25226923	deletion	None	clonal	c2,c3	0.8000	80
e2	c50p80m10	27	80	10	8	72	20	cnv_016	chrX	28852336	28952335	deletion	None	clonal	c2,c3	0.8000	80
e2	c50p80m10	27	80	10	8	72	20	cnv_017	chrX	30410890	30510889	deletion	None	clonal	c2,c3	0.8000	80
e2	c50p80m10	27	80	10	8	72	20	cnv_018	chrX	31928834	32028833	inversion	None	clonal	c2,c3	0.8000	80
e2	c50p80m10	27	80	10	8	72	20	cnv_019	chrX	32290755	32390754	inversion	None	clonal	c2,c3	0.8000	80
e2	c50p80m10	27	80	10	8	72	20	cnv_020	chrX	33445241	33545240	deletion	None	clonal	c2,c3	0.8000	80
e2	c50p80m10	27	80	10	8	72	20	cnv_021	chrX	33730254	33830253	inversion	None	clonal	c2,c3	0.8000	80
e2	c50p80m10	27	80	10	8	72	20	cnv_022	chrX	34594945	34694944	deletion	None	clonal	c2,c3	0.8000	80
e2	c50p80m10	27	80	10	8	72	20	cnv_023	chrX	34846067	34946066	inversion	None	clonal	c2,c3	0.8000	80
e2	c50p80m10	27	80	10	8	72	20	cnv_024	chrX	35101599	35201598	deletion	None	clonal	c2,c3	0.8000	80
e2	c50p80m10	27	80	10	8	72	20	cnv_025	chrX	35756414	35856413	inversion	None	clonal	c2,c3	0.8000	80
e2	c50p80m10	27	80	10	8	72	20	cnv_026	chrX	38780830	38880829	inversion	None	clonal	c2,c3	0.8000	80
e2	c50p80m10	27	80	10	8	72	20	cnv_027	chrX	39218579	39318578	deletion	None	clonal	c2,c3	0.8000	80
e2	c50p80m10	27	80	10	8	72	20	cnv_028	chrX	39964009	40064008	inversion	None	clonal	c2,c3	0.8000	80
e2	c50p80m10	27	80	10	8	72	20	cnv_029	chrX	40190233	40290232	inversion	None	clonal	c2,c3	0.8000	80
e2	c50p80m10	27	80	10	8	72	20	cnv_030	chrX	41964843	42064842	inversion	None	clonal	c2,c3	0.8000	80
e2	c50p80m10	27	80	10	8	72	20	cnv_031	chrX	45865164	45965163	deletion	None	clonal	c2,c3	0.8000	80
e2	c50p80m10	27	80	10	8	72	20	cnv_032	chrX	46009804	46109803	deletion	None	clonal	c2,c3	0.8000	80
e2	c50p80m10	27	80	10	8	72	20	cnv_033	chrX	46543011	46643010	inversion	None	clonal	c2,c3	0.8000	80
e2	c50p80m10	27	80	10	8	72	20	cnv_034	chrX	47416632	47516631	inversion	None	clonal	c2,c3	0.8000	80
e2	c50p80m10	27	80	10	8	72	20	cnv_035	chrX	48046028	48146027	inversion	None	clonal	c2,c3	0.8000	80
e2	c50p80m10	27	80	10	8	72	20	cnv_036	chrX	49099756	49199755	inversion	None	clonal	c2,c3	0.8000	80
e2	c50p80m10	27	80	10	8	72	20	cnv_037	chrX	49586904	49686903	deletion	None	clonal	c2,c3	0.8000	80
e2	c50p80m10	27	80	10	8	72	20	cnv_038	chrX	51219613	51319612	deletion	None	c2_private	c2	0.0800	8
e2	c50p80m10	27	80	10	8	72	20	cnv_039	chrX	52282733	52382732	inversion	None	c2_private	c2	0.0800	8
e2	c50p80m10	27	80	10	8	72	20	cnv_040	chrX	52828302	52928301	inversion	None	c2_private	c2	0.0800	8
e2	c50p80m10	27	80	10	8	72	20	cnv_041	chrX	53433174	53533173	inversion	None	c2_private	c2	0.0800	8
e2	c50p80m10	27	80	10	8	72	20	cnv_042	chrX	54303323	54403322	inversion	None	c2_private	c2	0.0800	8
e2	c50p80m10	27	80	10	8	72	20	cnv_043	chrX	54996975	55096974	deletion	None	c2_private	c2	0.0800	8
e2	c50p80m10	27	80	10	8	72	20	cnv_044	chrX	56708059	56808058	deletion	None	c2_private	c2	0.0800	8
e2	c50p80m10	27	80	10	8	72	20	cnv_045	chrX	64768560	64868559	inversion	None	c2_private	c2	0.0800	8
e2	c50p80m10	27	80	10	8	72	20	cnv_046	chrX	66999575	67099574	inversion	None	c2_private	c2	0.0800	8
e2	c50p80m10	27	80	10	8	72	20	cnv_047	chrX	67196579	67296578	deletion	None	c2_private	c2	0.0800	8
e2	c50p80m10	27	80	10	8	72	20	cnv_048	chrX	68245435	68345434	deletion	None	c2_private	c2	0.0800	8
e2	c50p80m10	27	80	10	8	72	20	cnv_049	chrX	69313490	69413489	inversion	None	c2_private	c2	0.0800	8
e2	c50p80m10	27	80	10	8	72	20	cnv_050	chrX	69578797	69678796	deletion	None	c2_private	c2	0.0800	8
e2	c50p80m10	27	80	10	8	72	20	cnv_051	chrX	70072789	70172788	inversion	None	c2_private	c2	0.0800	8
e2	c50p80m10	27	80	10	8	72	20	cnv_052	chrX	70415058	70515057	deletion	None	c2_private	c2	0.0800	8
e2	c50p80m10	27	80	10	8	72	20	cnv_053	chrX	70737488	70837487	inversion	None	c2_private	c2	0.0800	8
e2	c50p80m10	27	80	10	8	72	20	cnv_054	chrX	71158330	71258329	inversion	None	c2_private	c2	0.0800	8
e2	c50p80m10	27	80	10	8	72	20	cnv_055	chrX	74974791	75074790	deletion	None	c2_private	c2	0.0800	8
e2	c50p80m10	27	80	10	8	72	20	cnv_056	chrX	75760354	75860353	deletion	None	c2_private	c2	0.0800	8
e2	c50p80m10	27	80	10	8	72	20	cnv_057	chrX	76493731	76593730	inversion	None	c2_private	c2	0.0800	8
e2	c50p80m10	27	80	10	8	72	20	cnv_058	chrX	77427278	77527277	inversion	None	c2_private	c2	0.0800	8
e2	c50p80m10	27	80	10	8	72	20	cnv_059	chrX	77697373	77797372	deletion	None	c2_private	c2	0.0800	8
e2	c50p80m10	27	80	10	8	72	20	cnv_060	chrX	78286754	78386753	deletion	None	c2_private	c2	0.0800	8
e2	c50p80m10	27	80	10	8	72	20	cnv_061	chrX	81211472	81311471	deletion	None	c2_private	c2	0.0800	8
e2	c50p80m10	27	80	10	8	72	20	cnv_062	chrX	83157545	83257544	inversion	None	c2_private	c2	0.0800	8
e2	c50p80m10	27	80	10	8	72	20	cnv_063	chrX	83434710	83534709	inversion	None	c2_private	c2	0.0800	8
e2	c50p80m10	27	80	10	8	72	20	cnv_064	chrX	87748068	87848067	deletion	None	c2_private	c2	0.0800	8
e2	c50p80m10	27	80	10	8	72	20	cnv_065	chrX	89210691	89310690	deletion	None	c2_private	c2	0.0800	8
e2	c50p80m10	27	80	10	8	72	20	cnv_066	chrX	90723254	90823253	deletion	None	c2_private	c2	0.0800	8
e2	c50p80m10	27	80	10	8	72	20	cnv_067	chrX	92586296	92686295	inversion	None	c2_private	c2	0.0800	8
e2	c50p80m10	27	80	10	8	72	20	cnv_068	chrX	94048223	94148222	deletion	None	c2_private	c2	0.0800	8
e2	c50p80m10	27	80	10	8	72	20	cnv_069	chrX	94591766	94691765	inversion	None	c2_private	c2	0.0800	8
e2	c50p80m10	27	80	10	8	72	20	cnv_070	chrX	95097124	95197123	deletion	None	c2_private	c2	0.0800	8
e2	c50p80m10	27	80	10	8	72	20	cnv_071	chrX	95767788	95867787	inversion	None	c2_private	c2	0.0800	8
e2	c50p80m10	27	80	10	8	72	20	cnv_072	chrX	97056317	97156316	inversion	None	c2_private	c2	0.0800	8
e2	c50p80m10	27	80	10	8	72	20	cnv_073	chrX	97804709	97904708	deletion	None	c2_private	c2	0.0800	8
e2	c50p80m10	27	80	10	8	72	20	cnv_074	chrX	100503375	100603374	inversion	None	c2_private	c2	0.0800	8
e2	c50p80m10	27	80	10	8	72	20	cnv_075	chrX	103025775	103125774	inversion	None	c3_private	c3	0.7200	72
e2	c50p80m10	27	80	10	8	72	20	cnv_076	chrX	104858118	104958117	inversion	None	c3_private	c3	0.7200	72
e2	c50p80m10	27	80	10	8	72	20	cnv_077	chrX	105469655	105569654	inversion	None	c3_private	c3	0.7200	72
e2	c50p80m10	27	80	10	8	72	20	cnv_078	chrX	106587021	106687020	inversion	None	c3_private	c3	0.7200	72
e2	c50p80m10	27	80	10	8	72	20	cnv_079	chrX	109684210	109784209	deletion	None	c3_private	c3	0.7200	72
e2	c50p80m10	27	80	10	8	72	20	cnv_080	chrX	112219541	112319540	deletion	None	c3_private	c3	0.7200	72
e2	c50p80m10	27	80	10	8	72	20	cnv_081	chrX	113223197	113323196	deletion	None	c3_private	c3	0.7200	72
e2	c50p80m10	27	80	10	8	72	20	cnv_082	chrX	113522070	113622069	inversion	None	c3_private	c3	0.7200	72
e2	c50p80m10	27	80	10	8	72	20	cnv_083	chrX	115234491	115334490	deletion	None	c3_private	c3	0.7200	72
e2	c50p80m10	27	80	10	8	72	20	cnv_084	chrX	115497064	115597063	deletion	None	c3_private	c3	0.7200	72
e2	c50p80m10	27	80	10	8	72	20	cnv_085	chrX	118728698	118828697	inversion	None	c3_private	c3	0.7200	72
e2	c50p80m10	27	80	10	8	72	20	cnv_086	chrX	119368691	119468690	deletion	None	c3_private	c3	0.7200	72
e2	c50p80m10	27	80	10	8	72	20	cnv_087	chrX	121040239	121140238	deletion	None	c3_private	c3	0.7200	72
e2	c50p80m10	27	80	10	8	72	20	cnv_088	chrX	121783132	121883131	deletion	None	c3_private	c3	0.7200	72
e2	c50p80m10	27	80	10	8	72	20	cnv_089	chrX	126101979	126201978	deletion	None	c3_private	c3	0.7200	72
e2	c50p80m10	27	80	10	8	72	20	cnv_090	chrX	130412338	130512337	inversion	None	c3_private	c3	0.7200	72
e2	c50p80m10	27	80	10	8	72	20	cnv_091	chrX	130947691	131047690	inversion	None	c3_private	c3	0.7200	72
e2	c50p80m10	27	80	10	8	72	20	cnv_092	chrX	131342494	131442493	inversion	None	c3_private	c3	0.7200	72
e2	c50p80m10	27	80	10	8	72	20	cnv_093	chrX	133615367	133715366	inversion	None	c3_private	c3	0.7200	72
e2	c50p80m10	27	80	10	8	72	20	cnv_094	chrX	133841307	133941306	inversion	None	c3_private	c3	0.7200	72
e2	c50p80m10	27	80	10	8	72	20	cnv_095	chrX	135048129	135148128	deletion	None	c3_private	c3	0.7200	72
e2	c50p80m10	27	80	10	8	72	20	cnv_096	chrX	136315184	136415183	inversion	None	c3_private	c3	0.7200	72
e2	c50p80m10	27	80	10	8	72	20	cnv_097	chrX	137740038	137840037	inversion	None	c3_private	c3	0.7200	72
e2	c50p80m10	27	80	10	8	72	20	cnv_098	chrX	142163532	142263531	deletion	None	c3_private	c3	0.7200	72
e2	c50p80m10	27	80	10	8	72	20	cnv_099	chrX	142326428	142426427	inversion	None	c3_private	c3	0.7200	72
e2	c50p80m10	27	80	10	8	72	20	cnv_100	chrX	142852663	142952662	deletion	None	c3_private	c3	0.7200	72
e2	c50p80m10	27	80	10	8	72	20	cnv_101	chrX	143052907	143152906	inversion	None	c3_private	c3	0.7200	72
e2	c50p80m10	27	80	10	8	72	20	cnv_102	chrX	143211943	143311942	deletion	None	c3_private	c3	0.7200	72
e2	c50p80m10	27	80	10	8	72	20	cnv_103	chrX	143832911	143932910	deletion	None	c3_private	c3	0.7200	72
e2	c50p80m10	27	80	10	8	72	20	cnv_104	chrX	144581680	144681679	inversion	None	c3_private	c3	0.7200	72
e2	c50p80m10	27	80	10	8	72	20	cnv_105	chrX	148152530	148252529	deletion	None	c3_private	c3	0.7200	72
e2	c50p80m10	27	80	10	8	72	20	cnv_106	chrX	149252704	149352703	deletion	None	c3_private	c3	0.7200	72
e2	c50p80m10	27	80	10	8	72	20	cnv_107	chrX	151425507	151525506	deletion	None	c3_private	c3	0.7200	72
e2	c50p80m10	27	80	10	8	72	20	cnv_108	chrX	151986036	152086035	inversion	None	c3_private	c3	0.7200	72
e2	c50p80m10	27	80	10	8	72	20	cnv_109	chrX	153163327	153263326	deletion	None	c3_private	c3	0.7200	72
e2	c50p80m10	27	80	10	8	72	20	cnv_110	chrX	153599472	153699471	deletion	None	c3_private	c3	0.7200	72
e2	c50p80m30	28	80	30	24	56	20	cnv_001	chrX	7534655	7634654	deletion	None	clonal	c2,c3	0.8000	80
e2	c50p80m30	28	80	30	24	56	20	cnv_002	chrX	10392001	10492000	deletion	None	clonal	c2,c3	0.8000	80
e2	c50p80m30	28	80	30	24	56	20	cnv_003	chrX	12113065	12213064	deletion	None	clonal	c2,c3	0.8000	80
e2	c50p80m30	28	80	30	24	56	20	cnv_004	chrX	12451669	12551668	deletion	None	clonal	c2,c3	0.8000	80
e2	c50p80m30	28	80	30	24	56	20	cnv_005	chrX	12622845	12722844	inversion	None	clonal	c2,c3	0.8000	80
e2	c50p80m30	28	80	30	24	56	20	cnv_006	chrX	14368243	14468242	deletion	None	clonal	c2,c3	0.8000	80
e2	c50p80m30	28	80	30	24	56	20	cnv_007	chrX	16255989	16355988	inversion	None	clonal	c2,c3	0.8000	80
e2	c50p80m30	28	80	30	24	56	20	cnv_008	chrX	18791669	18891668	inversion	None	clonal	c2,c3	0.8000	80
e2	c50p80m30	28	80	30	24	56	20	cnv_009	chrX	18938577	19038576	deletion	None	clonal	c2,c3	0.8000	80
e2	c50p80m30	28	80	30	24	56	20	cnv_010	chrX	20575628	20675627	deletion	None	clonal	c2,c3	0.8000	80
e2	c50p80m30	28	80	30	24	56	20	cnv_011	chrX	20779427	20879426	inversion	None	clonal	c2,c3	0.8000	80
e2	c50p80m30	28	80	30	24	56	20	cnv_012	chrX	21300398	21400397	inversion	None	clonal	c2,c3	0.8000	80
e2	c50p80m30	28	80	30	24	56	20	cnv_013	chrX	22604418	22704417	deletion	None	clonal	c2,c3	0.8000	80
e2	c50p80m30	28	80	30	24	56	20	cnv_014	chrX	22716399	22816398	inversion	None	clonal	c2,c3	0.8000	80
e2	c50p80m30	28	80	30	24	56	20	cnv_015	chrX	25126924	25226923	deletion	None	clonal	c2,c3	0.8000	80
e2	c50p80m30	28	80	30	24	56	20	cnv_016	chrX	28852336	28952335	deletion	None	clonal	c2,c3	0.8000	80
e2	c50p80m30	28	80	30	24	56	20	cnv_017	chrX	30410890	30510889	deletion	None	clonal	c2,c3	0.8000	80
e2	c50p80m30	28	80	30	24	56	20	cnv_018	chrX	31928834	32028833	inversion	None	clonal	c2,c3	0.8000	80
e2	c50p80m30	28	80	30	24	56	20	cnv_019	chrX	32290755	32390754	inversion	None	clonal	c2,c3	0.8000	80
e2	c50p80m30	28	80	30	24	56	20	cnv_020	chrX	33445241	33545240	deletion	None	clonal	c2,c3	0.8000	80
e2	c50p80m30	28	80	30	24	56	20	cnv_021	chrX	33730254	33830253	inversion	None	clonal	c2,c3	0.8000	80
e2	c50p80m30	28	80	30	24	56	20	cnv_022	chrX	34594945	34694944	deletion	None	clonal	c2,c3	0.8000	80
e2	c50p80m30	28	80	30	24	56	20	cnv_023	chrX	34846067	34946066	inversion	None	clonal	c2,c3	0.8000	80
e2	c50p80m30	28	80	30	24	56	20	cnv_024	chrX	35101599	35201598	deletion	None	clonal	c2,c3	0.8000	80
e2	c50p80m30	28	80	30	24	56	20	cnv_025	chrX	35756414	35856413	inversion	None	clonal	c2,c3	0.8000	80
e2	c50p80m30	28	80	30	24	56	20	cnv_026	chrX	38780830	38880829	inversion	None	clonal	c2,c3	0.8000	80
e2	c50p80m30	28	80	30	24	56	20	cnv_027	chrX	39218579	39318578	deletion	None	clonal	c2,c3	0.8000	80
e2	c50p80m30	28	80	30	24	56	20	cnv_028	chrX	39964009	40064008	inversion	None	clonal	c2,c3	0.8000	80
e2	c50p80m30	28	80	30	24	56	20	cnv_029	chrX	40190233	40290232	inversion	None	clonal	c2,c3	0.8000	80
e2	c50p80m30	28	80	30	24	56	20	cnv_030	chrX	41964843	42064842	inversion	None	clonal	c2,c3	0.8000	80
e2	c50p80m30	28	80	30	24	56	20	cnv_031	chrX	45865164	45965163	deletion	None	clonal	c2,c3	0.8000	80
e2	c50p80m30	28	80	30	24	56	20	cnv_032	chrX	46009804	46109803	deletion	None	clonal	c2,c3	0.8000	80
e2	c50p80m30	28	80	30	24	56	20	cnv_033	chrX	46543011	46643010	inversion	None	clonal	c2,c3	0.8000	80
e2	c50p80m30	28	80	30	24	56	20	cnv_034	chrX	47416632	47516631	inversion	None	clonal	c2,c3	0.8000	80
e2	c50p80m30	28	80	30	24	56	20	cnv_035	chrX	48046028	48146027	inversion	None	clonal	c2,c3	0.8000	80
e2	c50p80m30	28	80	30	24	56	20	cnv_036	chrX	49099756	49199755	inversion	None	clonal	c2,c3	0.8000	80
e2	c50p80m30	28	80	30	24	56	20	cnv_037	chrX	49586904	49686903	deletion	None	clonal	c2,c3	0.8000	80
e2	c50p80m30	28	80	30	24	56	20	cnv_038	chrX	51219613	51319612	deletion	None	c2_private	c2	0.2400	24
e2	c50p80m30	28	80	30	24	56	20	cnv_039	chrX	52282733	52382732	inversion	None	c2_private	c2	0.2400	24
e2	c50p80m30	28	80	30	24	56	20	cnv_040	chrX	52828302	52928301	inversion	None	c2_private	c2	0.2400	24
e2	c50p80m30	28	80	30	24	56	20	cnv_041	chrX	53433174	53533173	inversion	None	c2_private	c2	0.2400	24
e2	c50p80m30	28	80	30	24	56	20	cnv_042	chrX	54303323	54403322	inversion	None	c2_private	c2	0.2400	24
e2	c50p80m30	28	80	30	24	56	20	cnv_043	chrX	54996975	55096974	deletion	None	c2_private	c2	0.2400	24
e2	c50p80m30	28	80	30	24	56	20	cnv_044	chrX	56708059	56808058	deletion	None	c2_private	c2	0.2400	24
e2	c50p80m30	28	80	30	24	56	20	cnv_045	chrX	64768560	64868559	inversion	None	c2_private	c2	0.2400	24
e2	c50p80m30	28	80	30	24	56	20	cnv_046	chrX	66999575	67099574	inversion	None	c2_private	c2	0.2400	24
e2	c50p80m30	28	80	30	24	56	20	cnv_047	chrX	67196579	67296578	deletion	None	c2_private	c2	0.2400	24
e2	c50p80m30	28	80	30	24	56	20	cnv_048	chrX	68245435	68345434	deletion	None	c2_private	c2	0.2400	24
e2	c50p80m30	28	80	30	24	56	20	cnv_049	chrX	69313490	69413489	inversion	None	c2_private	c2	0.2400	24
e2	c50p80m30	28	80	30	24	56	20	cnv_050	chrX	69578797	69678796	deletion	None	c2_private	c2	0.2400	24
e2	c50p80m30	28	80	30	24	56	20	cnv_051	chrX	70072789	70172788	inversion	None	c2_private	c2	0.2400	24
e2	c50p80m30	28	80	30	24	56	20	cnv_052	chrX	70415058	70515057	deletion	None	c2_private	c2	0.2400	24
e2	c50p80m30	28	80	30	24	56	20	cnv_053	chrX	70737488	70837487	inversion	None	c2_private	c2	0.2400	24
e2	c50p80m30	28	80	30	24	56	20	cnv_054	chrX	71158330	71258329	inversion	None	c2_private	c2	0.2400	24
e2	c50p80m30	28	80	30	24	56	20	cnv_055	chrX	74974791	75074790	deletion	None	c2_private	c2	0.2400	24
e2	c50p80m30	28	80	30	24	56	20	cnv_056	chrX	75760354	75860353	deletion	None	c2_private	c2	0.2400	24
e2	c50p80m30	28	80	30	24	56	20	cnv_057	chrX	76493731	76593730	inversion	None	c2_private	c2	0.2400	24
e2	c50p80m30	28	80	30	24	56	20	cnv_058	chrX	77427278	77527277	inversion	None	c2_private	c2	0.2400	24
e2	c50p80m30	28	80	30	24	56	20	cnv_059	chrX	77697373	77797372	deletion	None	c2_private	c2	0.2400	24
e2	c50p80m30	28	80	30	24	56	20	cnv_060	chrX	78286754	78386753	deletion	None	c2_private	c2	0.2400	24
e2	c50p80m30	28	80	30	24	56	20	cnv_061	chrX	81211472	81311471	deletion	None	c2_private	c2	0.2400	24
e2	c50p80m30	28	80	30	24	56	20	cnv_062	chrX	83157545	83257544	inversion	None	c2_private	c2	0.2400	24
e2	c50p80m30	28	80	30	24	56	20	cnv_063	chrX	83434710	83534709	inversion	None	c2_private	c2	0.2400	24
e2	c50p80m30	28	80	30	24	56	20	cnv_064	chrX	87748068	87848067	deletion	None	c2_private	c2	0.2400	24
e2	c50p80m30	28	80	30	24	56	20	cnv_065	chrX	89210691	89310690	deletion	None	c2_private	c2	0.2400	24
e2	c50p80m30	28	80	30	24	56	20	cnv_066	chrX	90723254	90823253	deletion	None	c2_private	c2	0.2400	24
e2	c50p80m30	28	80	30	24	56	20	cnv_067	chrX	92586296	92686295	inversion	None	c2_private	c2	0.2400	24
e2	c50p80m30	28	80	30	24	56	20	cnv_068	chrX	94048223	94148222	deletion	None	c2_private	c2	0.2400	24
e2	c50p80m30	28	80	30	24	56	20	cnv_069	chrX	94591766	94691765	inversion	None	c2_private	c2	0.2400	24
e2	c50p80m30	28	80	30	24	56	20	cnv_070	chrX	95097124	95197123	deletion	None	c2_private	c2	0.2400	24
e2	c50p80m30	28	80	30	24	56	20	cnv_071	chrX	95767788	95867787	inversion	None	c2_private	c2	0.2400	24
e2	c50p80m30	28	80	30	24	56	20	cnv_072	chrX	97056317	97156316	inversion	None	c2_private	c2	0.2400	24
e2	c50p80m30	28	80	30	24	56	20	cnv_073	chrX	97804709	97904708	deletion	None	c2_private	c2	0.2400	24
e2	c50p80m30	28	80	30	24	56	20	cnv_074	chrX	100503375	100603374	inversion	None	c2_private	c2	0.2400	24
e2	c50p80m30	28	80	30	24	56	20	cnv_075	chrX	103025775	103125774	inversion	None	c3_private	c3	0.5600	56
e2	c50p80m30	28	80	30	24	56	20	cnv_076	chrX	104858118	104958117	inversion	None	c3_private	c3	0.5600	56
e2	c50p80m30	28	80	30	24	56	20	cnv_077	chrX	105469655	105569654	inversion	None	c3_private	c3	0.5600	56
e2	c50p80m30	28	80	30	24	56	20	cnv_078	chrX	106587021	106687020	inversion	None	c3_private	c3	0.5600	56
e2	c50p80m30	28	80	30	24	56	20	cnv_079	chrX	109684210	109784209	deletion	None	c3_private	c3	0.5600	56
e2	c50p80m30	28	80	30	24	56	20	cnv_080	chrX	112219541	112319540	deletion	None	c3_private	c3	0.5600	56
e2	c50p80m30	28	80	30	24	56	20	cnv_081	chrX	113223197	113323196	deletion	None	c3_private	c3	0.5600	56
e2	c50p80m30	28	80	30	24	56	20	cnv_082	chrX	113522070	113622069	inversion	None	c3_private	c3	0.5600	56
e2	c50p80m30	28	80	30	24	56	20	cnv_083	chrX	115234491	115334490	deletion	None	c3_private	c3	0.5600	56
e2	c50p80m30	28	80	30	24	56	20	cnv_084	chrX	115497064	115597063	deletion	None	c3_private	c3	0.5600	56
e2	c50p80m30	28	80	30	24	56	20	cnv_085	chrX	118728698	118828697	inversion	None	c3_private	c3	0.5600	56
e2	c50p80m30	28	80	30	24	56	20	cnv_086	chrX	119368691	119468690	deletion	None	c3_private	c3	0.5600	56
e2	c50p80m30	28	80	30	24	56	20	cnv_087	chrX	121040239	121140238	deletion	None	c3_private	c3	0.5600	56
e2	c50p80m30	28	80	30	24	56	20	cnv_088	chrX	121783132	121883131	deletion	None	c3_private	c3	0.5600	56
e2	c50p80m30	28	80	30	24	56	20	cnv_089	chrX	126101979	126201978	deletion	None	c3_private	c3	0.5600	56
e2	c50p80m30	28	80	30	24	56	20	cnv_090	chrX	130412338	130512337	inversion	None	c3_private	c3	0.5600	56
e2	c50p80m30	28	80	30	24	56	20	cnv_091	chrX	130947691	131047690	inversion	None	c3_private	c3	0.5600	56
e2	c50p80m30	28	80	30	24	56	20	cnv_092	chrX	131342494	131442493	inversion	None	c3_private	c3	0.5600	56
e2	c50p80m30	28	80	30	24	56	20	cnv_093	chrX	133615367	133715366	inversion	None	c3_private	c3	0.5600	56
e2	c50p80m30	28	80	30	24	56	20	cnv_094	chrX	133841307	133941306	inversion	None	c3_private	c3	0.5600	56
e2	c50p80m30	28	80	30	24	56	20	cnv_095	chrX	135048129	135148128	deletion	None	c3_private	c3	0.5600	56
e2	c50p80m30	28	80	30	24	56	20	cnv_096	chrX	136315184	136415183	inversion	None	c3_private	c3	0.5600	56
e2	c50p80m30	28	80	30	24	56	20	cnv_097	chrX	137740038	137840037	inversion	None	c3_private	c3	0.5600	56
e2	c50p80m30	28	80	30	24	56	20	cnv_098	chrX	142163532	142263531	deletion	None	c3_private	c3	0.5600	56
e2	c50p80m30	28	80	30	24	56	20	cnv_099	chrX	142326428	142426427	inversion	None	c3_private	c3	0.5600	56
e2	c50p80m30	28	80	30	24	56	20	cnv_100	chrX	142852663	142952662	deletion	None	c3_private	c3	0.5600	56
e2	c50p80m30	28	80	30	24	56	20	cnv_101	chrX	143052907	143152906	inversion	None	c3_private	c3	0.5600	56
e2	c50p80m30	28	80	30	24	56	20	cnv_102	chrX	143211943	143311942	deletion	None	c3_private	c3	0.5600	56
e2	c50p80m30	28	80	30	24	56	20	cnv_103	chrX	143832911	143932910	deletion	None	c3_private	c3	0.5600	56
e2	c50p80m30	28	80	30	24	56	20	cnv_104	chrX	144581680	144681679	inversion	None	c3_private	c3	0.5600	56
e2	c50p80m30	28	80	30	24	56	20	cnv_105	chrX	148152530	148252529	deletion	None	c3_private	c3	0.5600	56
e2	c50p80m30	28	80	30	24	56	20	cnv_106	chrX	149252704	149352703	deletion	None	c3_private	c3	0.5600	56
e2	c50p80m30	28	80	30	24	56	20	cnv_107	chrX	151425507	151525506	deletion	None	c3_private	c3	0.5600	56
e2	c50p80m30	28	80	30	24	56	20	cnv_108	chrX	151986036	152086035	inversion	None	c3_private	c3	0.5600	56
e2	c50p80m30	28	80	30	24	56	20	cnv_109	chrX	153163327	153263326	deletion	None	c3_private	c3	0.5600	56
e2	c50p80m30	28	80	30	24	56	20	cnv_110	chrX	153599472	153699471	deletion	None	c3_private	c3	0.5600	56
e2	c50p80m50	29	80	50	40	40	20	cnv_001	chrX	7534655	7634654	deletion	None	clonal	c2,c3	0.8000	80
e2	c50p80m50	29	80	50	40	40	20	cnv_002	chrX	10392001	10492000	deletion	None	clonal	c2,c3	0.8000	80
e2	c50p80m50	29	80	50	40	40	20	cnv_003	chrX	12113065	12213064	deletion	None	clonal	c2,c3	0.8000	80
e2	c50p80m50	29	80	50	40	40	20	cnv_004	chrX	12451669	12551668	deletion	None	clonal	c2,c3	0.8000	80
e2	c50p80m50	29	80	50	40	40	20	cnv_005	chrX	12622845	12722844	inversion	None	clonal	c2,c3	0.8000	80
e2	c50p80m50	29	80	50	40	40	20	cnv_006	chrX	14368243	14468242	deletion	None	clonal	c2,c3	0.8000	80
e2	c50p80m50	29	80	50	40	40	20	cnv_007	chrX	16255989	16355988	inversion	None	clonal	c2,c3	0.8000	80
e2	c50p80m50	29	80	50	40	40	20	cnv_008	chrX	18791669	18891668	inversion	None	clonal	c2,c3	0.8000	80
e2	c50p80m50	29	80	50	40	40	20	cnv_009	chrX	18938577	19038576	deletion	None	clonal	c2,c3	0.8000	80
e2	c50p80m50	29	80	50	40	40	20	cnv_010	chrX	20575628	20675627	deletion	None	clonal	c2,c3	0.8000	80
e2	c50p80m50	29	80	50	40	40	20	cnv_011	chrX	20779427	20879426	inversion	None	clonal	c2,c3	0.8000	80
e2	c50p80m50	29	80	50	40	40	20	cnv_012	chrX	21300398	21400397	inversion	None	clonal	c2,c3	0.8000	80
e2	c50p80m50	29	80	50	40	40	20	cnv_013	chrX	22604418	22704417	deletion	None	clonal	c2,c3	0.8000	80
e2	c50p80m50	29	80	50	40	40	20	cnv_014	chrX	22716399	22816398	inversion	None	clonal	c2,c3	0.8000	80
e2	c50p80m50	29	80	50	40	40	20	cnv_015	chrX	25126924	25226923	deletion	None	clonal	c2,c3	0.8000	80
e2	c50p80m50	29	80	50	40	40	20	cnv_016	chrX	28852336	28952335	deletion	None	clonal	c2,c3	0.8000	80
e2	c50p80m50	29	80	50	40	40	20	cnv_017	chrX	30410890	30510889	deletion	None	clonal	c2,c3	0.8000	80
e2	c50p80m50	29	80	50	40	40	20	cnv_018	chrX	31928834	32028833	inversion	None	clonal	c2,c3	0.8000	80
e2	c50p80m50	29	80	50	40	40	20	cnv_019	chrX	32290755	32390754	inversion	None	clonal	c2,c3	0.8000	80
e2	c50p80m50	29	80	50	40	40	20	cnv_020	chrX	33445241	33545240	deletion	None	clonal	c2,c3	0.8000	80
e2	c50p80m50	29	80	50	40	40	20	cnv_021	chrX	33730254	33830253	inversion	None	clonal	c2,c3	0.8000	80
e2	c50p80m50	29	80	50	40	40	20	cnv_022	chrX	34594945	34694944	deletion	None	clonal	c2,c3	0.8000	80
e2	c50p80m50	29	80	50	40	40	20	cnv_023	chrX	34846067	34946066	inversion	None	clonal	c2,c3	0.8000	80
e2	c50p80m50	29	80	50	40	40	20	cnv_024	chrX	35101599	35201598	deletion	None	clonal	c2,c3	0.8000	80
e2	c50p80m50	29	80	50	40	40	20	cnv_025	chrX	35756414	35856413	inversion	None	clonal	c2,c3	0.8000	80
e2	c50p80m50	29	80	50	40	40	20	cnv_026	chrX	38780830	38880829	inversion	None	clonal	c2,c3	0.8000	80
e2	c50p80m50	29	80	50	40	40	20	cnv_027	chrX	39218579	39318578	deletion	None	clonal	c2,c3	0.8000	80
e2	c50p80m50	29	80	50	40	40	20	cnv_028	chrX	39964009	40064008	inversion	None	clonal	c2,c3	0.8000	80
e2	c50p80m50	29	80	50	40	40	20	cnv_029	chrX	40190233	40290232	inversion	None	clonal	c2,c3	0.8000	80
e2	c50p80m50	29	80	50	40	40	20	cnv_030	chrX	41964843	42064842	inversion	None	clonal	c2,c3	0.8000	80
e2	c50p80m50	29	80	50	40	40	20	cnv_031	chrX	45865164	45965163	deletion	None	clonal	c2,c3	0.8000	80
e2	c50p80m50	29	80	50	40	40	20	cnv_032	chrX	46009804	46109803	deletion	None	clonal	c2,c3	0.8000	80
e2	c50p80m50	29	80	50	40	40	20	cnv_033	chrX	46543011	46643010	inversion	None	clonal	c2,c3	0.8000	80
e2	c50p80m50	29	80	50	40	40	20	cnv_034	chrX	47416632	47516631	inversion	None	clonal	c2,c3	0.8000	80
e2	c50p80m50	29	80	50	40	40	20	cnv_035	chrX	48046028	48146027	inversion	None	clonal	c2,c3	0.8000	80
e2	c50p80m50	29	80	50	40	40	20	cnv_036	chrX	49099756	49199755	inversion	None	clonal	c2,c3	0.8000	80
e2	c50p80m50	29	80	50	40	40	20	cnv_037	chrX	49586904	49686903	deletion	None	clonal	c2,c3	0.8000	80
e2	c50p80m50	29	80	50	40	40	20	cnv_038	chrX	51219613	51319612	deletion	None	c2_private	c2	0.4000	40
e2	c50p80m50	29	80	50	40	40	20	cnv_039	chrX	52282733	52382732	inversion	None	c2_private	c2	0.4000	40
e2	c50p80m50	29	80	50	40	40	20	cnv_040	chrX	52828302	52928301	inversion	None	c2_private	c2	0.4000	40
e2	c50p80m50	29	80	50	40	40	20	cnv_041	chrX	53433174	53533173	inversion	None	c2_private	c2	0.4000	40
e2	c50p80m50	29	80	50	40	40	20	cnv_042	chrX	54303323	54403322	inversion	None	c2_private	c2	0.4000	40
e2	c50p80m50	29	80	50	40	40	20	cnv_043	chrX	54996975	55096974	deletion	None	c2_private	c2	0.4000	40
e2	c50p80m50	29	80	50	40	40	20	cnv_044	chrX	56708059	56808058	deletion	None	c2_private	c2	0.4000	40
e2	c50p80m50	29	80	50	40	40	20	cnv_045	chrX	64768560	64868559	inversion	None	c2_private	c2	0.4000	40
e2	c50p80m50	29	80	50	40	40	20	cnv_046	chrX	66999575	67099574	inversion	None	c2_private	c2	0.4000	40
e2	c50p80m50	29	80	50	40	40	20	cnv_047	chrX	67196579	67296578	deletion	None	c2_private	c2	0.4000	40
e2	c50p80m50	29	80	50	40	40	20	cnv_048	chrX	68245435	68345434	deletion	None	c2_private	c2	0.4000	40
e2	c50p80m50	29	80	50	40	40	20	cnv_049	chrX	69313490	69413489	inversion	None	c2_private	c2	0.4000	40
e2	c50p80m50	29	80	50	40	40	20	cnv_050	chrX	69578797	69678796	deletion	None	c2_private	c2	0.4000	40
e2	c50p80m50	29	80	50	40	40	20	cnv_051	chrX	70072789	70172788	inversion	None	c2_private	c2	0.4000	40
e2	c50p80m50	29	80	50	40	40	20	cnv_052	chrX	70415058	70515057	deletion	None	c2_private	c2	0.4000	40
e2	c50p80m50	29	80	50	40	40	20	cnv_053	chrX	70737488	70837487	inversion	None	c2_private	c2	0.4000	40
e2	c50p80m50	29	80	50	40	40	20	cnv_054	chrX	71158330	71258329	inversion	None	c2_private	c2	0.4000	40
e2	c50p80m50	29	80	50	40	40	20	cnv_055	chrX	74974791	75074790	deletion	None	c2_private	c2	0.4000	40
e2	c50p80m50	29	80	50	40	40	20	cnv_056	chrX	75760354	75860353	deletion	None	c2_private	c2	0.4000	40
e2	c50p80m50	29	80	50	40	40	20	cnv_057	chrX	76493731	76593730	inversion	None	c2_private	c2	0.4000	40
e2	c50p80m50	29	80	50	40	40	20	cnv_058	chrX	77427278	77527277	inversion	None	c2_private	c2	0.4000	40
e2	c50p80m50	29	80	50	40	40	20	cnv_059	chrX	77697373	77797372	deletion	None	c2_private	c2	0.4000	40
e2	c50p80m50	29	80	50	40	40	20	cnv_060	chrX	78286754	78386753	deletion	None	c2_private	c2	0.4000	40
e2	c50p80m50	29	80	50	40	40	20	cnv_061	chrX	81211472	81311471	deletion	None	c2_private	c2	0.4000	40
e2	c50p80m50	29	80	50	40	40	20	cnv_062	chrX	83157545	83257544	inversion	None	c2_private	c2	0.4000	40
e2	c50p80m50	29	80	50	40	40	20	cnv_063	chrX	83434710	83534709	inversion	None	c2_private	c2	0.4000	40
e2	c50p80m50	29	80	50	40	40	20	cnv_064	chrX	87748068	87848067	deletion	None	c2_private	c2	0.4000	40
e2	c50p80m50	29	80	50	40	40	20	cnv_065	chrX	89210691	89310690	deletion	None	c2_private	c2	0.4000	40
e2	c50p80m50	29	80	50	40	40	20	cnv_066	chrX	90723254	90823253	deletion	None	c2_private	c2	0.4000	40
e2	c50p80m50	29	80	50	40	40	20	cnv_067	chrX	92586296	92686295	inversion	None	c2_private	c2	0.4000	40
e2	c50p80m50	29	80	50	40	40	20	cnv_068	chrX	94048223	94148222	deletion	None	c2_private	c2	0.4000	40
e2	c50p80m50	29	80	50	40	40	20	cnv_069	chrX	94591766	94691765	inversion	None	c2_private	c2	0.4000	40
e2	c50p80m50	29	80	50	40	40	20	cnv_070	chrX	95097124	95197123	deletion	None	c2_private	c2	0.4000	40
e2	c50p80m50	29	80	50	40	40	20	cnv_071	chrX	95767788	95867787	inversion	None	c2_private	c2	0.4000	40
e2	c50p80m50	29	80	50	40	40	20	cnv_072	chrX	97056317	97156316	inversion	None	c2_private	c2	0.4000	40
e2	c50p80m50	29	80	50	40	40	20	cnv_073	chrX	97804709	97904708	deletion	None	c2_private	c2	0.4000	40
e2	c50p80m50	29	80	50	40	40	20	cnv_074	chrX	100503375	100603374	inversion	None	c2_private	c2	0.4000	40
e2	c50p80m50	29	80	50	40	40	20	cnv_075	chrX	103025775	103125774	inversion	None	c3_private	c3	0.4000	40
e2	c50p80m50	29	80	50	40	40	20	cnv_076	chrX	104858118	104958117	inversion	None	c3_private	c3	0.4000	40
e2	c50p80m50	29	80	50	40	40	20	cnv_077	chrX	105469655	105569654	inversion	None	c3_private	c3	0.4000	40
e2	c50p80m50	29	80	50	40	40	20	cnv_078	chrX	106587021	106687020	inversion	None	c3_private	c3	0.4000	40
e2	c50p80m50	29	80	50	40	40	20	cnv_079	chrX	109684210	109784209	deletion	None	c3_private	c3	0.4000	40
e2	c50p80m50	29	80	50	40	40	20	cnv_080	chrX	112219541	112319540	deletion	None	c3_private	c3	0.4000	40
e2	c50p80m50	29	80	50	40	40	20	cnv_081	chrX	113223197	113323196	deletion	None	c3_private	c3	0.4000	40
e2	c50p80m50	29	80	50	40	40	20	cnv_082	chrX	113522070	113622069	inversion	None	c3_private	c3	0.4000	40
e2	c50p80m50	29	80	50	40	40	20	cnv_083	chrX	115234491	115334490	deletion	None	c3_private	c3	0.4000	40
e2	c50p80m50	29	80	50	40	40	20	cnv_084	chrX	115497064	115597063	deletion	None	c3_private	c3	0.4000	40
e2	c50p80m50	29	80	50	40	40	20	cnv_085	chrX	118728698	118828697	inversion	None	c3_private	c3	0.4000	40
e2	c50p80m50	29	80	50	40	40	20	cnv_086	chrX	119368691	119468690	deletion	None	c3_private	c3	0.4000	40
e2	c50p80m50	29	80	50	40	40	20	cnv_087	chrX	121040239	121140238	deletion	None	c3_private	c3	0.4000	40
e2	c50p80m50	29	80	50	40	40	20	cnv_088	chrX	121783132	121883131	deletion	None	c3_private	c3	0.4000	40
e2	c50p80m50	29	80	50	40	40	20	cnv_089	chrX	126101979	126201978	deletion	None	c3_private	c3	0.4000	40
e2	c50p80m50	29	80	50	40	40	20	cnv_090	chrX	130412338	130512337	inversion	None	c3_private	c3	0.4000	40
e2	c50p80m50	29	80	50	40	40	20	cnv_091	chrX	130947691	131047690	inversion	None	c3_private	c3	0.4000	40
e2	c50p80m50	29	80	50	40	40	20	cnv_092	chrX	131342494	131442493	inversion	None	c3_private	c3	0.4000	40
e2	c50p80m50	29	80	50	40	40	20	cnv_093	chrX	133615367	133715366	inversion	None	c3_private	c3	0.4000	40
e2	c50p80m50	29	80	50	40	40	20	cnv_094	chrX	133841307	133941306	inversion	None	c3_private	c3	0.4000	40
e2	c50p80m50	29	80	50	40	40	20	cnv_095	chrX	135048129	135148128	deletion	None	c3_private	c3	0.4000	40
e2	c50p80m50	29	80	50	40	40	20	cnv_096	chrX	136315184	136415183	inversion	None	c3_private	c3	0.4000	40
e2	c50p80m50	29	80	50	40	40	20	cnv_097	chrX	137740038	137840037	inversion	None	c3_private	c3	0.4000	40
e2	c50p80m50	29	80	50	40	40	20	cnv_098	chrX	142163532	142263531	deletion	None	c3_private	c3	0.4000	40
e2	c50p80m50	29	80	50	40	40	20	cnv_099	chrX	142326428	142426427	inversion	None	c3_private	c3	0.4000	40
e2	c50p80m50	29	80	50	40	40	20	cnv_100	chrX	142852663	142952662	deletion	None	c3_private	c3	0.4000	40
e2	c50p80m50	29	80	50	40	40	20	cnv_101	chrX	143052907	143152906	inversion	None	c3_private	c3	0.4000	40
e2	c50p80m50	29	80	50	40	40	20	cnv_102	chrX	143211943	143311942	deletion	None	c3_private	c3	0.4000	40
e2	c50p80m50	29	80	50	40	40	20	cnv_103	chrX	143832911	143932910	deletion	None	c3_private	c3	0.4000	40
e2	c50p80m50	29	80	50	40	40	20	cnv_104	chrX	144581680	144681679	inversion	None	c3_private	c3	0.4000	40
e2	c50p80m50	29	80	50	40	40	20	cnv_105	chrX	148152530	148252529	deletion	None	c3_private	c3	0.4000	40
e2	c50p80m50	29	80	50	40	40	20	cnv_106	chrX	149252704	149352703	deletion	None	c3_private	c3	0.4000	40
e2	c50p80m50	29	80	50	40	40	20	cnv_107	chrX	151425507	151525506	deletion	None	c3_private	c3	0.4000	40
e2	c50p80m50	29	80	50	40	40	20	cnv_108	chrX	151986036	152086035	inversion	None	c3_private	c3	0.4000	40
e2	c50p80m50	29	80	50	40	40	20	cnv_109	chrX	153163327	153263326	deletion	None	c3_private	c3	0.4000	40
e2	c50p80m50	29	80	50	40	40	20	cnv_110	chrX	153599472	153699471	deletion	None	c3_private	c3	0.4000	40
e4	c50p10m10	30	10	10	1	9	90	cnv_001	chrX	7534655	7634654	deletion	None	clonal	c2,c3	0.1000	10
e4	c50p10m10	30	10	10	1	9	90	cnv_002	chrX	10392001	10492000	deletion	None	clonal	c2,c3	0.1000	10
e4	c50p10m10	30	10	10	1	9	90	cnv_003	chrX	12113065	12213064	deletion	None	clonal	c2,c3	0.1000	10
e4	c50p10m10	30	10	10	1	9	90	cnv_004	chrX	12451669	12551668	deletion	None	clonal	c2,c3	0.1000	10
e4	c50p10m10	30	10	10	1	9	90	cnv_005	chrX	12622845	12722844	inversion	None	clonal	c2,c3	0.1000	10
e4	c50p10m10	30	10	10	1	9	90	cnv_006	chrX	14368243	14468242	deletion	None	clonal	c2,c3	0.1000	10
e4	c50p10m10	30	10	10	1	9	90	cnv_007	chrX	16255989	16355988	inversion	None	clonal	c2,c3	0.1000	10
e4	c50p10m10	30	10	10	1	9	90	cnv_008	chrX	18791669	18891668	inversion	None	clonal	c2,c3	0.1000	10
e4	c50p10m10	30	10	10	1	9	90	cnv_009	chrX	18938577	19038576	deletion	None	clonal	c2,c3	0.1000	10
e4	c50p10m10	30	10	10	1	9	90	cnv_010	chrX	20575628	20675627	deletion	None	clonal	c2,c3	0.1000	10
e4	c50p10m10	30	10	10	1	9	90	cnv_011	chrX	20779427	20879426	inversion	None	clonal	c2,c3	0.1000	10
e4	c50p10m10	30	10	10	1	9	90	cnv_012	chrX	21300398	21400397	inversion	None	clonal	c2,c3	0.1000	10
e4	c50p10m10	30	10	10	1	9	90	cnv_013	chrX	22604418	22704417	deletion	None	clonal	c2,c3	0.1000	10
e4	c50p10m10	30	10	10	1	9	90	cnv_014	chrX	22716399	22816398	inversion	None	clonal	c2,c3	0.1000	10
e4	c50p10m10	30	10	10	1	9	90	cnv_015	chrX	25126924	25226923	deletion	None	clonal	c2,c3	0.1000	10
e4	c50p10m10	30	10	10	1	9	90	cnv_016	chrX	28852336	28952335	deletion	None	clonal	c2,c3	0.1000	10
e4	c50p10m10	30	10	10	1	9	90	cnv_017	chrX	30410890	30510889	deletion	None	clonal	c2,c3	0.1000	10
e4	c50p10m10	30	10	10	1	9	90	cnv_018	chrX	31928834	32028833	inversion	None	clonal	c2,c3	0.1000	10
e4	c50p10m10	30	10	10	1	9	90	cnv_019	chrX	32290755	32390754	inversion	None	clonal	c2,c3	0.1000	10
e4	c50p10m10	30	10	10	1	9	90	cnv_020	chrX	33445241	33545240	deletion	None	clonal	c2,c3	0.1000	10
e4	c50p10m10	30	10	10	1	9	90	cnv_021	chrX	33730254	33830253	inversion	None	clonal	c2,c3	0.1000	10
e4	c50p10m10	30	10	10	1	9	90	cnv_022	chrX	34594945	34694944	deletion	None	clonal	c2,c3	0.1000	10
e4	c50p10m10	30	10	10	1	9	90	cnv_023	chrX	34846067	34946066	inversion	None	clonal	c2,c3	0.1000	10
e4	c50p10m10	30	10	10	1	9	90	cnv_024	chrX	35101599	35201598	deletion	None	clonal	c2,c3	0.1000	10
e4	c50p10m10	30	10	10	1	9	90	cnv_025	chrX	35756414	35856413	inversion	None	clonal	c2,c3	0.1000	10
e4	c50p10m10	30	10	10	1	9	90	cnv_026	chrX	38780830	38880829	inversion	None	clonal	c2,c3	0.1000	10
e4	c50p10m10	30	10	10	1	9	90	cnv_027	chrX	39218579	39318578	deletion	None	clonal	c2,c3	0.1000	10
e4	c50p10m10	30	10	10	1	9	90	cnv_028	chrX	39964009	40064008	inversion	None	clonal	c2,c3	0.1000	10
e4	c50p10m10	30	10	10	1	9	90	cnv_029	chrX	40190233	40290232	inversion	None	clonal	c2,c3	0.1000	10
e4	c50p10m10	30	10	10	1	9	90	cnv_030	chrX	41964843	42064842	inversion	None	clonal	c2,c3	0.1000	10
e4	c50p10m10	30	10	10	1	9	90	cnv_031	chrX	45865164	45965163	deletion	None	clonal	c2,c3	0.1000	10
e4	c50p10m10	30	10	10	1	9	90	cnv_032	chrX	46009804	46109803	deletion	None	clonal	c2,c3	0.1000	10
e4	c50p10m10	30	10	10	1	9	90	cnv_033	chrX	46543011	46643010	inversion	None	clonal	c2,c3	0.1000	10
e4	c50p10m10	30	10	10	1	9	90	cnv_034	chrX	47416632	47516631	inversion	None	clonal	c2,c3	0.1000	10
e4	c50p10m10	30	10	10	1	9	90	cnv_035	chrX	48046028	48146027	inversion	None	clonal	c2,c3	0.1000	10
e4	c50p10m10	30	10	10	1	9	90	cnv_036	chrX	49099756	49199755	inversion	None	clonal	c2,c3	0.1000	10
e4	c50p10m10	30	10	10	1	9	90	cnv_037	chrX	49586904	49686903	deletion	None	clonal	c2,c3	0.1000	10
e4	c50p10m10	30	10	10	1	9	90	cnv_038	chrX	51219613	51319612	deletion	None	c2_private	c2	0.0100	1
e4	c50p10m10	30	10	10	1	9	90	cnv_039	chrX	52282733	52382732	inversion	None	c2_private	c2	0.0100	1
e4	c50p10m10	30	10	10	1	9	90	cnv_040	chrX	52828302	52928301	inversion	None	c2_private	c2	0.0100	1
e4	c50p10m10	30	10	10	1	9	90	cnv_041	chrX	53433174	53533173	inversion	None	c2_private	c2	0.0100	1
e4	c50p10m10	30	10	10	1	9	90	cnv_042	chrX	54303323	54403322	inversion	None	c2_private	c2	0.0100	1
e4	c50p10m10	30	10	10	1	9	90	cnv_043	chrX	54996975	55096974	deletion	None	c2_private	c2	0.0100	1
e4	c50p10m10	30	10	10	1	9	90	cnv_044	chrX	56708059	56808058	deletion	None	c2_private	c2	0.0100	1
e4	c50p10m10	30	10	10	1	9	90	cnv_045	chrX	64768560	64868559	inversion	None	c2_private	c2	0.0100	1
e4	c50p10m10	30	10	10	1	9	90	cnv_046	chrX	66999575	67099574	inversion	None	c2_private	c2	0.0100	1
e4	c50p10m10	30	10	10	1	9	90	cnv_047	chrX	67196579	67296578	deletion	None	c2_private	c2	0.0100	1
e4	c50p10m10	30	10	10	1	9	90	cnv_048	chrX	68245435	68345434	deletion	None	c2_private	c2	0.0100	1
e4	c50p10m10	30	10	10	1	9	90	cnv_049	chrX	69313490	69413489	inversion	None	c2_private	c2	0.0100	1
e4	c50p10m10	30	10	10	1	9	90	cnv_050	chrX	69578797	69678796	deletion	None	c2_private	c2	0.0100	1
e4	c50p10m10	30	10	10	1	9	90	cnv_051	chrX	70072789	70172788	inversion	None	c2_private	c2	0.0100	1
e4	c50p10m10	30	10	10	1	9	90	cnv_052	chrX	70415058	70515057	deletion	None	c2_private	c2	0.0100	1
e4	c50p10m10	30	10	10	1	9	90	cnv_053	chrX	70737488	70837487	inversion	None	c2_private	c2	0.0100	1
e4	c50p10m10	30	10	10	1	9	90	cnv_054	chrX	71158330	71258329	inversion	None	c2_private	c2	0.0100	1
e4	c50p10m10	30	10	10	1	9	90	cnv_055	chrX	74974791	75074790	deletion	None	c2_private	c2	0.0100	1
e4	c50p10m10	30	10	10	1	9	90	cnv_056	chrX	75760354	75860353	deletion	None	c2_private	c2	0.0100	1
e4	c50p10m10	30	10	10	1	9	90	cnv_057	chrX	76493731	76593730	inversion	None	c2_private	c2	0.0100	1
e4	c50p10m10	30	10	10	1	9	90	cnv_058	chrX	77427278	77527277	inversion	None	c2_private	c2	0.0100	1
e4	c50p10m10	30	10	10	1	9	90	cnv_059	chrX	77697373	77797372	deletion	None	c2_private	c2	0.0100	1
e4	c50p10m10	30	10	10	1	9	90	cnv_060	chrX	78286754	78386753	deletion	None	c2_private	c2	0.0100	1
e4	c50p10m10	30	10	10	1	9	90	cnv_061	chrX	81211472	81311471	deletion	None	c2_private	c2	0.0100	1
e4	c50p10m10	30	10	10	1	9	90	cnv_062	chrX	83157545	83257544	inversion	None	c2_private	c2	0.0100	1
e4	c50p10m10	30	10	10	1	9	90	cnv_063	chrX	83434710	83534709	inversion	None	c2_private	c2	0.0100	1
e4	c50p10m10	30	10	10	1	9	90	cnv_064	chrX	87748068	87848067	deletion	None	c2_private	c2	0.0100	1
e4	c50p10m10	30	10	10	1	9	90	cnv_065	chrX	89210691	89310690	deletion	None	c2_private	c2	0.0100	1
e4	c50p10m10	30	10	10	1	9	90	cnv_066	chrX	90723254	90823253	deletion	None	c2_private	c2	0.0100	1
e4	c50p10m10	30	10	10	1	9	90	cnv_067	chrX	92586296	92686295	inversion	None	c2_private	c2	0.0100	1
e4	c50p10m10	30	10	10	1	9	90	cnv_068	chrX	94048223	94148222	deletion	None	c2_private	c2	0.0100	1
e4	c50p10m10	30	10	10	1	9	90	cnv_069	chrX	94591766	94691765	inversion	None	c2_private	c2	0.0100	1
e4	c50p10m10	30	10	10	1	9	90	cnv_070	chrX	95097124	95197123	deletion	None	c2_private	c2	0.0100	1
e4	c50p10m10	30	10	10	1	9	90	cnv_071	chrX	95767788	95867787	inversion	None	c2_private	c2	0.0100	1
e4	c50p10m10	30	10	10	1	9	90	cnv_072	chrX	97056317	97156316	inversion	None	c2_private	c2	0.0100	1
e4	c50p10m10	30	10	10	1	9	90	cnv_073	chrX	97804709	97904708	deletion	None	c2_private	c2	0.0100	1
e4	c50p10m10	30	10	10	1	9	90	cnv_074	chrX	100503375	100603374	inversion	None	c2_private	c2	0.0100	1
e4	c50p10m10	30	10	10	1	9	90	cnv_075	chrX	103025775	103125774	inversion	None	c3_private	c3	0.0900	9
e4	c50p10m10	30	10	10	1	9	90	cnv_076	chrX	104858118	104958117	inversion	None	c3_private	c3	0.0900	9
e4	c50p10m10	30	10	10	1	9	90	cnv_077	chrX	105469655	105569654	inversion	None	c3_private	c3	0.0900	9
e4	c50p10m10	30	10	10	1	9	90	cnv_078	chrX	106587021	106687020	inversion	None	c3_private	c3	0.0900	9
e4	c50p10m10	30	10	10	1	9	90	cnv_079	chrX	109684210	109784209	deletion	None	c3_private	c3	0.0900	9
e4	c50p10m10	30	10	10	1	9	90	cnv_080	chrX	112219541	112319540	deletion	None	c3_private	c3	0.0900	9
e4	c50p10m10	30	10	10	1	9	90	cnv_081	chrX	113223197	113323196	deletion	None	c3_private	c3	0.0900	9
e4	c50p10m10	30	10	10	1	9	90	cnv_082	chrX	113522070	113622069	inversion	None	c3_private	c3	0.0900	9
e4	c50p10m10	30	10	10	1	9	90	cnv_083	chrX	115234491	115334490	deletion	None	c3_private	c3	0.0900	9
e4	c50p10m10	30	10	10	1	9	90	cnv_084	chrX	115497064	115597063	deletion	None	c3_private	c3	0.0900	9
e4	c50p10m10	30	10	10	1	9	90	cnv_085	chrX	118728698	118828697	inversion	None	c3_private	c3	0.0900	9
e4	c50p10m10	30	10	10	1	9	90	cnv_086	chrX	119368691	119468690	deletion	None	c3_private	c3	0.0900	9
e4	c50p10m10	30	10	10	1	9	90	cnv_087	chrX	121040239	121140238	deletion	None	c3_private	c3	0.0900	9
e4	c50p10m10	30	10	10	1	9	90	cnv_088	chrX	121783132	121883131	deletion	None	c3_private	c3	0.0900	9
e4	c50p10m10	30	10	10	1	9	90	cnv_089	chrX	126101979	126201978	deletion	None	c3_private	c3	0.0900	9
e4	c50p10m10	30	10	10	1	9	90	cnv_090	chrX	130412338	130512337	inversion	None	c3_private	c3	0.0900	9
e4	c50p10m10	30	10	10	1	9	90	cnv_091	chrX	130947691	131047690	inversion	None	c3_private	c3	0.0900	9
e4	c50p10m10	30	10	10	1	9	90	cnv_092	chrX	131342494	131442493	inversion	None	c3_private	c3	0.0900	9
e4	c50p10m10	30	10	10	1	9	90	cnv_093	chrX	133615367	133715366	inversion	None	c3_private	c3	0.0900	9
e4	c50p10m10	30	10	10	1	9	90	cnv_094	chrX	133841307	133941306	inversion	None	c3_private	c3	0.0900	9
e4	c50p10m10	30	10	10	1	9	90	cnv_095	chrX	135048129	135148128	deletion	None	c3_private	c3	0.0900	9
e4	c50p10m10	30	10	10	1	9	90	cnv_096	chrX	136315184	136415183	inversion	None	c3_private	c3	0.0900	9
e4	c50p10m10	30	10	10	1	9	90	cnv_097	chrX	137740038	137840037	inversion	None	c3_private	c3	0.0900	9
e4	c50p10m10	30	10	10	1	9	90	cnv_098	chrX	142163532	142263531	deletion	None	c3_private	c3	0.0900	9
e4	c50p10m10	30	10	10	1	9	90	cnv_099	chrX	142326428	142426427	inversion	None	c3_private	c3	0.0900	9
e4	c50p10m10	30	10	10	1	9	90	cnv_100	chrX	142852663	142952662	deletion	None	c3_private	c3	0.0900	9
e4	c50p10m10	30	10	10	1	9	90	cnv_101	chrX	143052907	143152906	inversion	None	c3_private	c3	0.0900	9
e4	c50p10m10	30	10	10	1	9	90	cnv_102	chrX	143211943	143311942	deletion	None	c3_private	c3	0.0900	9
e4	c50p10m10	30	10	10	1	9	90	cnv_103	chrX	143832911	143932910	deletion	None	c3_private	c3	0.0900	9
e4	c50p10m10	30	10	10	1	9	90	cnv_104	chrX	144581680	144681679	inversion	None	c3_private	c3	0.0900	9
e4	c50p10m10	30	10	10	1	9	90	cnv_105	chrX	148152530	148252529	deletion	None	c3_private	c3	0.0900	9
e4	c50p10m10	30	10	10	1	9	90	cnv_106	chrX	149252704	149352703	deletion	None	c3_private	c3	0.0900	9
e4	c50p10m10	30	10	10	1	9	90	cnv_107	chrX	151425507	151525506	deletion	None	c3_private	c3	0.0900	9
e4	c50p10m10	30	10	10	1	9	90	cnv_108	chrX	151986036	152086035	inversion	None	c3_private	c3	0.0900	9
e4	c50p10m10	30	10	10	1	9	90	cnv_109	chrX	153163327	153263326	deletion	None	c3_private	c3	0.0900	9
e4	c50p10m10	30	10	10	1	9	90	cnv_110	chrX	153599472	153699471	deletion	None	c3_private	c3	0.0900	9
e4	c50p10m30	31	10	30	3	7	90	cnv_001	chrX	7534655	7634654	deletion	None	clonal	c2,c3	0.1000	10
e4	c50p10m30	31	10	30	3	7	90	cnv_002	chrX	10392001	10492000	deletion	None	clonal	c2,c3	0.1000	10
e4	c50p10m30	31	10	30	3	7	90	cnv_003	chrX	12113065	12213064	deletion	None	clonal	c2,c3	0.1000	10
e4	c50p10m30	31	10	30	3	7	90	cnv_004	chrX	12451669	12551668	deletion	None	clonal	c2,c3	0.1000	10
e4	c50p10m30	31	10	30	3	7	90	cnv_005	chrX	12622845	12722844	inversion	None	clonal	c2,c3	0.1000	10
e4	c50p10m30	31	10	30	3	7	90	cnv_006	chrX	14368243	14468242	deletion	None	clonal	c2,c3	0.1000	10
e4	c50p10m30	31	10	30	3	7	90	cnv_007	chrX	16255989	16355988	inversion	None	clonal	c2,c3	0.1000	10
e4	c50p10m30	31	10	30	3	7	90	cnv_008	chrX	18791669	18891668	inversion	None	clonal	c2,c3	0.1000	10
e4	c50p10m30	31	10	30	3	7	90	cnv_009	chrX	18938577	19038576	deletion	None	clonal	c2,c3	0.1000	10
e4	c50p10m30	31	10	30	3	7	90	cnv_010	chrX	20575628	20675627	deletion	None	clonal	c2,c3	0.1000	10
e4	c50p10m30	31	10	30	3	7	90	cnv_011	chrX	20779427	20879426	inversion	None	clonal	c2,c3	0.1000	10
e4	c50p10m30	31	10	30	3	7	90	cnv_012	chrX	21300398	21400397	inversion	None	clonal	c2,c3	0.1000	10
e4	c50p10m30	31	10	30	3	7	90	cnv_013	chrX	22604418	22704417	deletion	None	clonal	c2,c3	0.1000	10
e4	c50p10m30	31	10	30	3	7	90	cnv_014	chrX	22716399	22816398	inversion	None	clonal	c2,c3	0.1000	10
e4	c50p10m30	31	10	30	3	7	90	cnv_015	chrX	25126924	25226923	deletion	None	clonal	c2,c3	0.1000	10
e4	c50p10m30	31	10	30	3	7	90	cnv_016	chrX	28852336	28952335	deletion	None	clonal	c2,c3	0.1000	10
e4	c50p10m30	31	10	30	3	7	90	cnv_017	chrX	30410890	30510889	deletion	None	clonal	c2,c3	0.1000	10
e4	c50p10m30	31	10	30	3	7	90	cnv_018	chrX	31928834	32028833	inversion	None	clonal	c2,c3	0.1000	10
e4	c50p10m30	31	10	30	3	7	90	cnv_019	chrX	32290755	32390754	inversion	None	clonal	c2,c3	0.1000	10
e4	c50p10m30	31	10	30	3	7	90	cnv_020	chrX	33445241	33545240	deletion	None	clonal	c2,c3	0.1000	10
e4	c50p10m30	31	10	30	3	7	90	cnv_021	chrX	33730254	33830253	inversion	None	clonal	c2,c3	0.1000	10
e4	c50p10m30	31	10	30	3	7	90	cnv_022	chrX	34594945	34694944	deletion	None	clonal	c2,c3	0.1000	10
e4	c50p10m30	31	10	30	3	7	90	cnv_023	chrX	34846067	34946066	inversion	None	clonal	c2,c3	0.1000	10
e4	c50p10m30	31	10	30	3	7	90	cnv_024	chrX	35101599	35201598	deletion	None	clonal	c2,c3	0.1000	10
e4	c50p10m30	31	10	30	3	7	90	cnv_025	chrX	35756414	35856413	inversion	None	clonal	c2,c3	0.1000	10
e4	c50p10m30	31	10	30	3	7	90	cnv_026	chrX	38780830	38880829	inversion	None	clonal	c2,c3	0.1000	10
e4	c50p10m30	31	10	30	3	7	90	cnv_027	chrX	39218579	39318578	deletion	None	clonal	c2,c3	0.1000	10
e4	c50p10m30	31	10	30	3	7	90	cnv_028	chrX	39964009	40064008	inversion	None	clonal	c2,c3	0.1000	10
e4	c50p10m30	31	10	30	3	7	90	cnv_029	chrX	40190233	40290232	inversion	None	clonal	c2,c3	0.1000	10
e4	c50p10m30	31	10	30	3	7	90	cnv_030	chrX	41964843	42064842	inversion	None	clonal	c2,c3	0.1000	10
e4	c50p10m30	31	10	30	3	7	90	cnv_031	chrX	45865164	45965163	deletion	None	clonal	c2,c3	0.1000	10
e4	c50p10m30	31	10	30	3	7	90	cnv_032	chrX	46009804	46109803	deletion	None	clonal	c2,c3	0.1000	10
e4	c50p10m30	31	10	30	3	7	90	cnv_033	chrX	46543011	46643010	inversion	None	clonal	c2,c3	0.1000	10
e4	c50p10m30	31	10	30	3	7	90	cnv_034	chrX	47416632	47516631	inversion	None	clonal	c2,c3	0.1000	10
e4	c50p10m30	31	10	30	3	7	90	cnv_035	chrX	48046028	48146027	inversion	None	clonal	c2,c3	0.1000	10
e4	c50p10m30	31	10	30	3	7	90	cnv_036	chrX	49099756	49199755	inversion	None	clonal	c2,c3	0.1000	10
e4	c50p10m30	31	10	30	3	7	90	cnv_037	chrX	49586904	49686903	deletion	None	clonal	c2,c3	0.1000	10
e4	c50p10m30	31	10	30	3	7	90	cnv_038	chrX	51219613	51319612	deletion	None	c2_private	c2	0.0300	3
e4	c50p10m30	31	10	30	3	7	90	cnv_039	chrX	52282733	52382732	inversion	None	c2_private	c2	0.0300	3
e4	c50p10m30	31	10	30	3	7	90	cnv_040	chrX	52828302	52928301	inversion	None	c2_private	c2	0.0300	3
e4	c50p10m30	31	10	30	3	7	90	cnv_041	chrX	53433174	53533173	inversion	None	c2_private	c2	0.0300	3
e4	c50p10m30	31	10	30	3	7	90	cnv_042	chrX	54303323	54403322	inversion	None	c2_private	c2	0.0300	3
e4	c50p10m30	31	10	30	3	7	90	cnv_043	chrX	54996975	55096974	deletion	None	c2_private	c2	0.0300	3
e4	c50p10m30	31	10	30	3	7	90	cnv_044	chrX	56708059	56808058	deletion	None	c2_private	c2	0.0300	3
e4	c50p10m30	31	10	30	3	7	90	cnv_045	chrX	64768560	64868559	inversion	None	c2_private	c2	0.0300	3
e4	c50p10m30	31	10	30	3	7	90	cnv_046	chrX	66999575	67099574	inversion	None	c2_private	c2	0.0300	3
e4	c50p10m30	31	10	30	3	7	90	cnv_047	chrX	67196579	67296578	deletion	None	c2_private	c2	0.0300	3
e4	c50p10m30	31	10	30	3	7	90	cnv_048	chrX	68245435	68345434	deletion	None	c2_private	c2	0.0300	3
e4	c50p10m30	31	10	30	3	7	90	cnv_049	chrX	69313490	69413489	inversion	None	c2_private	c2	0.0300	3
e4	c50p10m30	31	10	30	3	7	90	cnv_050	chrX	69578797	69678796	deletion	None	c2_private	c2	0.0300	3
e4	c50p10m30	31	10	30	3	7	90	cnv_051	chrX	70072789	70172788	inversion	None	c2_private	c2	0.0300	3
e4	c50p10m30	31	10	30	3	7	90	cnv_052	chrX	70415058	70515057	deletion	None	c2_private	c2	0.0300	3
e4	c50p10m30	31	10	30	3	7	90	cnv_053	chrX	70737488	70837487	inversion	None	c2_private	c2	0.0300	3
e4	c50p10m30	31	10	30	3	7	90	cnv_054	chrX	71158330	71258329	inversion	None	c2_private	c2	0.0300	3
e4	c50p10m30	31	10	30	3	7	90	cnv_055	chrX	74974791	75074790	deletion	None	c2_private	c2	0.0300	3
e4	c50p10m30	31	10	30	3	7	90	cnv_056	chrX	75760354	75860353	deletion	None	c2_private	c2	0.0300	3
e4	c50p10m30	31	10	30	3	7	90	cnv_057	chrX	76493731	76593730	inversion	None	c2_private	c2	0.0300	3
e4	c50p10m30	31	10	30	3	7	90	cnv_058	chrX	77427278	77527277	inversion	None	c2_private	c2	0.0300	3
e4	c50p10m30	31	10	30	3	7	90	cnv_059	chrX	77697373	77797372	deletion	None	c2_private	c2	0.0300	3
e4	c50p10m30	31	10	30	3	7	90	cnv_060	chrX	78286754	78386753	deletion	None	c2_private	c2	0.0300	3
e4	c50p10m30	31	10	30	3	7	90	cnv_061	chrX	81211472	81311471	deletion	None	c2_private	c2	0.0300	3
e4	c50p10m30	31	10	30	3	7	90	cnv_062	chrX	83157545	83257544	inversion	None	c2_private	c2	0.0300	3
e4	c50p10m30	31	10	30	3	7	90	cnv_063	chrX	83434710	83534709	inversion	None	c2_private	c2	0.0300	3
e4	c50p10m30	31	10	30	3	7	90	cnv_064	chrX	87748068	87848067	deletion	None	c2_private	c2	0.0300	3
e4	c50p10m30	31	10	30	3	7	90	cnv_065	chrX	89210691	89310690	deletion	None	c2_private	c2	0.0300	3
e4	c50p10m30	31	10	30	3	7	90	cnv_066	chrX	90723254	90823253	deletion	None	c2_private	c2	0.0300	3
e4	c50p10m30	31	10	30	3	7	90	cnv_067	chrX	92586296	92686295	inversion	None	c2_private	c2	0.0300	3
e4	c50p10m30	31	10	30	3	7	90	cnv_068	chrX	94048223	94148222	deletion	None	c2_private	c2	0.0300	3
e4	c50p10m30	31	10	30	3	7	90	cnv_069	chrX	94591766	94691765	inversion	None	c2_private	c2	0.0300	3
e4	c50p10m30	31	10	30	3	7	90	cnv_070	chrX	95097124	95197123	deletion	None	c2_private	c2	0.0300	3
e4	c50p10m30	31	10	30	3	7	90	cnv_071	chrX	95767788	95867787	inversion	None	c2_private	c2	0.0300	3
e4	c50p10m30	31	10	30	3	7	90	cnv_072	chrX	97056317	97156316	inversion	None	c2_private	c2	0.0300	3
e4	c50p10m30	31	10	30	3	7	90	cnv_073	chrX	97804709	97904708	deletion	None	c2_private	c2	0.0300	3
e4	c50p10m30	31	10	30	3	7	90	cnv_074	chrX	100503375	100603374	inversion	None	c2_private	c2	0.0300	3
e4	c50p10m30	31	10	30	3	7	90	cnv_075	chrX	103025775	103125774	inversion	None	c3_private	c3	0.0700	7
e4	c50p10m30	31	10	30	3	7	90	cnv_076	chrX	104858118	104958117	inversion	None	c3_private	c3	0.0700	7
e4	c50p10m30	31	10	30	3	7	90	cnv_077	chrX	105469655	105569654	inversion	None	c3_private	c3	0.0700	7
e4	c50p10m30	31	10	30	3	7	90	cnv_078	chrX	106587021	106687020	inversion	None	c3_private	c3	0.0700	7
e4	c50p10m30	31	10	30	3	7	90	cnv_079	chrX	109684210	109784209	deletion	None	c3_private	c3	0.0700	7
e4	c50p10m30	31	10	30	3	7	90	cnv_080	chrX	112219541	112319540	deletion	None	c3_private	c3	0.0700	7
e4	c50p10m30	31	10	30	3	7	90	cnv_081	chrX	113223197	113323196	deletion	None	c3_private	c3	0.0700	7
e4	c50p10m30	31	10	30	3	7	90	cnv_082	chrX	113522070	113622069	inversion	None	c3_private	c3	0.0700	7
e4	c50p10m30	31	10	30	3	7	90	cnv_083	chrX	115234491	115334490	deletion	None	c3_private	c3	0.0700	7
e4	c50p10m30	31	10	30	3	7	90	cnv_084	chrX	115497064	115597063	deletion	None	c3_private	c3	0.0700	7
e4	c50p10m30	31	10	30	3	7	90	cnv_085	chrX	118728698	118828697	inversion	None	c3_private	c3	0.0700	7
e4	c50p10m30	31	10	30	3	7	90	cnv_086	chrX	119368691	119468690	deletion	None	c3_private	c3	0.0700	7
e4	c50p10m30	31	10	30	3	7	90	cnv_087	chrX	121040239	121140238	deletion	None	c3_private	c3	0.0700	7
e4	c50p10m30	31	10	30	3	7	90	cnv_088	chrX	121783132	121883131	deletion	None	c3_private	c3	0.0700	7
e4	c50p10m30	31	10	30	3	7	90	cnv_089	chrX	126101979	126201978	deletion	None	c3_private	c3	0.0700	7
e4	c50p10m30	31	10	30	3	7	90	cnv_090	chrX	130412338	130512337	inversion	None	c3_private	c3	0.0700	7
e4	c50p10m30	31	10	30	3	7	90	cnv_091	chrX	130947691	131047690	inversion	None	c3_private	c3	0.0700	7
e4	c50p10m30	31	10	30	3	7	90	cnv_092	chrX	131342494	131442493	inversion	None	c3_private	c3	0.0700	7
e4	c50p10m30	31	10	30	3	7	90	cnv_093	chrX	133615367	133715366	inversion	None	c3_private	c3	0.0700	7
e4	c50p10m30	31	10	30	3	7	90	cnv_094	chrX	133841307	133941306	inversion	None	c3_private	c3	0.0700	7
e4	c50p10m30	31	10	30	3	7	90	cnv_095	chrX	135048129	135148128	deletion	None	c3_private	c3	0.0700	7
e4	c50p10m30	31	10	30	3	7	90	cnv_096	chrX	136315184	136415183	inversion	None	c3_private	c3	0.0700	7
e4	c50p10m30	31	10	30	3	7	90	cnv_097	chrX	137740038	137840037	inversion	None	c3_private	c3	0.0700	7
e4	c50p10m30	31	10	30	3	7	90	cnv_098	chrX	142163532	142263531	deletion	None	c3_private	c3	0.0700	7
e4	c50p10m30	31	10	30	3	7	90	cnv_099	chrX	142326428	142426427	inversion	None	c3_private	c3	0.0700	7
e4	c50p10m30	31	10	30	3	7	90	cnv_100	chrX	142852663	142952662	deletion	None	c3_private	c3	0.0700	7
e4	c50p10m30	31	10	30	3	7	90	cnv_101	chrX	143052907	143152906	inversion	None	c3_private	c3	0.0700	7
e4	c50p10m30	31	10	30	3	7	90	cnv_102	chrX	143211943	143311942	deletion	None	c3_private	c3	0.0700	7
e4	c50p10m30	31	10	30	3	7	90	cnv_103	chrX	143832911	143932910	deletion	None	c3_private	c3	0.0700	7
e4	c50p10m30	31	10	30	3	7	90	cnv_104	chrX	144581680	144681679	inversion	None	c3_private	c3	0.0700	7
e4	c50p10m30	31	10	30	3	7	90	cnv_105	chrX	148152530	148252529	deletion	None	c3_private	c3	0.0700	7
e4	c50p10m30	31	10	30	3	7	90	cnv_106	chrX	149252704	149352703	deletion	None	c3_private	c3	0.0700	7
e4	c50p10m30	31	10	30	3	7	90	cnv_107	chrX	151425507	151525506	deletion	None	c3_private	c3	0.0700	7
e4	c50p10m30	31	10	30	3	7	90	cnv_108	chrX	151986036	152086035	inversion	None	c3_private	c3	0.0700	7
e4	c50p10m30	31	10	30	3	7	90	cnv_109	chrX	153163327	153263326	deletion	None	c3_private	c3	0.0700	7
e4	c50p10m30	31	10	30	3	7	90	cnv_110	chrX	153599472	153699471	deletion	None	c3_private	c3	0.0700	7
e4	c50p10m50	32	10	50	5	5	90	cnv_001	chrX	7534655	7634654	deletion	None	clonal	c2,c3	0.1000	10
e4	c50p10m50	32	10	50	5	5	90	cnv_002	chrX	10392001	10492000	deletion	None	clonal	c2,c3	0.1000	10
e4	c50p10m50	32	10	50	5	5	90	cnv_003	chrX	12113065	12213064	deletion	None	clonal	c2,c3	0.1000	10
e4	c50p10m50	32	10	50	5	5	90	cnv_004	chrX	12451669	12551668	deletion	None	clonal	c2,c3	0.1000	10
e4	c50p10m50	32	10	50	5	5	90	cnv_005	chrX	12622845	12722844	inversion	None	clonal	c2,c3	0.1000	10
e4	c50p10m50	32	10	50	5	5	90	cnv_006	chrX	14368243	14468242	deletion	None	clonal	c2,c3	0.1000	10
e4	c50p10m50	32	10	50	5	5	90	cnv_007	chrX	16255989	16355988	inversion	None	clonal	c2,c3	0.1000	10
e4	c50p10m50	32	10	50	5	5	90	cnv_008	chrX	18791669	18891668	inversion	None	clonal	c2,c3	0.1000	10
e4	c50p10m50	32	10	50	5	5	90	cnv_009	chrX	18938577	19038576	deletion	None	clonal	c2,c3	0.1000	10
e4	c50p10m50	32	10	50	5	5	90	cnv_010	chrX	20575628	20675627	deletion	None	clonal	c2,c3	0.1000	10
e4	c50p10m50	32	10	50	5	5	90	cnv_011	chrX	20779427	20879426	inversion	None	clonal	c2,c3	0.1000	10
e4	c50p10m50	32	10	50	5	5	90	cnv_012	chrX	21300398	21400397	inversion	None	clonal	c2,c3	0.1000	10
e4	c50p10m50	32	10	50	5	5	90	cnv_013	chrX	22604418	22704417	deletion	None	clonal	c2,c3	0.1000	10
e4	c50p10m50	32	10	50	5	5	90	cnv_014	chrX	22716399	22816398	inversion	None	clonal	c2,c3	0.1000	10
e4	c50p10m50	32	10	50	5	5	90	cnv_015	chrX	25126924	25226923	deletion	None	clonal	c2,c3	0.1000	10
e4	c50p10m50	32	10	50	5	5	90	cnv_016	chrX	28852336	28952335	deletion	None	clonal	c2,c3	0.1000	10
e4	c50p10m50	32	10	50	5	5	90	cnv_017	chrX	30410890	30510889	deletion	None	clonal	c2,c3	0.1000	10
e4	c50p10m50	32	10	50	5	5	90	cnv_018	chrX	31928834	32028833	inversion	None	clonal	c2,c3	0.1000	10
e4	c50p10m50	32	10	50	5	5	90	cnv_019	chrX	32290755	32390754	inversion	None	clonal	c2,c3	0.1000	10
e4	c50p10m50	32	10	50	5	5	90	cnv_020	chrX	33445241	33545240	deletion	None	clonal	c2,c3	0.1000	10
e4	c50p10m50	32	10	50	5	5	90	cnv_021	chrX	33730254	33830253	inversion	None	clonal	c2,c3	0.1000	10
e4	c50p10m50	32	10	50	5	5	90	cnv_022	chrX	34594945	34694944	deletion	None	clonal	c2,c3	0.1000	10
e4	c50p10m50	32	10	50	5	5	90	cnv_023	chrX	34846067	34946066	inversion	None	clonal	c2,c3	0.1000	10
e4	c50p10m50	32	10	50	5	5	90	cnv_024	chrX	35101599	35201598	deletion	None	clonal	c2,c3	0.1000	10
e4	c50p10m50	32	10	50	5	5	90	cnv_025	chrX	35756414	35856413	inversion	None	clonal	c2,c3	0.1000	10
e4	c50p10m50	32	10	50	5	5	90	cnv_026	chrX	38780830	38880829	inversion	None	clonal	c2,c3	0.1000	10
e4	c50p10m50	32	10	50	5	5	90	cnv_027	chrX	39218579	39318578	deletion	None	clonal	c2,c3	0.1000	10
e4	c50p10m50	32	10	50	5	5	90	cnv_028	chrX	39964009	40064008	inversion	None	clonal	c2,c3	0.1000	10
e4	c50p10m50	32	10	50	5	5	90	cnv_029	chrX	40190233	40290232	inversion	None	clonal	c2,c3	0.1000	10
e4	c50p10m50	32	10	50	5	5	90	cnv_030	chrX	41964843	42064842	inversion	None	clonal	c2,c3	0.1000	10
e4	c50p10m50	32	10	50	5	5	90	cnv_031	chrX	45865164	45965163	deletion	None	clonal	c2,c3	0.1000	10
e4	c50p10m50	32	10	50	5	5	90	cnv_032	chrX	46009804	46109803	deletion	None	clonal	c2,c3	0.1000	10
e4	c50p10m50	32	10	50	5	5	90	cnv_033	chrX	46543011	46643010	inversion	None	clonal	c2,c3	0.1000	10
e4	c50p10m50	32	10	50	5	5	90	cnv_034	chrX	47416632	47516631	inversion	None	clonal	c2,c3	0.1000	10
e4	c50p10m50	32	10	50	5	5	90	cnv_035	chrX	48046028	48146027	inversion	None	clonal	c2,c3	0.1000	10
e4	c50p10m50	32	10	50	5	5	90	cnv_036	chrX	49099756	49199755	inversion	None	clonal	c2,c3	0.1000	10
e4	c50p10m50	32	10	50	5	5	90	cnv_037	chrX	49586904	49686903	deletion	None	clonal	c2,c3	0.1000	10
e4	c50p10m50	32	10	50	5	5	90	cnv_038	chrX	51219613	51319612	deletion	None	c2_private	c2	0.0500	5
e4	c50p10m50	32	10	50	5	5	90	cnv_039	chrX	52282733	52382732	inversion	None	c2_private	c2	0.0500	5
e4	c50p10m50	32	10	50	5	5	90	cnv_040	chrX	52828302	52928301	inversion	None	c2_private	c2	0.0500	5
e4	c50p10m50	32	10	50	5	5	90	cnv_041	chrX	53433174	53533173	inversion	None	c2_private	c2	0.0500	5
e4	c50p10m50	32	10	50	5	5	90	cnv_042	chrX	54303323	54403322	inversion	None	c2_private	c2	0.0500	5
e4	c50p10m50	32	10	50	5	5	90	cnv_043	chrX	54996975	55096974	deletion	None	c2_private	c2	0.0500	5
e4	c50p10m50	32	10	50	5	5	90	cnv_044	chrX	56708059	56808058	deletion	None	c2_private	c2	0.0500	5
e4	c50p10m50	32	10	50	5	5	90	cnv_045	chrX	64768560	64868559	inversion	None	c2_private	c2	0.0500	5
e4	c50p10m50	32	10	50	5	5	90	cnv_046	chrX	66999575	67099574	inversion	None	c2_private	c2	0.0500	5
e4	c50p10m50	32	10	50	5	5	90	cnv_047	chrX	67196579	67296578	deletion	None	c2_private	c2	0.0500	5
e4	c50p10m50	32	10	50	5	5	90	cnv_048	chrX	68245435	68345434	deletion	None	c2_private	c2	0.0500	5
e4	c50p10m50	32	10	50	5	5	90	cnv_049	chrX	69313490	69413489	inversion	None	c2_private	c2	0.0500	5
e4	c50p10m50	32	10	50	5	5	90	cnv_050	chrX	69578797	69678796	deletion	None	c2_private	c2	0.0500	5
e4	c50p10m50	32	10	50	5	5	90	cnv_051	chrX	70072789	70172788	inversion	None	c2_private	c2	0.0500	5
e4	c50p10m50	32	10	50	5	5	90	cnv_052	chrX	70415058	70515057	deletion	None	c2_private	c2	0.0500	5
e4	c50p10m50	32	10	50	5	5	90	cnv_053	chrX	70737488	70837487	inversion	None	c2_private	c2	0.0500	5
e4	c50p10m50	32	10	50	5	5	90	cnv_054	chrX	71158330	71258329	inversion	None	c2_private	c2	0.0500	5
e4	c50p10m50	32	10	50	5	5	90	cnv_055	chrX	74974791	75074790	deletion	None	c2_private	c2	0.0500	5
e4	c50p10m50	32	10	50	5	5	90	cnv_056	chrX	75760354	75860353	deletion	None	c2_private	c2	0.0500	5
e4	c50p10m50	32	10	50	5	5	90	cnv_057	chrX	76493731	76593730	inversion	None	c2_private	c2	0.0500	5
e4	c50p10m50	32	10	50	5	5	90	cnv_058	chrX	77427278	77527277	inversion	None	c2_private	c2	0.0500	5
e4	c50p10m50	32	10	50	5	5	90	cnv_059	chrX	77697373	77797372	deletion	None	c2_private	c2	0.0500	5
e4	c50p10m50	32	10	50	5	5	90	cnv_060	chrX	78286754	78386753	deletion	None	c2_private	c2	0.0500	5
e4	c50p10m50	32	10	50	5	5	90	cnv_061	chrX	81211472	81311471	deletion	None	c2_private	c2	0.0500	5
e4	c50p10m50	32	10	50	5	5	90	cnv_062	chrX	83157545	83257544	inversion	None	c2_private	c2	0.0500	5
e4	c50p10m50	32	10	50	5	5	90	cnv_063	chrX	83434710	83534709	inversion	None	c2_private	c2	0.0500	5
e4	c50p10m50	32	10	50	5	5	90	cnv_064	chrX	87748068	87848067	deletion	None	c2_private	c2	0.0500	5
e4	c50p10m50	32	10	50	5	5	90	cnv_065	chrX	89210691	89310690	deletion	None	c2_private	c2	0.0500	5
e4	c50p10m50	32	10	50	5	5	90	cnv_066	chrX	90723254	90823253	deletion	None	c2_private	c2	0.0500	5
e4	c50p10m50	32	10	50	5	5	90	cnv_067	chrX	92586296	92686295	inversion	None	c2_private	c2	0.0500	5
e4	c50p10m50	32	10	50	5	5	90	cnv_068	chrX	94048223	94148222	deletion	None	c2_private	c2	0.0500	5
e4	c50p10m50	32	10	50	5	5	90	cnv_069	chrX	94591766	94691765	inversion	None	c2_private	c2	0.0500	5
e4	c50p10m50	32	10	50	5	5	90	cnv_070	chrX	95097124	95197123	deletion	None	c2_private	c2	0.0500	5
e4	c50p10m50	32	10	50	5	5	90	cnv_071	chrX	95767788	95867787	inversion	None	c2_private	c2	0.0500	5
e4	c50p10m50	32	10	50	5	5	90	cnv_072	chrX	97056317	97156316	inversion	None	c2_private	c2	0.0500	5
e4	c50p10m50	32	10	50	5	5	90	cnv_073	chrX	97804709	97904708	deletion	None	c2_private	c2	0.0500	5
e4	c50p10m50	32	10	50	5	5	90	cnv_074	chrX	100503375	100603374	inversion	None	c2_private	c2	0.0500	5
e4	c50p10m50	32	10	50	5	5	90	cnv_075	chrX	103025775	103125774	inversion	None	c3_private	c3	0.0500	5
e4	c50p10m50	32	10	50	5	5	90	cnv_076	chrX	104858118	104958117	inversion	None	c3_private	c3	0.0500	5
e4	c50p10m50	32	10	50	5	5	90	cnv_077	chrX	105469655	105569654	inversion	None	c3_private	c3	0.0500	5
e4	c50p10m50	32	10	50	5	5	90	cnv_078	chrX	106587021	106687020	inversion	None	c3_private	c3	0.0500	5
e4	c50p10m50	32	10	50	5	5	90	cnv_079	chrX	109684210	109784209	deletion	None	c3_private	c3	0.0500	5
e4	c50p10m50	32	10	50	5	5	90	cnv_080	chrX	112219541	112319540	deletion	None	c3_private	c3	0.0500	5
e4	c50p10m50	32	10	50	5	5	90	cnv_081	chrX	113223197	113323196	deletion	None	c3_private	c3	0.0500	5
e4	c50p10m50	32	10	50	5	5	90	cnv_082	chrX	113522070	113622069	inversion	None	c3_private	c3	0.0500	5
e4	c50p10m50	32	10	50	5	5	90	cnv_083	chrX	115234491	115334490	deletion	None	c3_private	c3	0.0500	5
e4	c50p10m50	32	10	50	5	5	90	cnv_084	chrX	115497064	115597063	deletion	None	c3_private	c3	0.0500	5
e4	c50p10m50	32	10	50	5	5	90	cnv_085	chrX	118728698	118828697	inversion	None	c3_private	c3	0.0500	5
e4	c50p10m50	32	10	50	5	5	90	cnv_086	chrX	119368691	119468690	deletion	None	c3_private	c3	0.0500	5
e4	c50p10m50	32	10	50	5	5	90	cnv_087	chrX	121040239	121140238	deletion	None	c3_private	c3	0.0500	5
e4	c50p10m50	32	10	50	5	5	90	cnv_088	chrX	121783132	121883131	deletion	None	c3_private	c3	0.0500	5
e4	c50p10m50	32	10	50	5	5	90	cnv_089	chrX	126101979	126201978	deletion	None	c3_private	c3	0.0500	5
e4	c50p10m50	32	10	50	5	5	90	cnv_090	chrX	130412338	130512337	inversion	None	c3_private	c3	0.0500	5
e4	c50p10m50	32	10	50	5	5	90	cnv_091	chrX	130947691	131047690	inversion	None	c3_private	c3	0.0500	5
e4	c50p10m50	32	10	50	5	5	90	cnv_092	chrX	131342494	131442493	inversion	None	c3_private	c3	0.0500	5
e4	c50p10m50	32	10	50	5	5	90	cnv_093	chrX	133615367	133715366	inversion	None	c3_private	c3	0.0500	5
e4	c50p10m50	32	10	50	5	5	90	cnv_094	chrX	133841307	133941306	inversion	None	c3_private	c3	0.0500	5
e4	c50p10m50	32	10	50	5	5	90	cnv_095	chrX	135048129	135148128	deletion	None	c3_private	c3	0.0500	5
e4	c50p10m50	32	10	50	5	5	90	cnv_096	chrX	136315184	136415183	inversion	None	c3_private	c3	0.0500	5
e4	c50p10m50	32	10	50	5	5	90	cnv_097	chrX	137740038	137840037	inversion	None	c3_private	c3	0.0500	5
e4	c50p10m50	32	10	50	5	5	90	cnv_098	chrX	142163532	142263531	deletion	None	c3_private	c3	0.0500	5
e4	c50p10m50	32	10	50	5	5	90	cnv_099	chrX	142326428	142426427	inversion	None	c3_private	c3	0.0500	5
e4	c50p10m50	32	10	50	5	5	90	cnv_100	chrX	142852663	142952662	deletion	None	c3_private	c3	0.0500	5
e4	c50p10m50	32	10	50	5	5	90	cnv_101	chrX	143052907	143152906	inversion	None	c3_private	c3	0.0500	5
e4	c50p10m50	32	10	50	5	5	90	cnv_102	chrX	143211943	143311942	deletion	None	c3_private	c3	0.0500	5
e4	c50p10m50	32	10	50	5	5	90	cnv_103	chrX	143832911	143932910	deletion	None	c3_private	c3	0.0500	5
e4	c50p10m50	32	10	50	5	5	90	cnv_104	chrX	144581680	144681679	inversion	None	c3_private	c3	0.0500	5
e4	c50p10m50	32	10	50	5	5	90	cnv_105	chrX	148152530	148252529	deletion	None	c3_private	c3	0.0500	5
e4	c50p10m50	32	10	50	5	5	90	cnv_106	chrX	149252704	149352703	deletion	None	c3_private	c3	0.0500	5
e4	c50p10m50	32	10	50	5	5	90	cnv_107	chrX	151425507	151525506	deletion	None	c3_private	c3	0.0500	5
e4	c50p10m50	32	10	50	5	5	90	cnv_108	chrX	151986036	152086035	inversion	None	c3_private	c3	0.0500	5
e4	c50p10m50	32	10	50	5	5	90	cnv_109	chrX	153163327	153263326	deletion	None	c3_private	c3	0.0500	5
e4	c50p10m50	32	10	50	5	5	90	cnv_110	chrX	153599472	153699471	deletion	None	c3_private	c3	0.0500	5
e4	c50p20m10	33	20	10	2	18	80	cnv_001	chrX	7534655	7634654	deletion	None	clonal	c2,c3	0.2000	20
e4	c50p20m10	33	20	10	2	18	80	cnv_002	chrX	10392001	10492000	deletion	None	clonal	c2,c3	0.2000	20
e4	c50p20m10	33	20	10	2	18	80	cnv_003	chrX	12113065	12213064	deletion	None	clonal	c2,c3	0.2000	20
e4	c50p20m10	33	20	10	2	18	80	cnv_004	chrX	12451669	12551668	deletion	None	clonal	c2,c3	0.2000	20
e4	c50p20m10	33	20	10	2	18	80	cnv_005	chrX	12622845	12722844	inversion	None	clonal	c2,c3	0.2000	20
e4	c50p20m10	33	20	10	2	18	80	cnv_006	chrX	14368243	14468242	deletion	None	clonal	c2,c3	0.2000	20
e4	c50p20m10	33	20	10	2	18	80	cnv_007	chrX	16255989	16355988	inversion	None	clonal	c2,c3	0.2000	20
e4	c50p20m10	33	20	10	2	18	80	cnv_008	chrX	18791669	18891668	inversion	None	clonal	c2,c3	0.2000	20
e4	c50p20m10	33	20	10	2	18	80	cnv_009	chrX	18938577	19038576	deletion	None	clonal	c2,c3	0.2000	20
e4	c50p20m10	33	20	10	2	18	80	cnv_010	chrX	20575628	20675627	deletion	None	clonal	c2,c3	0.2000	20
e4	c50p20m10	33	20	10	2	18	80	cnv_011	chrX	20779427	20879426	inversion	None	clonal	c2,c3	0.2000	20
e4	c50p20m10	33	20	10	2	18	80	cnv_012	chrX	21300398	21400397	inversion	None	clonal	c2,c3	0.2000	20
e4	c50p20m10	33	20	10	2	18	80	cnv_013	chrX	22604418	22704417	deletion	None	clonal	c2,c3	0.2000	20
e4	c50p20m10	33	20	10	2	18	80	cnv_014	chrX	22716399	22816398	inversion	None	clonal	c2,c3	0.2000	20
e4	c50p20m10	33	20	10	2	18	80	cnv_015	chrX	25126924	25226923	deletion	None	clonal	c2,c3	0.2000	20
e4	c50p20m10	33	20	10	2	18	80	cnv_016	chrX	28852336	28952335	deletion	None	clonal	c2,c3	0.2000	20
e4	c50p20m10	33	20	10	2	18	80	cnv_017	chrX	30410890	30510889	deletion	None	clonal	c2,c3	0.2000	20
e4	c50p20m10	33	20	10	2	18	80	cnv_018	chrX	31928834	32028833	inversion	None	clonal	c2,c3	0.2000	20
e4	c50p20m10	33	20	10	2	18	80	cnv_019	chrX	32290755	32390754	inversion	None	clonal	c2,c3	0.2000	20
e4	c50p20m10	33	20	10	2	18	80	cnv_020	chrX	33445241	33545240	deletion	None	clonal	c2,c3	0.2000	20
e4	c50p20m10	33	20	10	2	18	80	cnv_021	chrX	33730254	33830253	inversion	None	clonal	c2,c3	0.2000	20
e4	c50p20m10	33	20	10	2	18	80	cnv_022	chrX	34594945	34694944	deletion	None	clonal	c2,c3	0.2000	20
e4	c50p20m10	33	20	10	2	18	80	cnv_023	chrX	34846067	34946066	inversion	None	clonal	c2,c3	0.2000	20
e4	c50p20m10	33	20	10	2	18	80	cnv_024	chrX	35101599	35201598	deletion	None	clonal	c2,c3	0.2000	20
e4	c50p20m10	33	20	10	2	18	80	cnv_025	chrX	35756414	35856413	inversion	None	clonal	c2,c3	0.2000	20
e4	c50p20m10	33	20	10	2	18	80	cnv_026	chrX	38780830	38880829	inversion	None	clonal	c2,c3	0.2000	20
e4	c50p20m10	33	20	10	2	18	80	cnv_027	chrX	39218579	39318578	deletion	None	clonal	c2,c3	0.2000	20
e4	c50p20m10	33	20	10	2	18	80	cnv_028	chrX	39964009	40064008	inversion	None	clonal	c2,c3	0.2000	20
e4	c50p20m10	33	20	10	2	18	80	cnv_029	chrX	40190233	40290232	inversion	None	clonal	c2,c3	0.2000	20
e4	c50p20m10	33	20	10	2	18	80	cnv_030	chrX	41964843	42064842	inversion	None	clonal	c2,c3	0.2000	20
e4	c50p20m10	33	20	10	2	18	80	cnv_031	chrX	45865164	45965163	deletion	None	clonal	c2,c3	0.2000	20
e4	c50p20m10	33	20	10	2	18	80	cnv_032	chrX	46009804	46109803	deletion	None	clonal	c2,c3	0.2000	20
e4	c50p20m10	33	20	10	2	18	80	cnv_033	chrX	46543011	46643010	inversion	None	clonal	c2,c3	0.2000	20
e4	c50p20m10	33	20	10	2	18	80	cnv_034	chrX	47416632	47516631	inversion	None	clonal	c2,c3	0.2000	20
e4	c50p20m10	33	20	10	2	18	80	cnv_035	chrX	48046028	48146027	inversion	None	clonal	c2,c3	0.2000	20
e4	c50p20m10	33	20	10	2	18	80	cnv_036	chrX	49099756	49199755	inversion	None	clonal	c2,c3	0.2000	20
e4	c50p20m10	33	20	10	2	18	80	cnv_037	chrX	49586904	49686903	deletion	None	clonal	c2,c3	0.2000	20
e4	c50p20m10	33	20	10	2	18	80	cnv_038	chrX	51219613	51319612	deletion	None	c2_private	c2	0.0200	2
e4	c50p20m10	33	20	10	2	18	80	cnv_039	chrX	52282733	52382732	inversion	None	c2_private	c2	0.0200	2
e4	c50p20m10	33	20	10	2	18	80	cnv_040	chrX	52828302	52928301	inversion	None	c2_private	c2	0.0200	2
e4	c50p20m10	33	20	10	2	18	80	cnv_041	chrX	53433174	53533173	inversion	None	c2_private	c2	0.0200	2
e4	c50p20m10	33	20	10	2	18	80	cnv_042	chrX	54303323	54403322	inversion	None	c2_private	c2	0.0200	2
e4	c50p20m10	33	20	10	2	18	80	cnv_043	chrX	54996975	55096974	deletion	None	c2_private	c2	0.0200	2
e4	c50p20m10	33	20	10	2	18	80	cnv_044	chrX	56708059	56808058	deletion	None	c2_private	c2	0.0200	2
e4	c50p20m10	33	20	10	2	18	80	cnv_045	chrX	64768560	64868559	inversion	None	c2_private	c2	0.0200	2
e4	c50p20m10	33	20	10	2	18	80	cnv_046	chrX	66999575	67099574	inversion	None	c2_private	c2	0.0200	2
e4	c50p20m10	33	20	10	2	18	80	cnv_047	chrX	67196579	67296578	deletion	None	c2_private	c2	0.0200	2
e4	c50p20m10	33	20	10	2	18	80	cnv_048	chrX	68245435	68345434	deletion	None	c2_private	c2	0.0200	2
e4	c50p20m10	33	20	10	2	18	80	cnv_049	chrX	69313490	69413489	inversion	None	c2_private	c2	0.0200	2
e4	c50p20m10	33	20	10	2	18	80	cnv_050	chrX	69578797	69678796	deletion	None	c2_private	c2	0.0200	2
e4	c50p20m10	33	20	10	2	18	80	cnv_051	chrX	70072789	70172788	inversion	None	c2_private	c2	0.0200	2
e4	c50p20m10	33	20	10	2	18	80	cnv_052	chrX	70415058	70515057	deletion	None	c2_private	c2	0.0200	2
e4	c50p20m10	33	20	10	2	18	80	cnv_053	chrX	70737488	70837487	inversion	None	c2_private	c2	0.0200	2
e4	c50p20m10	33	20	10	2	18	80	cnv_054	chrX	71158330	71258329	inversion	None	c2_private	c2	0.0200	2
e4	c50p20m10	33	20	10	2	18	80	cnv_055	chrX	74974791	75074790	deletion	None	c2_private	c2	0.0200	2
e4	c50p20m10	33	20	10	2	18	80	cnv_056	chrX	75760354	75860353	deletion	None	c2_private	c2	0.0200	2
e4	c50p20m10	33	20	10	2	18	80	cnv_057	chrX	76493731	76593730	inversion	None	c2_private	c2	0.0200	2
e4	c50p20m10	33	20	10	2	18	80	cnv_058	chrX	77427278	77527277	inversion	None	c2_private	c2	0.0200	2
e4	c50p20m10	33	20	10	2	18	80	cnv_059	chrX	77697373	77797372	deletion	None	c2_private	c2	0.0200	2
e4	c50p20m10	33	20	10	2	18	80	cnv_060	chrX	78286754	78386753	deletion	None	c2_private	c2	0.0200	2
e4	c50p20m10	33	20	10	2	18	80	cnv_061	chrX	81211472	81311471	deletion	None	c2_private	c2	0.0200	2
e4	c50p20m10	33	20	10	2	18	80	cnv_062	chrX	83157545	83257544	inversion	None	c2_private	c2	0.0200	2
e4	c50p20m10	33	20	10	2	18	80	cnv_063	chrX	83434710	83534709	inversion	None	c2_private	c2	0.0200	2
e4	c50p20m10	33	20	10	2	18	80	cnv_064	chrX	87748068	87848067	deletion	None	c2_private	c2	0.0200	2
e4	c50p20m10	33	20	10	2	18	80	cnv_065	chrX	89210691	89310690	deletion	None	c2_private	c2	0.0200	2
e4	c50p20m10	33	20	10	2	18	80	cnv_066	chrX	90723254	90823253	deletion	None	c2_private	c2	0.0200	2
e4	c50p20m10	33	20	10	2	18	80	cnv_067	chrX	92586296	92686295	inversion	None	c2_private	c2	0.0200	2
e4	c50p20m10	33	20	10	2	18	80	cnv_068	chrX	94048223	94148222	deletion	None	c2_private	c2	0.0200	2
e4	c50p20m10	33	20	10	2	18	80	cnv_069	chrX	94591766	94691765	inversion	None	c2_private	c2	0.0200	2
e4	c50p20m10	33	20	10	2	18	80	cnv_070	chrX	95097124	95197123	deletion	None	c2_private	c2	0.0200	2
e4	c50p20m10	33	20	10	2	18	80	cnv_071	chrX	95767788	95867787	inversion	None	c2_private	c2	0.0200	2
e4	c50p20m10	33	20	10	2	18	80	cnv_072	chrX	97056317	97156316	inversion	None	c2_private	c2	0.0200	2
e4	c50p20m10	33	20	10	2	18	80	cnv_073	chrX	97804709	97904708	deletion	None	c2_private	c2	0.0200	2
e4	c50p20m10	33	20	10	2	18	80	cnv_074	chrX	100503375	100603374	inversion	None	c2_private	c2	0.0200	2
e4	c50p20m10	33	20	10	2	18	80	cnv_075	chrX	103025775	103125774	inversion	None	c3_private	c3	0.1800	18
e4	c50p20m10	33	20	10	2	18	80	cnv_076	chrX	104858118	104958117	inversion	None	c3_private	c3	0.1800	18
e4	c50p20m10	33	20	10	2	18	80	cnv_077	chrX	105469655	105569654	inversion	None	c3_private	c3	0.1800	18
e4	c50p20m10	33	20	10	2	18	80	cnv_078	chrX	106587021	106687020	inversion	None	c3_private	c3	0.1800	18
e4	c50p20m10	33	20	10	2	18	80	cnv_079	chrX	109684210	109784209	deletion	None	c3_private	c3	0.1800	18
e4	c50p20m10	33	20	10	2	18	80	cnv_080	chrX	112219541	112319540	deletion	None	c3_private	c3	0.1800	18
e4	c50p20m10	33	20	10	2	18	80	cnv_081	chrX	113223197	113323196	deletion	None	c3_private	c3	0.1800	18
e4	c50p20m10	33	20	10	2	18	80	cnv_082	chrX	113522070	113622069	inversion	None	c3_private	c3	0.1800	18
e4	c50p20m10	33	20	10	2	18	80	cnv_083	chrX	115234491	115334490	deletion	None	c3_private	c3	0.1800	18
e4	c50p20m10	33	20	10	2	18	80	cnv_084	chrX	115497064	115597063	deletion	None	c3_private	c3	0.1800	18
e4	c50p20m10	33	20	10	2	18	80	cnv_085	chrX	118728698	118828697	inversion	None	c3_private	c3	0.1800	18
e4	c50p20m10	33	20	10	2	18	80	cnv_086	chrX	119368691	119468690	deletion	None	c3_private	c3	0.1800	18
e4	c50p20m10	33	20	10	2	18	80	cnv_087	chrX	121040239	121140238	deletion	None	c3_private	c3	0.1800	18
e4	c50p20m10	33	20	10	2	18	80	cnv_088	chrX	121783132	121883131	deletion	None	c3_private	c3	0.1800	18
e4	c50p20m10	33	20	10	2	18	80	cnv_089	chrX	126101979	126201978	deletion	None	c3_private	c3	0.1800	18
e4	c50p20m10	33	20	10	2	18	80	cnv_090	chrX	130412338	130512337	inversion	None	c3_private	c3	0.1800	18
e4	c50p20m10	33	20	10	2	18	80	cnv_091	chrX	130947691	131047690	inversion	None	c3_private	c3	0.1800	18
e4	c50p20m10	33	20	10	2	18	80	cnv_092	chrX	131342494	131442493	inversion	None	c3_private	c3	0.1800	18
e4	c50p20m10	33	20	10	2	18	80	cnv_093	chrX	133615367	133715366	inversion	None	c3_private	c3	0.1800	18
e4	c50p20m10	33	20	10	2	18	80	cnv_094	chrX	133841307	133941306	inversion	None	c3_private	c3	0.1800	18
e4	c50p20m10	33	20	10	2	18	80	cnv_095	chrX	135048129	135148128	deletion	None	c3_private	c3	0.1800	18
e4	c50p20m10	33	20	10	2	18	80	cnv_096	chrX	136315184	136415183	inversion	None	c3_private	c3	0.1800	18
e4	c50p20m10	33	20	10	2	18	80	cnv_097	chrX	137740038	137840037	inversion	None	c3_private	c3	0.1800	18
e4	c50p20m10	33	20	10	2	18	80	cnv_098	chrX	142163532	142263531	deletion	None	c3_private	c3	0.1800	18
e4	c50p20m10	33	20	10	2	18	80	cnv_099	chrX	142326428	142426427	inversion	None	c3_private	c3	0.1800	18
e4	c50p20m10	33	20	10	2	18	80	cnv_100	chrX	142852663	142952662	deletion	None	c3_private	c3	0.1800	18
e4	c50p20m10	33	20	10	2	18	80	cnv_101	chrX	143052907	143152906	inversion	None	c3_private	c3	0.1800	18
e4	c50p20m10	33	20	10	2	18	80	cnv_102	chrX	143211943	143311942	deletion	None	c3_private	c3	0.1800	18
e4	c50p20m10	33	20	10	2	18	80	cnv_103	chrX	143832911	143932910	deletion	None	c3_private	c3	0.1800	18
e4	c50p20m10	33	20	10	2	18	80	cnv_104	chrX	144581680	144681679	inversion	None	c3_private	c3	0.1800	18
e4	c50p20m10	33	20	10	2	18	80	cnv_105	chrX	148152530	148252529	deletion	None	c3_private	c3	0.1800	18
e4	c50p20m10	33	20	10	2	18	80	cnv_106	chrX	149252704	149352703	deletion	None	c3_private	c3	0.1800	18
e4	c50p20m10	33	20	10	2	18	80	cnv_107	chrX	151425507	151525506	deletion	None	c3_private	c3	0.1800	18
e4	c50p20m10	33	20	10	2	18	80	cnv_108	chrX	151986036	152086035	inversion	None	c3_private	c3	0.1800	18
e4	c50p20m10	33	20	10	2	18	80	cnv_109	chrX	153163327	153263326	deletion	None	c3_private	c3	0.1800	18
e4	c50p20m10	33	20	10	2	18	80	cnv_110	chrX	153599472	153699471	deletion	None	c3_private	c3	0.1800	18
e4	c50p20m30	34	20	30	6	14	80	cnv_001	chrX	7534655	7634654	deletion	None	clonal	c2,c3	0.2000	20
e4	c50p20m30	34	20	30	6	14	80	cnv_002	chrX	10392001	10492000	deletion	None	clonal	c2,c3	0.2000	20
e4	c50p20m30	34	20	30	6	14	80	cnv_003	chrX	12113065	12213064	deletion	None	clonal	c2,c3	0.2000	20
e4	c50p20m30	34	20	30	6	14	80	cnv_004	chrX	12451669	12551668	deletion	None	clonal	c2,c3	0.2000	20
e4	c50p20m30	34	20	30	6	14	80	cnv_005	chrX	12622845	12722844	inversion	None	clonal	c2,c3	0.2000	20
e4	c50p20m30	34	20	30	6	14	80	cnv_006	chrX	14368243	14468242	deletion	None	clonal	c2,c3	0.2000	20
e4	c50p20m30	34	20	30	6	14	80	cnv_007	chrX	16255989	16355988	inversion	None	clonal	c2,c3	0.2000	20
e4	c50p20m30	34	20	30	6	14	80	cnv_008	chrX	18791669	18891668	inversion	None	clonal	c2,c3	0.2000	20
e4	c50p20m30	34	20	30	6	14	80	cnv_009	chrX	18938577	19038576	deletion	None	clonal	c2,c3	0.2000	20
e4	c50p20m30	34	20	30	6	14	80	cnv_010	chrX	20575628	20675627	deletion	None	clonal	c2,c3	0.2000	20
e4	c50p20m30	34	20	30	6	14	80	cnv_011	chrX	20779427	20879426	inversion	None	clonal	c2,c3	0.2000	20
e4	c50p20m30	34	20	30	6	14	80	cnv_012	chrX	21300398	21400397	inversion	None	clonal	c2,c3	0.2000	20
e4	c50p20m30	34	20	30	6	14	80	cnv_013	chrX	22604418	22704417	deletion	None	clonal	c2,c3	0.2000	20
e4	c50p20m30	34	20	30	6	14	80	cnv_014	chrX	22716399	22816398	inversion	None	clonal	c2,c3	0.2000	20
e4	c50p20m30	34	20	30	6	14	80	cnv_015	chrX	25126924	25226923	deletion	None	clonal	c2,c3	0.2000	20
e4	c50p20m30	34	20	30	6	14	80	cnv_016	chrX	28852336	28952335	deletion	None	clonal	c2,c3	0.2000	20
e4	c50p20m30	34	20	30	6	14	80	cnv_017	chrX	30410890	30510889	deletion	None	clonal	c2,c3	0.2000	20
e4	c50p20m30	34	20	30	6	14	80	cnv_018	chrX	31928834	32028833	inversion	None	clonal	c2,c3	0.2000	20
e4	c50p20m30	34	20	30	6	14	80	cnv_019	chrX	32290755	32390754	inversion	None	clonal	c2,c3	0.2000	20
e4	c50p20m30	34	20	30	6	14	80	cnv_020	chrX	33445241	33545240	deletion	None	clonal	c2,c3	0.2000	20
e4	c50p20m30	34	20	30	6	14	80	cnv_021	chrX	33730254	33830253	inversion	None	clonal	c2,c3	0.2000	20
e4	c50p20m30	34	20	30	6	14	80	cnv_022	chrX	34594945	34694944	deletion	None	clonal	c2,c3	0.2000	20
e4	c50p20m30	34	20	30	6	14	80	cnv_023	chrX	34846067	34946066	inversion	None	clonal	c2,c3	0.2000	20
e4	c50p20m30	34	20	30	6	14	80	cnv_024	chrX	35101599	35201598	deletion	None	clonal	c2,c3	0.2000	20
e4	c50p20m30	34	20	30	6	14	80	cnv_025	chrX	35756414	35856413	inversion	None	clonal	c2,c3	0.2000	20
e4	c50p20m30	34	20	30	6	14	80	cnv_026	chrX	38780830	38880829	inversion	None	clonal	c2,c3	0.2000	20
e4	c50p20m30	34	20	30	6	14	80	cnv_027	chrX	39218579	39318578	deletion	None	clonal	c2,c3	0.2000	20
e4	c50p20m30	34	20	30	6	14	80	cnv_028	chrX	39964009	40064008	inversion	None	clonal	c2,c3	0.2000	20
e4	c50p20m30	34	20	30	6	14	80	cnv_029	chrX	40190233	40290232	inversion	None	clonal	c2,c3	0.2000	20
e4	c50p20m30	34	20	30	6	14	80	cnv_030	chrX	41964843	42064842	inversion	None	clonal	c2,c3	0.2000	20
e4	c50p20m30	34	20	30	6	14	80	cnv_031	chrX	45865164	45965163	deletion	None	clonal	c2,c3	0.2000	20
e4	c50p20m30	34	20	30	6	14	80	cnv_032	chrX	46009804	46109803	deletion	None	clonal	c2,c3	0.2000	20
e4	c50p20m30	34	20	30	6	14	80	cnv_033	chrX	46543011	46643010	inversion	None	clonal	c2,c3	0.2000	20
e4	c50p20m30	34	20	30	6	14	80	cnv_034	chrX	47416632	47516631	inversion	None	clonal	c2,c3	0.2000	20
e4	c50p20m30	34	20	30	6	14	80	cnv_035	chrX	48046028	48146027	inversion	None	clonal	c2,c3	0.2000	20
e4	c50p20m30	34	20	30	6	14	80	cnv_036	chrX	49099756	49199755	inversion	None	clonal	c2,c3	0.2000	20
e4	c50p20m30	34	20	30	6	14	80	cnv_037	chrX	49586904	49686903	deletion	None	clonal	c2,c3	0.2000	20
e4	c50p20m30	34	20	30	6	14	80	cnv_038	chrX	51219613	51319612	deletion	None	c2_private	c2	0.0600	6
e4	c50p20m30	34	20	30	6	14	80	cnv_039	chrX	52282733	52382732	inversion	None	c2_private	c2	0.0600	6
e4	c50p20m30	34	20	30	6	14	80	cnv_040	chrX	52828302	52928301	inversion	None	c2_private	c2	0.0600	6
e4	c50p20m30	34	20	30	6	14	80	cnv_041	chrX	53433174	53533173	inversion	None	c2_private	c2	0.0600	6
e4	c50p20m30	34	20	30	6	14	80	cnv_042	chrX	54303323	54403322	inversion	None	c2_private	c2	0.0600	6
e4	c50p20m30	34	20	30	6	14	80	cnv_043	chrX	54996975	55096974	deletion	None	c2_private	c2	0.0600	6
e4	c50p20m30	34	20	30	6	14	80	cnv_044	chrX	56708059	56808058	deletion	None	c2_private	c2	0.0600	6
e4	c50p20m30	34	20	30	6	14	80	cnv_045	chrX	64768560	64868559	inversion	None	c2_private	c2	0.0600	6
e4	c50p20m30	34	20	30	6	14	80	cnv_046	chrX	66999575	67099574	inversion	None	c2_private	c2	0.0600	6
e4	c50p20m30	34	20	30	6	14	80	cnv_047	chrX	67196579	67296578	deletion	None	c2_private	c2	0.0600	6
e4	c50p20m30	34	20	30	6	14	80	cnv_048	chrX	68245435	68345434	deletion	None	c2_private	c2	0.0600	6
e4	c50p20m30	34	20	30	6	14	80	cnv_049	chrX	69313490	69413489	inversion	None	c2_private	c2	0.0600	6
e4	c50p20m30	34	20	30	6	14	80	cnv_050	chrX	69578797	69678796	deletion	None	c2_private	c2	0.0600	6
e4	c50p20m30	34	20	30	6	14	80	cnv_051	chrX	70072789	70172788	inversion	None	c2_private	c2	0.0600	6
e4	c50p20m30	34	20	30	6	14	80	cnv_052	chrX	70415058	70515057	deletion	None	c2_private	c2	0.0600	6
e4	c50p20m30	34	20	30	6	14	80	cnv_053	chrX	70737488	70837487	inversion	None	c2_private	c2	0.0600	6
e4	c50p20m30	34	20	30	6	14	80	cnv_054	chrX	71158330	71258329	inversion	None	c2_private	c2	0.0600	6
e4	c50p20m30	34	20	30	6	14	80	cnv_055	chrX	74974791	75074790	deletion	None	c2_private	c2	0.0600	6
e4	c50p20m30	34	20	30	6	14	80	cnv_056	chrX	75760354	75860353	deletion	None	c2_private	c2	0.0600	6
e4	c50p20m30	34	20	30	6	14	80	cnv_057	chrX	76493731	76593730	inversion	None	c2_private	c2	0.0600	6
e4	c50p20m30	34	20	30	6	14	80	cnv_058	chrX	77427278	77527277	inversion	None	c2_private	c2	0.0600	6
e4	c50p20m30	34	20	30	6	14	80	cnv_059	chrX	77697373	77797372	deletion	None	c2_private	c2	0.0600	6
e4	c50p20m30	34	20	30	6	14	80	cnv_060	chrX	78286754	78386753	deletion	None	c2_private	c2	0.0600	6
e4	c50p20m30	34	20	30	6	14	80	cnv_061	chrX	81211472	81311471	deletion	None	c2_private	c2	0.0600	6
e4	c50p20m30	34	20	30	6	14	80	cnv_062	chrX	83157545	83257544	inversion	None	c2_private	c2	0.0600	6
e4	c50p20m30	34	20	30	6	14	80	cnv_063	chrX	83434710	83534709	inversion	None	c2_private	c2	0.0600	6
e4	c50p20m30	34	20	30	6	14	80	cnv_064	chrX	87748068	87848067	deletion	None	c2_private	c2	0.0600	6
e4	c50p20m30	34	20	30	6	14	80	cnv_065	chrX	89210691	89310690	deletion	None	c2_private	c2	0.0600	6
e4	c50p20m30	34	20	30	6	14	80	cnv_066	chrX	90723254	90823253	deletion	None	c2_private	c2	0.0600	6
e4	c50p20m30	34	20	30	6	14	80	cnv_067	chrX	92586296	92686295	inversion	None	c2_private	c2	0.0600	6
e4	c50p20m30	34	20	30	6	14	80	cnv_068	chrX	94048223	94148222	deletion	None	c2_private	c2	0.0600	6
e4	c50p20m30	34	20	30	6	14	80	cnv_069	chrX	94591766	94691765	inversion	None	c2_private	c2	0.0600	6
e4	c50p20m30	34	20	30	6	14	80	cnv_070	chrX	95097124	95197123	deletion	None	c2_private	c2	0.0600	6
e4	c50p20m30	34	20	30	6	14	80	cnv_071	chrX	95767788	95867787	inversion	None	c2_private	c2	0.0600	6
e4	c50p20m30	34	20	30	6	14	80	cnv_072	chrX	97056317	97156316	inversion	None	c2_private	c2	0.0600	6
e4	c50p20m30	34	20	30	6	14	80	cnv_073	chrX	97804709	97904708	deletion	None	c2_private	c2	0.0600	6
e4	c50p20m30	34	20	30	6	14	80	cnv_074	chrX	100503375	100603374	inversion	None	c2_private	c2	0.0600	6
e4	c50p20m30	34	20	30	6	14	80	cnv_075	chrX	103025775	103125774	inversion	None	c3_private	c3	0.1400	14
e4	c50p20m30	34	20	30	6	14	80	cnv_076	chrX	104858118	104958117	inversion	None	c3_private	c3	0.1400	14
e4	c50p20m30	34	20	30	6	14	80	cnv_077	chrX	105469655	105569654	inversion	None	c3_private	c3	0.1400	14
e4	c50p20m30	34	20	30	6	14	80	cnv_078	chrX	106587021	106687020	inversion	None	c3_private	c3	0.1400	14
e4	c50p20m30	34	20	30	6	14	80	cnv_079	chrX	109684210	109784209	deletion	None	c3_private	c3	0.1400	14
e4	c50p20m30	34	20	30	6	14	80	cnv_080	chrX	112219541	112319540	deletion	None	c3_private	c3	0.1400	14
e4	c50p20m30	34	20	30	6	14	80	cnv_081	chrX	113223197	113323196	deletion	None	c3_private	c3	0.1400	14
e4	c50p20m30	34	20	30	6	14	80	cnv_082	chrX	113522070	113622069	inversion	None	c3_private	c3	0.1400	14
e4	c50p20m30	34	20	30	6	14	80	cnv_083	chrX	115234491	115334490	deletion	None	c3_private	c3	0.1400	14
e4	c50p20m30	34	20	30	6	14	80	cnv_084	chrX	115497064	115597063	deletion	None	c3_private	c3	0.1400	14
e4	c50p20m30	34	20	30	6	14	80	cnv_085	chrX	118728698	118828697	inversion	None	c3_private	c3	0.1400	14
e4	c50p20m30	34	20	30	6	14	80	cnv_086	chrX	119368691	119468690	deletion	None	c3_private	c3	0.1400	14
e4	c50p20m30	34	20	30	6	14	80	cnv_087	chrX	121040239	121140238	deletion	None	c3_private	c3	0.1400	14
e4	c50p20m30	34	20	30	6	14	80	cnv_088	chrX	121783132	121883131	deletion	None	c3_private	c3	0.1400	14
e4	c50p20m30	34	20	30	6	14	80	cnv_089	chrX	126101979	126201978	deletion	None	c3_private	c3	0.1400	14
e4	c50p20m30	34	20	30	6	14	80	cnv_090	chrX	130412338	130512337	inversion	None	c3_private	c3	0.1400	14
e4	c50p20m30	34	20	30	6	14	80	cnv_091	chrX	130947691	131047690	inversion	None	c3_private	c3	0.1400	14
e4	c50p20m30	34	20	30	6	14	80	cnv_092	chrX	131342494	131442493	inversion	None	c3_private	c3	0.1400	14
e4	c50p20m30	34	20	30	6	14	80	cnv_093	chrX	133615367	133715366	inversion	None	c3_private	c3	0.1400	14
e4	c50p20m30	34	20	30	6	14	80	cnv_094	chrX	133841307	133941306	inversion	None	c3_private	c3	0.1400	14
e4	c50p20m30	34	20	30	6	14	80	cnv_095	chrX	135048129	135148128	deletion	None	c3_private	c3	0.1400	14
e4	c50p20m30	34	20	30	6	14	80	cnv_096	chrX	136315184	136415183	inversion	None	c3_private	c3	0.1400	14
e4	c50p20m30	34	20	30	6	14	80	cnv_097	chrX	137740038	137840037	inversion	None	c3_private	c3	0.1400	14
e4	c50p20m30	34	20	30	6	14	80	cnv_098	chrX	142163532	142263531	deletion	None	c3_private	c3	0.1400	14
e4	c50p20m30	34	20	30	6	14	80	cnv_099	chrX	142326428	142426427	inversion	None	c3_private	c3	0.1400	14
e4	c50p20m30	34	20	30	6	14	80	cnv_100	chrX	142852663	142952662	deletion	None	c3_private	c3	0.1400	14
e4	c50p20m30	34	20	30	6	14	80	cnv_101	chrX	143052907	143152906	inversion	None	c3_private	c3	0.1400	14
e4	c50p20m30	34	20	30	6	14	80	cnv_102	chrX	143211943	143311942	deletion	None	c3_private	c3	0.1400	14
e4	c50p20m30	34	20	30	6	14	80	cnv_103	chrX	143832911	143932910	deletion	None	c3_private	c3	0.1400	14
e4	c50p20m30	34	20	30	6	14	80	cnv_104	chrX	144581680	144681679	inversion	None	c3_private	c3	0.1400	14
e4	c50p20m30	34	20	30	6	14	80	cnv_105	chrX	148152530	148252529	deletion	None	c3_private	c3	0.1400	14
e4	c50p20m30	34	20	30	6	14	80	cnv_106	chrX	149252704	149352703	deletion	None	c3_private	c3	0.1400	14
e4	c50p20m30	34	20	30	6	14	80	cnv_107	chrX	151425507	151525506	deletion	None	c3_private	c3	0.1400	14
e4	c50p20m30	34	20	30	6	14	80	cnv_108	chrX	151986036	152086035	inversion	None	c3_private	c3	0.1400	14
e4	c50p20m30	34	20	30	6	14	80	cnv_109	chrX	153163327	153263326	deletion	None	c3_private	c3	0.1400	14
e4	c50p20m30	34	20	30	6	14	80	cnv_110	chrX	153599472	153699471	deletion	None	c3_private	c3	0.1400	14
e4	c50p20m50	35	20	50	10	10	80	cnv_001	chrX	7534655	7634654	deletion	None	clonal	c2,c3	0.2000	20
e4	c50p20m50	35	20	50	10	10	80	cnv_002	chrX	10392001	10492000	deletion	None	clonal	c2,c3	0.2000	20
e4	c50p20m50	35	20	50	10	10	80	cnv_003	chrX	12113065	12213064	deletion	None	clonal	c2,c3	0.2000	20
e4	c50p20m50	35	20	50	10	10	80	cnv_004	chrX	12451669	12551668	deletion	None	clonal	c2,c3	0.2000	20
e4	c50p20m50	35	20	50	10	10	80	cnv_005	chrX	12622845	12722844	inversion	None	clonal	c2,c3	0.2000	20
e4	c50p20m50	35	20	50	10	10	80	cnv_006	chrX	14368243	14468242	deletion	None	clonal	c2,c3	0.2000	20
e4	c50p20m50	35	20	50	10	10	80	cnv_007	chrX	16255989	16355988	inversion	None	clonal	c2,c3	0.2000	20
e4	c50p20m50	35	20	50	10	10	80	cnv_008	chrX	18791669	18891668	inversion	None	clonal	c2,c3	0.2000	20
e4	c50p20m50	35	20	50	10	10	80	cnv_009	chrX	18938577	19038576	deletion	None	clonal	c2,c3	0.2000	20
e4	c50p20m50	35	20	50	10	10	80	cnv_010	chrX	20575628	20675627	deletion	None	clonal	c2,c3	0.2000	20
e4	c50p20m50	35	20	50	10	10	80	cnv_011	chrX	20779427	20879426	inversion	None	clonal	c2,c3	0.2000	20
e4	c50p20m50	35	20	50	10	10	80	cnv_012	chrX	21300398	21400397	inversion	None	clonal	c2,c3	0.2000	20
e4	c50p20m50	35	20	50	10	10	80	cnv_013	chrX	22604418	22704417	deletion	None	clonal	c2,c3	0.2000	20
e4	c50p20m50	35	20	50	10	10	80	cnv_014	chrX	22716399	22816398	inversion	None	clonal	c2,c3	0.2000	20
e4	c50p20m50	35	20	50	10	10	80	cnv_015	chrX	25126924	25226923	deletion	None	clonal	c2,c3	0.2000	20
e4	c50p20m50	35	20	50	10	10	80	cnv_016	chrX	28852336	28952335	deletion	None	clonal	c2,c3	0.2000	20
e4	c50p20m50	35	20	50	10	10	80	cnv_017	chrX	30410890	30510889	deletion	None	clonal	c2,c3	0.2000	20
e4	c50p20m50	35	20	50	10	10	80	cnv_018	chrX	31928834	32028833	inversion	None	clonal	c2,c3	0.2000	20
e4	c50p20m50	35	20	50	10	10	80	cnv_019	chrX	32290755	32390754	inversion	None	clonal	c2,c3	0.2000	20
e4	c50p20m50	35	20	50	10	10	80	cnv_020	chrX	33445241	33545240	deletion	None	clonal	c2,c3	0.2000	20
e4	c50p20m50	35	20	50	10	10	80	cnv_021	chrX	33730254	33830253	inversion	None	clonal	c2,c3	0.2000	20
e4	c50p20m50	35	20	50	10	10	80	cnv_022	chrX	34594945	34694944	deletion	None	clonal	c2,c3	0.2000	20
e4	c50p20m50	35	20	50	10	10	80	cnv_023	chrX	34846067	34946066	inversion	None	clonal	c2,c3	0.2000	20
e4	c50p20m50	35	20	50	10	10	80	cnv_024	chrX	35101599	35201598	deletion	None	clonal	c2,c3	0.2000	20
e4	c50p20m50	35	20	50	10	10	80	cnv_025	chrX	35756414	35856413	inversion	None	clonal	c2,c3	0.2000	20
e4	c50p20m50	35	20	50	10	10	80	cnv_026	chrX	38780830	38880829	inversion	None	clonal	c2,c3	0.2000	20
e4	c50p20m50	35	20	50	10	10	80	cnv_027	chrX	39218579	39318578	deletion	None	clonal	c2,c3	0.2000	20
e4	c50p20m50	35	20	50	10	10	80	cnv_028	chrX	39964009	40064008	inversion	None	clonal	c2,c3	0.2000	20
e4	c50p20m50	35	20	50	10	10	80	cnv_029	chrX	40190233	40290232	inversion	None	clonal	c2,c3	0.2000	20
e4	c50p20m50	35	20	50	10	10	80	cnv_030	chrX	41964843	42064842	inversion	None	clonal	c2,c3	0.2000	20
e4	c50p20m50	35	20	50	10	10	80	cnv_031	chrX	45865164	45965163	deletion	None	clonal	c2,c3	0.2000	20
e4	c50p20m50	35	20	50	10	10	80	cnv_032	chrX	46009804	46109803	deletion	None	clonal	c2,c3	0.2000	20
e4	c50p20m50	35	20	50	10	10	80	cnv_033	chrX	46543011	46643010	inversion	None	clonal	c2,c3	0.2000	20
e4	c50p20m50	35	20	50	10	10	80	cnv_034	chrX	47416632	47516631	inversion	None	clonal	c2,c3	0.2000	20
e4	c50p20m50	35	20	50	10	10	80	cnv_035	chrX	48046028	48146027	inversion	None	clonal	c2,c3	0.2000	20
e4	c50p20m50	35	20	50	10	10	80	cnv_036	chrX	49099756	49199755	inversion	None	clonal	c2,c3	0.2000	20
e4	c50p20m50	35	20	50	10	10	80	cnv_037	chrX	49586904	49686903	deletion	None	clonal	c2,c3	0.2000	20
e4	c50p20m50	35	20	50	10	10	80	cnv_038	chrX	51219613	51319612	deletion	None	c2_private	c2	0.1000	10
e4	c50p20m50	35	20	50	10	10	80	cnv_039	chrX	52282733	52382732	inversion	None	c2_private	c2	0.1000	10
e4	c50p20m50	35	20	50	10	10	80	cnv_040	chrX	52828302	52928301	inversion	None	c2_private	c2	0.1000	10
e4	c50p20m50	35	20	50	10	10	80	cnv_041	chrX	53433174	53533173	inversion	None	c2_private	c2	0.1000	10
e4	c50p20m50	35	20	50	10	10	80	cnv_042	chrX	54303323	54403322	inversion	None	c2_private	c2	0.1000	10
e4	c50p20m50	35	20	50	10	10	80	cnv_043	chrX	54996975	55096974	deletion	None	c2_private	c2	0.1000	10
e4	c50p20m50	35	20	50	10	10	80	cnv_044	chrX	56708059	56808058	deletion	None	c2_private	c2	0.1000	10
e4	c50p20m50	35	20	50	10	10	80	cnv_045	chrX	64768560	64868559	inversion	None	c2_private	c2	0.1000	10
e4	c50p20m50	35	20	50	10	10	80	cnv_046	chrX	66999575	67099574	inversion	None	c2_private	c2	0.1000	10
e4	c50p20m50	35	20	50	10	10	80	cnv_047	chrX	67196579	67296578	deletion	None	c2_private	c2	0.1000	10
e4	c50p20m50	35	20	50	10	10	80	cnv_048	chrX	68245435	68345434	deletion	None	c2_private	c2	0.1000	10
e4	c50p20m50	35	20	50	10	10	80	cnv_049	chrX	69313490	69413489	inversion	None	c2_private	c2	0.1000	10
e4	c50p20m50	35	20	50	10	10	80	cnv_050	chrX	69578797	69678796	deletion	None	c2_private	c2	0.1000	10
e4	c50p20m50	35	20	50	10	10	80	cnv_051	chrX	70072789	70172788	inversion	None	c2_private	c2	0.1000	10
e4	c50p20m50	35	20	50	10	10	80	cnv_052	chrX	70415058	70515057	deletion	None	c2_private	c2	0.1000	10
e4	c50p20m50	35	20	50	10	10	80	cnv_053	chrX	70737488	70837487	inversion	None	c2_private	c2	0.1000	10
e4	c50p20m50	35	20	50	10	10	80	cnv_054	chrX	71158330	71258329	inversion	None	c2_private	c2	0.1000	10
e4	c50p20m50	35	20	50	10	10	80	cnv_055	chrX	74974791	75074790	deletion	None	c2_private	c2	0.1000	10
e4	c50p20m50	35	20	50	10	10	80	cnv_056	chrX	75760354	75860353	deletion	None	c2_private	c2	0.1000	10
e4	c50p20m50	35	20	50	10	10	80	cnv_057	chrX	76493731	76593730	inversion	None	c2_private	c2	0.1000	10
e4	c50p20m50	35	20	50	10	10	80	cnv_058	chrX	77427278	77527277	inversion	None	c2_private	c2	0.1000	10
e4	c50p20m50	35	20	50	10	10	80	cnv_059	chrX	77697373	77797372	deletion	None	c2_private	c2	0.1000	10
e4	c50p20m50	35	20	50	10	10	80	cnv_060	chrX	78286754	78386753	deletion	None	c2_private	c2	0.1000	10
e4	c50p20m50	35	20	50	10	10	80	cnv_061	chrX	81211472	81311471	deletion	None	c2_private	c2	0.1000	10
e4	c50p20m50	35	20	50	10	10	80	cnv_062	chrX	83157545	83257544	inversion	None	c2_private	c2	0.1000	10
e4	c50p20m50	35	20	50	10	10	80	cnv_063	chrX	83434710	83534709	inversion	None	c2_private	c2	0.1000	10
e4	c50p20m50	35	20	50	10	10	80	cnv_064	chrX	87748068	87848067	deletion	None	c2_private	c2	0.1000	10
e4	c50p20m50	35	20	50	10	10	80	cnv_065	chrX	89210691	89310690	deletion	None	c2_private	c2	0.1000	10
e4	c50p20m50	35	20	50	10	10	80	cnv_066	chrX	90723254	90823253	deletion	None	c2_private	c2	0.1000	10
e4	c50p20m50	35	20	50	10	10	80	cnv_067	chrX	92586296	92686295	inversion	None	c2_private	c2	0.1000	10
e4	c50p20m50	35	20	50	10	10	80	cnv_068	chrX	94048223	94148222	deletion	None	c2_private	c2	0.1000	10
e4	c50p20m50	35	20	50	10	10	80	cnv_069	chrX	94591766	94691765	inversion	None	c2_private	c2	0.1000	10
e4	c50p20m50	35	20	50	10	10	80	cnv_070	chrX	95097124	95197123	deletion	None	c2_private	c2	0.1000	10
e4	c50p20m50	35	20	50	10	10	80	cnv_071	chrX	95767788	95867787	inversion	None	c2_private	c2	0.1000	10
e4	c50p20m50	35	20	50	10	10	80	cnv_072	chrX	97056317	97156316	inversion	None	c2_private	c2	0.1000	10
e4	c50p20m50	35	20	50	10	10	80	cnv_073	chrX	97804709	97904708	deletion	None	c2_private	c2	0.1000	10
e4	c50p20m50	35	20	50	10	10	80	cnv_074	chrX	100503375	100603374	inversion	None	c2_private	c2	0.1000	10
e4	c50p20m50	35	20	50	10	10	80	cnv_075	chrX	103025775	103125774	inversion	None	c3_private	c3	0.1000	10
e4	c50p20m50	35	20	50	10	10	80	cnv_076	chrX	104858118	104958117	inversion	None	c3_private	c3	0.1000	10
e4	c50p20m50	35	20	50	10	10	80	cnv_077	chrX	105469655	105569654	inversion	None	c3_private	c3	0.1000	10
e4	c50p20m50	35	20	50	10	10	80	cnv_078	chrX	106587021	106687020	inversion	None	c3_private	c3	0.1000	10
e4	c50p20m50	35	20	50	10	10	80	cnv_079	chrX	109684210	109784209	deletion	None	c3_private	c3	0.1000	10
e4	c50p20m50	35	20	50	10	10	80	cnv_080	chrX	112219541	112319540	deletion	None	c3_private	c3	0.1000	10
e4	c50p20m50	35	20	50	10	10	80	cnv_081	chrX	113223197	113323196	deletion	None	c3_private	c3	0.1000	10
e4	c50p20m50	35	20	50	10	10	80	cnv_082	chrX	113522070	113622069	inversion	None	c3_private	c3	0.1000	10
e4	c50p20m50	35	20	50	10	10	80	cnv_083	chrX	115234491	115334490	deletion	None	c3_private	c3	0.1000	10
e4	c50p20m50	35	20	50	10	10	80	cnv_084	chrX	115497064	115597063	deletion	None	c3_private	c3	0.1000	10
e4	c50p20m50	35	20	50	10	10	80	cnv_085	chrX	118728698	118828697	inversion	None	c3_private	c3	0.1000	10
e4	c50p20m50	35	20	50	10	10	80	cnv_086	chrX	119368691	119468690	deletion	None	c3_private	c3	0.1000	10
e4	c50p20m50	35	20	50	10	10	80	cnv_087	chrX	121040239	121140238	deletion	None	c3_private	c3	0.1000	10
e4	c50p20m50	35	20	50	10	10	80	cnv_088	chrX	121783132	121883131	deletion	None	c3_private	c3	0.1000	10
e4	c50p20m50	35	20	50	10	10	80	cnv_089	chrX	126101979	126201978	deletion	None	c3_private	c3	0.1000	10
e4	c50p20m50	35	20	50	10	10	80	cnv_090	chrX	130412338	130512337	inversion	None	c3_private	c3	0.1000	10
e4	c50p20m50	35	20	50	10	10	80	cnv_091	chrX	130947691	131047690	inversion	None	c3_private	c3	0.1000	10
e4	c50p20m50	35	20	50	10	10	80	cnv_092	chrX	131342494	131442493	inversion	None	c3_private	c3	0.1000	10
e4	c50p20m50	35	20	50	10	10	80	cnv_093	chrX	133615367	133715366	inversion	None	c3_private	c3	0.1000	10
e4	c50p20m50	35	20	50	10	10	80	cnv_094	chrX	133841307	133941306	inversion	None	c3_private	c3	0.1000	10
e4	c50p20m50	35	20	50	10	10	80	cnv_095	chrX	135048129	135148128	deletion	None	c3_private	c3	0.1000	10
e4	c50p20m50	35	20	50	10	10	80	cnv_096	chrX	136315184	136415183	inversion	None	c3_private	c3	0.1000	10
e4	c50p20m50	35	20	50	10	10	80	cnv_097	chrX	137740038	137840037	inversion	None	c3_private	c3	0.1000	10
e4	c50p20m50	35	20	50	10	10	80	cnv_098	chrX	142163532	142263531	deletion	None	c3_private	c3	0.1000	10
e4	c50p20m50	35	20	50	10	10	80	cnv_099	chrX	142326428	142426427	inversion	None	c3_private	c3	0.1000	10
e4	c50p20m50	35	20	50	10	10	80	cnv_100	chrX	142852663	142952662	deletion	None	c3_private	c3	0.1000	10
e4	c50p20m50	35	20	50	10	10	80	cnv_101	chrX	143052907	143152906	inversion	None	c3_private	c3	0.1000	10
e4	c50p20m50	35	20	50	10	10	80	cnv_102	chrX	143211943	143311942	deletion	None	c3_private	c3	0.1000	10
e4	c50p20m50	35	20	50	10	10	80	cnv_103	chrX	143832911	143932910	deletion	None	c3_private	c3	0.1000	10
e4	c50p20m50	35	20	50	10	10	80	cnv_104	chrX	144581680	144681679	inversion	None	c3_private	c3	0.1000	10
e4	c50p20m50	35	20	50	10	10	80	cnv_105	chrX	148152530	148252529	deletion	None	c3_private	c3	0.1000	10
e4	c50p20m50	35	20	50	10	10	80	cnv_106	chrX	149252704	149352703	deletion	None	c3_private	c3	0.1000	10
e4	c50p20m50	35	20	50	10	10	80	cnv_107	chrX	151425507	151525506	deletion	None	c3_private	c3	0.1000	10
e4	c50p20m50	35	20	50	10	10	80	cnv_108	chrX	151986036	152086035	inversion	None	c3_private	c3	0.1000	10
e4	c50p20m50	35	20	50	10	10	80	cnv_109	chrX	153163327	153263326	deletion	None	c3_private	c3	0.1000	10
e4	c50p20m50	35	20	50	10	10	80	cnv_110	chrX	153599472	153699471	deletion	None	c3_private	c3	0.1000	10
e4	c50p40m10	36	40	10	4	36	60	cnv_001	chrX	7534655	7634654	deletion	None	clonal	c2,c3	0.4000	40
e4	c50p40m10	36	40	10	4	36	60	cnv_002	chrX	10392001	10492000	deletion	None	clonal	c2,c3	0.4000	40
e4	c50p40m10	36	40	10	4	36	60	cnv_003	chrX	12113065	12213064	deletion	None	clonal	c2,c3	0.4000	40
e4	c50p40m10	36	40	10	4	36	60	cnv_004	chrX	12451669	12551668	deletion	None	clonal	c2,c3	0.4000	40
e4	c50p40m10	36	40	10	4	36	60	cnv_005	chrX	12622845	12722844	inversion	None	clonal	c2,c3	0.4000	40
e4	c50p40m10	36	40	10	4	36	60	cnv_006	chrX	14368243	14468242	deletion	None	clonal	c2,c3	0.4000	40
e4	c50p40m10	36	40	10	4	36	60	cnv_007	chrX	16255989	16355988	inversion	None	clonal	c2,c3	0.4000	40
e4	c50p40m10	36	40	10	4	36	60	cnv_008	chrX	18791669	18891668	inversion	None	clonal	c2,c3	0.4000	40
e4	c50p40m10	36	40	10	4	36	60	cnv_009	chrX	18938577	19038576	deletion	None	clonal	c2,c3	0.4000	40
e4	c50p40m10	36	40	10	4	36	60	cnv_010	chrX	20575628	20675627	deletion	None	clonal	c2,c3	0.4000	40
e4	c50p40m10	36	40	10	4	36	60	cnv_011	chrX	20779427	20879426	inversion	None	clonal	c2,c3	0.4000	40
e4	c50p40m10	36	40	10	4	36	60	cnv_012	chrX	21300398	21400397	inversion	None	clonal	c2,c3	0.4000	40
e4	c50p40m10	36	40	10	4	36	60	cnv_013	chrX	22604418	22704417	deletion	None	clonal	c2,c3	0.4000	40
e4	c50p40m10	36	40	10	4	36	60	cnv_014	chrX	22716399	22816398	inversion	None	clonal	c2,c3	0.4000	40
e4	c50p40m10	36	40	10	4	36	60	cnv_015	chrX	25126924	25226923	deletion	None	clonal	c2,c3	0.4000	40
e4	c50p40m10	36	40	10	4	36	60	cnv_016	chrX	28852336	28952335	deletion	None	clonal	c2,c3	0.4000	40
e4	c50p40m10	36	40	10	4	36	60	cnv_017	chrX	30410890	30510889	deletion	None	clonal	c2,c3	0.4000	40
e4	c50p40m10	36	40	10	4	36	60	cnv_018	chrX	31928834	32028833	inversion	None	clonal	c2,c3	0.4000	40
e4	c50p40m10	36	40	10	4	36	60	cnv_019	chrX	32290755	32390754	inversion	None	clonal	c2,c3	0.4000	40
e4	c50p40m10	36	40	10	4	36	60	cnv_020	chrX	33445241	33545240	deletion	None	clonal	c2,c3	0.4000	40
e4	c50p40m10	36	40	10	4	36	60	cnv_021	chrX	33730254	33830253	inversion	None	clonal	c2,c3	0.4000	40
e4	c50p40m10	36	40	10	4	36	60	cnv_022	chrX	34594945	34694944	deletion	None	clonal	c2,c3	0.4000	40
e4	c50p40m10	36	40	10	4	36	60	cnv_023	chrX	34846067	34946066	inversion	None	clonal	c2,c3	0.4000	40
e4	c50p40m10	36	40	10	4	36	60	cnv_024	chrX	35101599	35201598	deletion	None	clonal	c2,c3	0.4000	40
e4	c50p40m10	36	40	10	4	36	60	cnv_025	chrX	35756414	35856413	inversion	None	clonal	c2,c3	0.4000	40
e4	c50p40m10	36	40	10	4	36	60	cnv_026	chrX	38780830	38880829	inversion	None	clonal	c2,c3	0.4000	40
e4	c50p40m10	36	40	10	4	36	60	cnv_027	chrX	39218579	39318578	deletion	None	clonal	c2,c3	0.4000	40
e4	c50p40m10	36	40	10	4	36	60	cnv_028	chrX	39964009	40064008	inversion	None	clonal	c2,c3	0.4000	40
e4	c50p40m10	36	40	10	4	36	60	cnv_029	chrX	40190233	40290232	inversion	None	clonal	c2,c3	0.4000	40
e4	c50p40m10	36	40	10	4	36	60	cnv_030	chrX	41964843	42064842	inversion	None	clonal	c2,c3	0.4000	40
e4	c50p40m10	36	40	10	4	36	60	cnv_031	chrX	45865164	45965163	deletion	None	clonal	c2,c3	0.4000	40
e4	c50p40m10	36	40	10	4	36	60	cnv_032	chrX	46009804	46109803	deletion	None	clonal	c2,c3	0.4000	40
e4	c50p40m10	36	40	10	4	36	60	cnv_033	chrX	46543011	46643010	inversion	None	clonal	c2,c3	0.4000	40
e4	c50p40m10	36	40	10	4	36	60	cnv_034	chrX	47416632	47516631	inversion	None	clonal	c2,c3	0.4000	40
e4	c50p40m10	36	40	10	4	36	60	cnv_035	chrX	48046028	48146027	inversion	None	clonal	c2,c3	0.4000	40
e4	c50p40m10	36	40	10	4	36	60	cnv_036	chrX	49099756	49199755	inversion	None	clonal	c2,c3	0.4000	40
e4	c50p40m10	36	40	10	4	36	60	cnv_037	chrX	49586904	49686903	deletion	None	clonal	c2,c3	0.4000	40
e4	c50p40m10	36	40	10	4	36	60	cnv_038	chrX	51219613	51319612	deletion	None	c2_private	c2	0.0400	4
e4	c50p40m10	36	40	10	4	36	60	cnv_039	chrX	52282733	52382732	inversion	None	c2_private	c2	0.0400	4
e4	c50p40m10	36	40	10	4	36	60	cnv_040	chrX	52828302	52928301	inversion	None	c2_private	c2	0.0400	4
e4	c50p40m10	36	40	10	4	36	60	cnv_041	chrX	53433174	53533173	inversion	None	c2_private	c2	0.0400	4
e4	c50p40m10	36	40	10	4	36	60	cnv_042	chrX	54303323	54403322	inversion	None	c2_private	c2	0.0400	4
e4	c50p40m10	36	40	10	4	36	60	cnv_043	chrX	54996975	55096974	deletion	None	c2_private	c2	0.0400	4
e4	c50p40m10	36	40	10	4	36	60	cnv_044	chrX	56708059	56808058	deletion	None	c2_private	c2	0.0400	4
e4	c50p40m10	36	40	10	4	36	60	cnv_045	chrX	64768560	64868559	inversion	None	c2_private	c2	0.0400	4
e4	c50p40m10	36	40	10	4	36	60	cnv_046	chrX	66999575	67099574	inversion	None	c2_private	c2	0.0400	4
e4	c50p40m10	36	40	10	4	36	60	cnv_047	chrX	67196579	67296578	deletion	None	c2_private	c2	0.0400	4
e4	c50p40m10	36	40	10	4	36	60	cnv_048	chrX	68245435	68345434	deletion	None	c2_private	c2	0.0400	4
e4	c50p40m10	36	40	10	4	36	60	cnv_049	chrX	69313490	69413489	inversion	None	c2_private	c2	0.0400	4
e4	c50p40m10	36	40	10	4	36	60	cnv_050	chrX	69578797	69678796	deletion	None	c2_private	c2	0.0400	4
e4	c50p40m10	36	40	10	4	36	60	cnv_051	chrX	70072789	70172788	inversion	None	c2_private	c2	0.0400	4
e4	c50p40m10	36	40	10	4	36	60	cnv_052	chrX	70415058	70515057	deletion	None	c2_private	c2	0.0400	4
e4	c50p40m10	36	40	10	4	36	60	cnv_053	chrX	70737488	70837487	inversion	None	c2_private	c2	0.0400	4
e4	c50p40m10	36	40	10	4	36	60	cnv_054	chrX	71158330	71258329	inversion	None	c2_private	c2	0.0400	4
e4	c50p40m10	36	40	10	4	36	60	cnv_055	chrX	74974791	75074790	deletion	None	c2_private	c2	0.0400	4
e4	c50p40m10	36	40	10	4	36	60	cnv_056	chrX	75760354	75860353	deletion	None	c2_private	c2	0.0400	4
e4	c50p40m10	36	40	10	4	36	60	cnv_057	chrX	76493731	76593730	inversion	None	c2_private	c2	0.0400	4
e4	c50p40m10	36	40	10	4	36	60	cnv_058	chrX	77427278	77527277	inversion	None	c2_private	c2	0.0400	4
e4	c50p40m10	36	40	10	4	36	60	cnv_059	chrX	77697373	77797372	deletion	None	c2_private	c2	0.0400	4
e4	c50p40m10	36	40	10	4	36	60	cnv_060	chrX	78286754	78386753	deletion	None	c2_private	c2	0.0400	4
e4	c50p40m10	36	40	10	4	36	60	cnv_061	chrX	81211472	81311471	deletion	None	c2_private	c2	0.0400	4
e4	c50p40m10	36	40	10	4	36	60	cnv_062	chrX	83157545	83257544	inversion	None	c2_private	c2	0.0400	4
e4	c50p40m10	36	40	10	4	36	60	cnv_063	chrX	83434710	83534709	inversion	None	c2_private	c2	0.0400	4
e4	c50p40m10	36	40	10	4	36	60	cnv_064	chrX	87748068	87848067	deletion	None	c2_private	c2	0.0400	4
e4	c50p40m10	36	40	10	4	36	60	cnv_065	chrX	89210691	89310690	deletion	None	c2_private	c2	0.0400	4
e4	c50p40m10	36	40	10	4	36	60	cnv_066	chrX	90723254	90823253	deletion	None	c2_private	c2	0.0400	4
e4	c50p40m10	36	40	10	4	36	60	cnv_067	chrX	92586296	92686295	inversion	None	c2_private	c2	0.0400	4
e4	c50p40m10	36	40	10	4	36	60	cnv_068	chrX	94048223	94148222	deletion	None	c2_private	c2	0.0400	4
e4	c50p40m10	36	40	10	4	36	60	cnv_069	chrX	94591766	94691765	inversion	None	c2_private	c2	0.0400	4
e4	c50p40m10	36	40	10	4	36	60	cnv_070	chrX	95097124	95197123	deletion	None	c2_private	c2	0.0400	4
e4	c50p40m10	36	40	10	4	36	60	cnv_071	chrX	95767788	95867787	inversion	None	c2_private	c2	0.0400	4
e4	c50p40m10	36	40	10	4	36	60	cnv_072	chrX	97056317	97156316	inversion	None	c2_private	c2	0.0400	4
e4	c50p40m10	36	40	10	4	36	60	cnv_073	chrX	97804709	97904708	deletion	None	c2_private	c2	0.0400	4
e4	c50p40m10	36	40	10	4	36	60	cnv_074	chrX	100503375	100603374	inversion	None	c2_private	c2	0.0400	4
e4	c50p40m10	36	40	10	4	36	60	cnv_075	chrX	103025775	103125774	inversion	None	c3_private	c3	0.3600	36
e4	c50p40m10	36	40	10	4	36	60	cnv_076	chrX	104858118	104958117	inversion	None	c3_private	c3	0.3600	36
e4	c50p40m10	36	40	10	4	36	60	cnv_077	chrX	105469655	105569654	inversion	None	c3_private	c3	0.3600	36
e4	c50p40m10	36	40	10	4	36	60	cnv_078	chrX	106587021	106687020	inversion	None	c3_private	c3	0.3600	36
e4	c50p40m10	36	40	10	4	36	60	cnv_079	chrX	109684210	109784209	deletion	None	c3_private	c3	0.3600	36
e4	c50p40m10	36	40	10	4	36	60	cnv_080	chrX	112219541	112319540	deletion	None	c3_private	c3	0.3600	36
e4	c50p40m10	36	40	10	4	36	60	cnv_081	chrX	113223197	113323196	deletion	None	c3_private	c3	0.3600	36
e4	c50p40m10	36	40	10	4	36	60	cnv_082	chrX	113522070	113622069	inversion	None	c3_private	c3	0.3600	36
e4	c50p40m10	36	40	10	4	36	60	cnv_083	chrX	115234491	115334490	deletion	None	c3_private	c3	0.3600	36
e4	c50p40m10	36	40	10	4	36	60	cnv_084	chrX	115497064	115597063	deletion	None	c3_private	c3	0.3600	36
e4	c50p40m10	36	40	10	4	36	60	cnv_085	chrX	118728698	118828697	inversion	None	c3_private	c3	0.3600	36
e4	c50p40m10	36	40	10	4	36	60	cnv_086	chrX	119368691	119468690	deletion	None	c3_private	c3	0.3600	36
e4	c50p40m10	36	40	10	4	36	60	cnv_087	chrX	121040239	121140238	deletion	None	c3_private	c3	0.3600	36
e4	c50p40m10	36	40	10	4	36	60	cnv_088	chrX	121783132	121883131	deletion	None	c3_private	c3	0.3600	36
e4	c50p40m10	36	40	10	4	36	60	cnv_089	chrX	126101979	126201978	deletion	None	c3_private	c3	0.3600	36
e4	c50p40m10	36	40	10	4	36	60	cnv_090	chrX	130412338	130512337	inversion	None	c3_private	c3	0.3600	36
e4	c50p40m10	36	40	10	4	36	60	cnv_091	chrX	130947691	131047690	inversion	None	c3_private	c3	0.3600	36
e4	c50p40m10	36	40	10	4	36	60	cnv_092	chrX	131342494	131442493	inversion	None	c3_private	c3	0.3600	36
e4	c50p40m10	36	40	10	4	36	60	cnv_093	chrX	133615367	133715366	inversion	None	c3_private	c3	0.3600	36
e4	c50p40m10	36	40	10	4	36	60	cnv_094	chrX	133841307	133941306	inversion	None	c3_private	c3	0.3600	36
e4	c50p40m10	36	40	10	4	36	60	cnv_095	chrX	135048129	135148128	deletion	None	c3_private	c3	0.3600	36
e4	c50p40m10	36	40	10	4	36	60	cnv_096	chrX	136315184	136415183	inversion	None	c3_private	c3	0.3600	36
e4	c50p40m10	36	40	10	4	36	60	cnv_097	chrX	137740038	137840037	inversion	None	c3_private	c3	0.3600	36
e4	c50p40m10	36	40	10	4	36	60	cnv_098	chrX	142163532	142263531	deletion	None	c3_private	c3	0.3600	36
e4	c50p40m10	36	40	10	4	36	60	cnv_099	chrX	142326428	142426427	inversion	None	c3_private	c3	0.3600	36
e4	c50p40m10	36	40	10	4	36	60	cnv_100	chrX	142852663	142952662	deletion	None	c3_private	c3	0.3600	36
e4	c50p40m10	36	40	10	4	36	60	cnv_101	chrX	143052907	143152906	inversion	None	c3_private	c3	0.3600	36
e4	c50p40m10	36	40	10	4	36	60	cnv_102	chrX	143211943	143311942	deletion	None	c3_private	c3	0.3600	36
e4	c50p40m10	36	40	10	4	36	60	cnv_103	chrX	143832911	143932910	deletion	None	c3_private	c3	0.3600	36
e4	c50p40m10	36	40	10	4	36	60	cnv_104	chrX	144581680	144681679	inversion	None	c3_private	c3	0.3600	36
e4	c50p40m10	36	40	10	4	36	60	cnv_105	chrX	148152530	148252529	deletion	None	c3_private	c3	0.3600	36
e4	c50p40m10	36	40	10	4	36	60	cnv_106	chrX	149252704	149352703	deletion	None	c3_private	c3	0.3600	36
e4	c50p40m10	36	40	10	4	36	60	cnv_107	chrX	151425507	151525506	deletion	None	c3_private	c3	0.3600	36
e4	c50p40m10	36	40	10	4	36	60	cnv_108	chrX	151986036	152086035	inversion	None	c3_private	c3	0.3600	36
e4	c50p40m10	36	40	10	4	36	60	cnv_109	chrX	153163327	153263326	deletion	None	c3_private	c3	0.3600	36
e4	c50p40m10	36	40	10	4	36	60	cnv_110	chrX	153599472	153699471	deletion	None	c3_private	c3	0.3600	36
e4	c50p40m30	37	40	30	12	28	60	cnv_001	chrX	7534655	7634654	deletion	None	clonal	c2,c3	0.4000	40
e4	c50p40m30	37	40	30	12	28	60	cnv_002	chrX	10392001	10492000	deletion	None	clonal	c2,c3	0.4000	40
e4	c50p40m30	37	40	30	12	28	60	cnv_003	chrX	12113065	12213064	deletion	None	clonal	c2,c3	0.4000	40
e4	c50p40m30	37	40	30	12	28	60	cnv_004	chrX	12451669	12551668	deletion	None	clonal	c2,c3	0.4000	40
e4	c50p40m30	37	40	30	12	28	60	cnv_005	chrX	12622845	12722844	inversion	None	clonal	c2,c3	0.4000	40
e4	c50p40m30	37	40	30	12	28	60	cnv_006	chrX	14368243	14468242	deletion	None	clonal	c2,c3	0.4000	40
e4	c50p40m30	37	40	30	12	28	60	cnv_007	chrX	16255989	16355988	inversion	None	clonal	c2,c3	0.4000	40
e4	c50p40m30	37	40	30	12	28	60	cnv_008	chrX	18791669	18891668	inversion	None	clonal	c2,c3	0.4000	40
e4	c50p40m30	37	40	30	12	28	60	cnv_009	chrX	18938577	19038576	deletion	None	clonal	c2,c3	0.4000	40
e4	c50p40m30	37	40	30	12	28	60	cnv_010	chrX	20575628	20675627	deletion	None	clonal	c2,c3	0.4000	40
e4	c50p40m30	37	40	30	12	28	60	cnv_011	chrX	20779427	20879426	inversion	None	clonal	c2,c3	0.4000	40
e4	c50p40m30	37	40	30	12	28	60	cnv_012	chrX	21300398	21400397	inversion	None	clonal	c2,c3	0.4000	40
e4	c50p40m30	37	40	30	12	28	60	cnv_013	chrX	22604418	22704417	deletion	None	clonal	c2,c3	0.4000	40
e4	c50p40m30	37	40	30	12	28	60	cnv_014	chrX	22716399	22816398	inversion	None	clonal	c2,c3	0.4000	40
e4	c50p40m30	37	40	30	12	28	60	cnv_015	chrX	25126924	25226923	deletion	None	clonal	c2,c3	0.4000	40
e4	c50p40m30	37	40	30	12	28	60	cnv_016	chrX	28852336	28952335	deletion	None	clonal	c2,c3	0.4000	40
e4	c50p40m30	37	40	30	12	28	60	cnv_017	chrX	30410890	30510889	deletion	None	clonal	c2,c3	0.4000	40
e4	c50p40m30	37	40	30	12	28	60	cnv_018	chrX	31928834	32028833	inversion	None	clonal	c2,c3	0.4000	40
e4	c50p40m30	37	40	30	12	28	60	cnv_019	chrX	32290755	32390754	inversion	None	clonal	c2,c3	0.4000	40
e4	c50p40m30	37	40	30	12	28	60	cnv_020	chrX	33445241	33545240	deletion	None	clonal	c2,c3	0.4000	40
e4	c50p40m30	37	40	30	12	28	60	cnv_021	chrX	33730254	33830253	inversion	None	clonal	c2,c3	0.4000	40
e4	c50p40m30	37	40	30	12	28	60	cnv_022	chrX	34594945	34694944	deletion	None	clonal	c2,c3	0.4000	40
e4	c50p40m30	37	40	30	12	28	60	cnv_023	chrX	34846067	34946066	inversion	None	clonal	c2,c3	0.4000	40
e4	c50p40m30	37	40	30	12	28	60	cnv_024	chrX	35101599	35201598	deletion	None	clonal	c2,c3	0.4000	40
e4	c50p40m30	37	40	30	12	28	60	cnv_025	chrX	35756414	35856413	inversion	None	clonal	c2,c3	0.4000	40
e4	c50p40m30	37	40	30	12	28	60	cnv_026	chrX	38780830	38880829	inversion	None	clonal	c2,c3	0.4000	40
e4	c50p40m30	37	40	30	12	28	60	cnv_027	chrX	39218579	39318578	deletion	None	clonal	c2,c3	0.4000	40
e4	c50p40m30	37	40	30	12	28	60	cnv_028	chrX	39964009	40064008	inversion	None	clonal	c2,c3	0.4000	40
e4	c50p40m30	37	40	30	12	28	60	cnv_029	chrX	40190233	40290232	inversion	None	clonal	c2,c3	0.4000	40
e4	c50p40m30	37	40	30	12	28	60	cnv_030	chrX	41964843	42064842	inversion	None	clonal	c2,c3	0.4000	40
e4	c50p40m30	37	40	30	12	28	60	cnv_031	chrX	45865164	45965163	deletion	None	clonal	c2,c3	0.4000	40
e4	c50p40m30	37	40	30	12	28	60	cnv_032	chrX	46009804	46109803	deletion	None	clonal	c2,c3	0.4000	40
e4	c50p40m30	37	40	30	12	28	60	cnv_033	chrX	46543011	46643010	inversion	None	clonal	c2,c3	0.4000	40
e4	c50p40m30	37	40	30	12	28	60	cnv_034	chrX	47416632	47516631	inversion	None	clonal	c2,c3	0.4000	40
e4	c50p40m30	37	40	30	12	28	60	cnv_035	chrX	48046028	48146027	inversion	None	clonal	c2,c3	0.4000	40
e4	c50p40m30	37	40	30	12	28	60	cnv_036	chrX	49099756	49199755	inversion	None	clonal	c2,c3	0.4000	40
e4	c50p40m30	37	40	30	12	28	60	cnv_037	chrX	49586904	49686903	deletion	None	clonal	c2,c3	0.4000	40
e4	c50p40m30	37	40	30	12	28	60	cnv_038	chrX	51219613	51319612	deletion	None	c2_private	c2	0.1200	12
e4	c50p40m30	37	40	30	12	28	60	cnv_039	chrX	52282733	52382732	inversion	None	c2_private	c2	0.1200	12
e4	c50p40m30	37	40	30	12	28	60	cnv_040	chrX	52828302	52928301	inversion	None	c2_private	c2	0.1200	12
e4	c50p40m30	37	40	30	12	28	60	cnv_041	chrX	53433174	53533173	inversion	None	c2_private	c2	0.1200	12
e4	c50p40m30	37	40	30	12	28	60	cnv_042	chrX	54303323	54403322	inversion	None	c2_private	c2	0.1200	12
e4	c50p40m30	37	40	30	12	28	60	cnv_043	chrX	54996975	55096974	deletion	None	c2_private	c2	0.1200	12
e4	c50p40m30	37	40	30	12	28	60	cnv_044	chrX	56708059	56808058	deletion	None	c2_private	c2	0.1200	12
e4	c50p40m30	37	40	30	12	28	60	cnv_045	chrX	64768560	64868559	inversion	None	c2_private	c2	0.1200	12
e4	c50p40m30	37	40	30	12	28	60	cnv_046	chrX	66999575	67099574	inversion	None	c2_private	c2	0.1200	12
e4	c50p40m30	37	40	30	12	28	60	cnv_047	chrX	67196579	67296578	deletion	None	c2_private	c2	0.1200	12
e4	c50p40m30	37	40	30	12	28	60	cnv_048	chrX	68245435	68345434	deletion	None	c2_private	c2	0.1200	12
e4	c50p40m30	37	40	30	12	28	60	cnv_049	chrX	69313490	69413489	inversion	None	c2_private	c2	0.1200	12
e4	c50p40m30	37	40	30	12	28	60	cnv_050	chrX	69578797	69678796	deletion	None	c2_private	c2	0.1200	12
e4	c50p40m30	37	40	30	12	28	60	cnv_051	chrX	70072789	70172788	inversion	None	c2_private	c2	0.1200	12
e4	c50p40m30	37	40	30	12	28	60	cnv_052	chrX	70415058	70515057	deletion	None	c2_private	c2	0.1200	12
e4	c50p40m30	37	40	30	12	28	60	cnv_053	chrX	70737488	70837487	inversion	None	c2_private	c2	0.1200	12
e4	c50p40m30	37	40	30	12	28	60	cnv_054	chrX	71158330	71258329	inversion	None	c2_private	c2	0.1200	12
e4	c50p40m30	37	40	30	12	28	60	cnv_055	chrX	74974791	75074790	deletion	None	c2_private	c2	0.1200	12
e4	c50p40m30	37	40	30	12	28	60	cnv_056	chrX	75760354	75860353	deletion	None	c2_private	c2	0.1200	12
e4	c50p40m30	37	40	30	12	28	60	cnv_057	chrX	76493731	76593730	inversion	None	c2_private	c2	0.1200	12
e4	c50p40m30	37	40	30	12	28	60	cnv_058	chrX	77427278	77527277	inversion	None	c2_private	c2	0.1200	12
e4	c50p40m30	37	40	30	12	28	60	cnv_059	chrX	77697373	77797372	deletion	None	c2_private	c2	0.1200	12
e4	c50p40m30	37	40	30	12	28	60	cnv_060	chrX	78286754	78386753	deletion	None	c2_private	c2	0.1200	12
e4	c50p40m30	37	40	30	12	28	60	cnv_061	chrX	81211472	81311471	deletion	None	c2_private	c2	0.1200	12
e4	c50p40m30	37	40	30	12	28	60	cnv_062	chrX	83157545	83257544	inversion	None	c2_private	c2	0.1200	12
e4	c50p40m30	37	40	30	12	28	60	cnv_063	chrX	83434710	83534709	inversion	None	c2_private	c2	0.1200	12
e4	c50p40m30	37	40	30	12	28	60	cnv_064	chrX	87748068	87848067	deletion	None	c2_private	c2	0.1200	12
e4	c50p40m30	37	40	30	12	28	60	cnv_065	chrX	89210691	89310690	deletion	None	c2_private	c2	0.1200	12
e4	c50p40m30	37	40	30	12	28	60	cnv_066	chrX	90723254	90823253	deletion	None	c2_private	c2	0.1200	12
e4	c50p40m30	37	40	30	12	28	60	cnv_067	chrX	92586296	92686295	inversion	None	c2_private	c2	0.1200	12
e4	c50p40m30	37	40	30	12	28	60	cnv_068	chrX	94048223	94148222	deletion	None	c2_private	c2	0.1200	12
e4	c50p40m30	37	40	30	12	28	60	cnv_069	chrX	94591766	94691765	inversion	None	c2_private	c2	0.1200	12
e4	c50p40m30	37	40	30	12	28	60	cnv_070	chrX	95097124	95197123	deletion	None	c2_private	c2	0.1200	12
e4	c50p40m30	37	40	30	12	28	60	cnv_071	chrX	95767788	95867787	inversion	None	c2_private	c2	0.1200	12
e4	c50p40m30	37	40	30	12	28	60	cnv_072	chrX	97056317	97156316	inversion	None	c2_private	c2	0.1200	12
e4	c50p40m30	37	40	30	12	28	60	cnv_073	chrX	97804709	97904708	deletion	None	c2_private	c2	0.1200	12
e4	c50p40m30	37	40	30	12	28	60	cnv_074	chrX	100503375	100603374	inversion	None	c2_private	c2	0.1200	12
e4	c50p40m30	37	40	30	12	28	60	cnv_075	chrX	103025775	103125774	inversion	None	c3_private	c3	0.2800	28
e4	c50p40m30	37	40	30	12	28	60	cnv_076	chrX	104858118	104958117	inversion	None	c3_private	c3	0.2800	28
e4	c50p40m30	37	40	30	12	28	60	cnv_077	chrX	105469655	105569654	inversion	None	c3_private	c3	0.2800	28
e4	c50p40m30	37	40	30	12	28	60	cnv_078	chrX	106587021	106687020	inversion	None	c3_private	c3	0.2800	28
e4	c50p40m30	37	40	30	12	28	60	cnv_079	chrX	109684210	109784209	deletion	None	c3_private	c3	0.2800	28
e4	c50p40m30	37	40	30	12	28	60	cnv_080	chrX	112219541	112319540	deletion	None	c3_private	c3	0.2800	28
e4	c50p40m30	37	40	30	12	28	60	cnv_081	chrX	113223197	113323196	deletion	None	c3_private	c3	0.2800	28
e4	c50p40m30	37	40	30	12	28	60	cnv_082	chrX	113522070	113622069	inversion	None	c3_private	c3	0.2800	28
e4	c50p40m30	37	40	30	12	28	60	cnv_083	chrX	115234491	115334490	deletion	None	c3_private	c3	0.2800	28
e4	c50p40m30	37	40	30	12	28	60	cnv_084	chrX	115497064	115597063	deletion	None	c3_private	c3	0.2800	28
e4	c50p40m30	37	40	30	12	28	60	cnv_085	chrX	118728698	118828697	inversion	None	c3_private	c3	0.2800	28
e4	c50p40m30	37	40	30	12	28	60	cnv_086	chrX	119368691	119468690	deletion	None	c3_private	c3	0.2800	28
e4	c50p40m30	37	40	30	12	28	60	cnv_087	chrX	121040239	121140238	deletion	None	c3_private	c3	0.2800	28
e4	c50p40m30	37	40	30	12	28	60	cnv_088	chrX	121783132	121883131	deletion	None	c3_private	c3	0.2800	28
e4	c50p40m30	37	40	30	12	28	60	cnv_089	chrX	126101979	126201978	deletion	None	c3_private	c3	0.2800	28
e4	c50p40m30	37	40	30	12	28	60	cnv_090	chrX	130412338	130512337	inversion	None	c3_private	c3	0.2800	28
e4	c50p40m30	37	40	30	12	28	60	cnv_091	chrX	130947691	131047690	inversion	None	c3_private	c3	0.2800	28
e4	c50p40m30	37	40	30	12	28	60	cnv_092	chrX	131342494	131442493	inversion	None	c3_private	c3	0.2800	28
e4	c50p40m30	37	40	30	12	28	60	cnv_093	chrX	133615367	133715366	inversion	None	c3_private	c3	0.2800	28
e4	c50p40m30	37	40	30	12	28	60	cnv_094	chrX	133841307	133941306	inversion	None	c3_private	c3	0.2800	28
e4	c50p40m30	37	40	30	12	28	60	cnv_095	chrX	135048129	135148128	deletion	None	c3_private	c3	0.2800	28
e4	c50p40m30	37	40	30	12	28	60	cnv_096	chrX	136315184	136415183	inversion	None	c3_private	c3	0.2800	28
e4	c50p40m30	37	40	30	12	28	60	cnv_097	chrX	137740038	137840037	inversion	None	c3_private	c3	0.2800	28
e4	c50p40m30	37	40	30	12	28	60	cnv_098	chrX	142163532	142263531	deletion	None	c3_private	c3	0.2800	28
e4	c50p40m30	37	40	30	12	28	60	cnv_099	chrX	142326428	142426427	inversion	None	c3_private	c3	0.2800	28
e4	c50p40m30	37	40	30	12	28	60	cnv_100	chrX	142852663	142952662	deletion	None	c3_private	c3	0.2800	28
e4	c50p40m30	37	40	30	12	28	60	cnv_101	chrX	143052907	143152906	inversion	None	c3_private	c3	0.2800	28
e4	c50p40m30	37	40	30	12	28	60	cnv_102	chrX	143211943	143311942	deletion	None	c3_private	c3	0.2800	28
e4	c50p40m30	37	40	30	12	28	60	cnv_103	chrX	143832911	143932910	deletion	None	c3_private	c3	0.2800	28
e4	c50p40m30	37	40	30	12	28	60	cnv_104	chrX	144581680	144681679	inversion	None	c3_private	c3	0.2800	28
e4	c50p40m30	37	40	30	12	28	60	cnv_105	chrX	148152530	148252529	deletion	None	c3_private	c3	0.2800	28
e4	c50p40m30	37	40	30	12	28	60	cnv_106	chrX	149252704	149352703	deletion	None	c3_private	c3	0.2800	28
e4	c50p40m30	37	40	30	12	28	60	cnv_107	chrX	151425507	151525506	deletion	None	c3_private	c3	0.2800	28
e4	c50p40m30	37	40	30	12	28	60	cnv_108	chrX	151986036	152086035	inversion	None	c3_private	c3	0.2800	28
e4	c50p40m30	37	40	30	12	28	60	cnv_109	chrX	153163327	153263326	deletion	None	c3_private	c3	0.2800	28
e4	c50p40m30	37	40	30	12	28	60	cnv_110	chrX	153599472	153699471	deletion	None	c3_private	c3	0.2800	28
e4	c50p40m50	38	40	50	20	20	60	cnv_001	chrX	7534655	7634654	deletion	None	clonal	c2,c3	0.4000	40
e4	c50p40m50	38	40	50	20	20	60	cnv_002	chrX	10392001	10492000	deletion	None	clonal	c2,c3	0.4000	40
e4	c50p40m50	38	40	50	20	20	60	cnv_003	chrX	12113065	12213064	deletion	None	clonal	c2,c3	0.4000	40
e4	c50p40m50	38	40	50	20	20	60	cnv_004	chrX	12451669	12551668	deletion	None	clonal	c2,c3	0.4000	40
e4	c50p40m50	38	40	50	20	20	60	cnv_005	chrX	12622845	12722844	inversion	None	clonal	c2,c3	0.4000	40
e4	c50p40m50	38	40	50	20	20	60	cnv_006	chrX	14368243	14468242	deletion	None	clonal	c2,c3	0.4000	40
e4	c50p40m50	38	40	50	20	20	60	cnv_007	chrX	16255989	16355988	inversion	None	clonal	c2,c3	0.4000	40
e4	c50p40m50	38	40	50	20	20	60	cnv_008	chrX	18791669	18891668	inversion	None	clonal	c2,c3	0.4000	40
e4	c50p40m50	38	40	50	20	20	60	cnv_009	chrX	18938577	19038576	deletion	None	clonal	c2,c3	0.4000	40
e4	c50p40m50	38	40	50	20	20	60	cnv_010	chrX	20575628	20675627	deletion	None	clonal	c2,c3	0.4000	40
e4	c50p40m50	38	40	50	20	20	60	cnv_011	chrX	20779427	20879426	inversion	None	clonal	c2,c3	0.4000	40
e4	c50p40m50	38	40	50	20	20	60	cnv_012	chrX	21300398	21400397	inversion	None	clonal	c2,c3	0.4000	40
e4	c50p40m50	38	40	50	20	20	60	cnv_013	chrX	22604418	22704417	deletion	None	clonal	c2,c3	0.4000	40
e4	c50p40m50	38	40	50	20	20	60	cnv_014	chrX	22716399	22816398	inversion	None	clonal	c2,c3	0.4000	40
e4	c50p40m50	38	40	50	20	20	60	cnv_015	chrX	25126924	25226923	deletion	None	clonal	c2,c3	0.4000	40
e4	c50p40m50	38	40	50	20	20	60	cnv_016	chrX	28852336	28952335	deletion	None	clonal	c2,c3	0.4000	40
e4	c50p40m50	38	40	50	20	20	60	cnv_017	chrX	30410890	30510889	deletion	None	clonal	c2,c3	0.4000	40
e4	c50p40m50	38	40	50	20	20	60	cnv_018	chrX	31928834	32028833	inversion	None	clonal	c2,c3	0.4000	40
e4	c50p40m50	38	40	50	20	20	60	cnv_019	chrX	32290755	32390754	inversion	None	clonal	c2,c3	0.4000	40
e4	c50p40m50	38	40	50	20	20	60	cnv_020	chrX	33445241	33545240	deletion	None	clonal	c2,c3	0.4000	40
e4	c50p40m50	38	40	50	20	20	60	cnv_021	chrX	33730254	33830253	inversion	None	clonal	c2,c3	0.4000	40
e4	c50p40m50	38	40	50	20	20	60	cnv_022	chrX	34594945	34694944	deletion	None	clonal	c2,c3	0.4000	40
e4	c50p40m50	38	40	50	20	20	60	cnv_023	chrX	34846067	34946066	inversion	None	clonal	c2,c3	0.4000	40
e4	c50p40m50	38	40	50	20	20	60	cnv_024	chrX	35101599	35201598	deletion	None	clonal	c2,c3	0.4000	40
e4	c50p40m50	38	40	50	20	20	60	cnv_025	chrX	35756414	35856413	inversion	None	clonal	c2,c3	0.4000	40
e4	c50p40m50	38	40	50	20	20	60	cnv_026	chrX	38780830	38880829	inversion	None	clonal	c2,c3	0.4000	40
e4	c50p40m50	38	40	50	20	20	60	cnv_027	chrX	39218579	39318578	deletion	None	clonal	c2,c3	0.4000	40
e4	c50p40m50	38	40	50	20	20	60	cnv_028	chrX	39964009	40064008	inversion	None	clonal	c2,c3	0.4000	40
e4	c50p40m50	38	40	50	20	20	60	cnv_029	chrX	40190233	40290232	inversion	None	clonal	c2,c3	0.4000	40
e4	c50p40m50	38	40	50	20	20	60	cnv_030	chrX	41964843	42064842	inversion	None	clonal	c2,c3	0.4000	40
e4	c50p40m50	38	40	50	20	20	60	cnv_031	chrX	45865164	45965163	deletion	None	clonal	c2,c3	0.4000	40
e4	c50p40m50	38	40	50	20	20	60	cnv_032	chrX	46009804	46109803	deletion	None	clonal	c2,c3	0.4000	40
e4	c50p40m50	38	40	50	20	20	60	cnv_033	chrX	46543011	46643010	inversion	None	clonal	c2,c3	0.4000	40
e4	c50p40m50	38	40	50	20	20	60	cnv_034	chrX	47416632	47516631	inversion	None	clonal	c2,c3	0.4000	40
e4	c50p40m50	38	40	50	20	20	60	cnv_035	chrX	48046028	48146027	inversion	None	clonal	c2,c3	0.4000	40
e4	c50p40m50	38	40	50	20	20	60	cnv_036	chrX	49099756	49199755	inversion	None	clonal	c2,c3	0.4000	40
e4	c50p40m50	38	40	50	20	20	60	cnv_037	chrX	49586904	49686903	deletion	None	clonal	c2,c3	0.4000	40
e4	c50p40m50	38	40	50	20	20	60	cnv_038	chrX	51219613	51319612	deletion	None	c2_private	c2	0.2000	20
e4	c50p40m50	38	40	50	20	20	60	cnv_039	chrX	52282733	52382732	inversion	None	c2_private	c2	0.2000	20
e4	c50p40m50	38	40	50	20	20	60	cnv_040	chrX	52828302	52928301	inversion	None	c2_private	c2	0.2000	20
e4	c50p40m50	38	40	50	20	20	60	cnv_041	chrX	53433174	53533173	inversion	None	c2_private	c2	0.2000	20
e4	c50p40m50	38	40	50	20	20	60	cnv_042	chrX	54303323	54403322	inversion	None	c2_private	c2	0.2000	20
e4	c50p40m50	38	40	50	20	20	60	cnv_043	chrX	54996975	55096974	deletion	None	c2_private	c2	0.2000	20
e4	c50p40m50	38	40	50	20	20	60	cnv_044	chrX	56708059	56808058	deletion	None	c2_private	c2	0.2000	20
e4	c50p40m50	38	40	50	20	20	60	cnv_045	chrX	64768560	64868559	inversion	None	c2_private	c2	0.2000	20
e4	c50p40m50	38	40	50	20	20	60	cnv_046	chrX	66999575	67099574	inversion	None	c2_private	c2	0.2000	20
e4	c50p40m50	38	40	50	20	20	60	cnv_047	chrX	67196579	67296578	deletion	None	c2_private	c2	0.2000	20
e4	c50p40m50	38	40	50	20	20	60	cnv_048	chrX	68245435	68345434	deletion	None	c2_private	c2	0.2000	20
e4	c50p40m50	38	40	50	20	20	60	cnv_049	chrX	69313490	69413489	inversion	None	c2_private	c2	0.2000	20
e4	c50p40m50	38	40	50	20	20	60	cnv_050	chrX	69578797	69678796	deletion	None	c2_private	c2	0.2000	20
e4	c50p40m50	38	40	50	20	20	60	cnv_051	chrX	70072789	70172788	inversion	None	c2_private	c2	0.2000	20
e4	c50p40m50	38	40	50	20	20	60	cnv_052	chrX	70415058	70515057	deletion	None	c2_private	c2	0.2000	20
e4	c50p40m50	38	40	50	20	20	60	cnv_053	chrX	70737488	70837487	inversion	None	c2_private	c2	0.2000	20
e4	c50p40m50	38	40	50	20	20	60	cnv_054	chrX	71158330	71258329	inversion	None	c2_private	c2	0.2000	20
e4	c50p40m50	38	40	50	20	20	60	cnv_055	chrX	74974791	75074790	deletion	None	c2_private	c2	0.2000	20
e4	c50p40m50	38	40	50	20	20	60	cnv_056	chrX	75760354	75860353	deletion	None	c2_private	c2	0.2000	20
e4	c50p40m50	38	40	50	20	20	60	cnv_057	chrX	76493731	76593730	inversion	None	c2_private	c2	0.2000	20
e4	c50p40m50	38	40	50	20	20	60	cnv_058	chrX	77427278	77527277	inversion	None	c2_private	c2	0.2000	20
e4	c50p40m50	38	40	50	20	20	60	cnv_059	chrX	77697373	77797372	deletion	None	c2_private	c2	0.2000	20
e4	c50p40m50	38	40	50	20	20	60	cnv_060	chrX	78286754	78386753	deletion	None	c2_private	c2	0.2000	20
e4	c50p40m50	38	40	50	20	20	60	cnv_061	chrX	81211472	81311471	deletion	None	c2_private	c2	0.2000	20
e4	c50p40m50	38	40	50	20	20	60	cnv_062	chrX	83157545	83257544	inversion	None	c2_private	c2	0.2000	20
e4	c50p40m50	38	40	50	20	20	60	cnv_063	chrX	83434710	83534709	inversion	None	c2_private	c2	0.2000	20
e4	c50p40m50	38	40	50	20	20	60	cnv_064	chrX	87748068	87848067	deletion	None	c2_private	c2	0.2000	20
e4	c50p40m50	38	40	50	20	20	60	cnv_065	chrX	89210691	89310690	deletion	None	c2_private	c2	0.2000	20
e4	c50p40m50	38	40	50	20	20	60	cnv_066	chrX	90723254	90823253	deletion	None	c2_private	c2	0.2000	20
e4	c50p40m50	38	40	50	20	20	60	cnv_067	chrX	92586296	92686295	inversion	None	c2_private	c2	0.2000	20
e4	c50p40m50	38	40	50	20	20	60	cnv_068	chrX	94048223	94148222	deletion	None	c2_private	c2	0.2000	20
e4	c50p40m50	38	40	50	20	20	60	cnv_069	chrX	94591766	94691765	inversion	None	c2_private	c2	0.2000	20
e4	c50p40m50	38	40	50	20	20	60	cnv_070	chrX	95097124	95197123	deletion	None	c2_private	c2	0.2000	20
e4	c50p40m50	38	40	50	20	20	60	cnv_071	chrX	95767788	95867787	inversion	None	c2_private	c2	0.2000	20
e4	c50p40m50	38	40	50	20	20	60	cnv_072	chrX	97056317	97156316	inversion	None	c2_private	c2	0.2000	20
e4	c50p40m50	38	40	50	20	20	60	cnv_073	chrX	97804709	97904708	deletion	None	c2_private	c2	0.2000	20
e4	c50p40m50	38	40	50	20	20	60	cnv_074	chrX	100503375	100603374	inversion	None	c2_private	c2	0.2000	20
e4	c50p40m50	38	40	50	20	20	60	cnv_075	chrX	103025775	103125774	inversion	None	c3_private	c3	0.2000	20
e4	c50p40m50	38	40	50	20	20	60	cnv_076	chrX	104858118	104958117	inversion	None	c3_private	c3	0.2000	20
e4	c50p40m50	38	40	50	20	20	60	cnv_077	chrX	105469655	105569654	inversion	None	c3_private	c3	0.2000	20
e4	c50p40m50	38	40	50	20	20	60	cnv_078	chrX	106587021	106687020	inversion	None	c3_private	c3	0.2000	20
e4	c50p40m50	38	40	50	20	20	60	cnv_079	chrX	109684210	109784209	deletion	None	c3_private	c3	0.2000	20
e4	c50p40m50	38	40	50	20	20	60	cnv_080	chrX	112219541	112319540	deletion	None	c3_private	c3	0.2000	20
e4	c50p40m50	38	40	50	20	20	60	cnv_081	chrX	113223197	113323196	deletion	None	c3_private	c3	0.2000	20
e4	c50p40m50	38	40	50	20	20	60	cnv_082	chrX	113522070	113622069	inversion	None	c3_private	c3	0.2000	20
e4	c50p40m50	38	40	50	20	20	60	cnv_083	chrX	115234491	115334490	deletion	None	c3_private	c3	0.2000	20
e4	c50p40m50	38	40	50	20	20	60	cnv_084	chrX	115497064	115597063	deletion	None	c3_private	c3	0.2000	20
e4	c50p40m50	38	40	50	20	20	60	cnv_085	chrX	118728698	118828697	inversion	None	c3_private	c3	0.2000	20
e4	c50p40m50	38	40	50	20	20	60	cnv_086	chrX	119368691	119468690	deletion	None	c3_private	c3	0.2000	20
e4	c50p40m50	38	40	50	20	20	60	cnv_087	chrX	121040239	121140238	deletion	None	c3_private	c3	0.2000	20
e4	c50p40m50	38	40	50	20	20	60	cnv_088	chrX	121783132	121883131	deletion	None	c3_private	c3	0.2000	20
e4	c50p40m50	38	40	50	20	20	60	cnv_089	chrX	126101979	126201978	deletion	None	c3_private	c3	0.2000	20
e4	c50p40m50	38	40	50	20	20	60	cnv_090	chrX	130412338	130512337	inversion	None	c3_private	c3	0.2000	20
e4	c50p40m50	38	40	50	20	20	60	cnv_091	chrX	130947691	131047690	inversion	None	c3_private	c3	0.2000	20
e4	c50p40m50	38	40	50	20	20	60	cnv_092	chrX	131342494	131442493	inversion	None	c3_private	c3	0.2000	20
e4	c50p40m50	38	40	50	20	20	60	cnv_093	chrX	133615367	133715366	inversion	None	c3_private	c3	0.2000	20
e4	c50p40m50	38	40	50	20	20	60	cnv_094	chrX	133841307	133941306	inversion	None	c3_private	c3	0.2000	20
e4	c50p40m50	38	40	50	20	20	60	cnv_095	chrX	135048129	135148128	deletion	None	c3_private	c3	0.2000	20
e4	c50p40m50	38	40	50	20	20	60	cnv_096	chrX	136315184	136415183	inversion	None	c3_private	c3	0.2000	20
e4	c50p40m50	38	40	50	20	20	60	cnv_097	chrX	137740038	137840037	inversion	None	c3_private	c3	0.2000	20
e4	c50p40m50	38	40	50	20	20	60	cnv_098	chrX	142163532	142263531	deletion	None	c3_private	c3	0.2000	20
e4	c50p40m50	38	40	50	20	20	60	cnv_099	chrX	142326428	142426427	inversion	None	c3_private	c3	0.2000	20
e4	c50p40m50	38	40	50	20	20	60	cnv_100	chrX	142852663	142952662	deletion	None	c3_private	c3	0.2000	20
e4	c50p40m50	38	40	50	20	20	60	cnv_101	chrX	143052907	143152906	inversion	None	c3_private	c3	0.2000	20
e4	c50p40m50	38	40	50	20	20	60	cnv_102	chrX	143211943	143311942	deletion	None	c3_private	c3	0.2000	20
e4	c50p40m50	38	40	50	20	20	60	cnv_103	chrX	143832911	143932910	deletion	None	c3_private	c3	0.2000	20
e4	c50p40m50	38	40	50	20	20	60	cnv_104	chrX	144581680	144681679	inversion	None	c3_private	c3	0.2000	20
e4	c50p40m50	38	40	50	20	20	60	cnv_105	chrX	148152530	148252529	deletion	None	c3_private	c3	0.2000	20
e4	c50p40m50	38	40	50	20	20	60	cnv_106	chrX	149252704	149352703	deletion	None	c3_private	c3	0.2000	20
e4	c50p40m50	38	40	50	20	20	60	cnv_107	chrX	151425507	151525506	deletion	None	c3_private	c3	0.2000	20
e4	c50p40m50	38	40	50	20	20	60	cnv_108	chrX	151986036	152086035	inversion	None	c3_private	c3	0.2000	20
e4	c50p40m50	38	40	50	20	20	60	cnv_109	chrX	153163327	153263326	deletion	None	c3_private	c3	0.2000	20
e4	c50p40m50	38	40	50	20	20	60	cnv_110	chrX	153599472	153699471	deletion	None	c3_private	c3	0.2000	20
e4	c50p60m10	39	60	10	6	54	40	cnv_001	chrX	7534655	7634654	deletion	None	clonal	c2,c3	0.6000	60
e4	c50p60m10	39	60	10	6	54	40	cnv_002	chrX	10392001	10492000	deletion	None	clonal	c2,c3	0.6000	60
e4	c50p60m10	39	60	10	6	54	40	cnv_003	chrX	12113065	12213064	deletion	None	clonal	c2,c3	0.6000	60
e4	c50p60m10	39	60	10	6	54	40	cnv_004	chrX	12451669	12551668	deletion	None	clonal	c2,c3	0.6000	60
e4	c50p60m10	39	60	10	6	54	40	cnv_005	chrX	12622845	12722844	inversion	None	clonal	c2,c3	0.6000	60
e4	c50p60m10	39	60	10	6	54	40	cnv_006	chrX	14368243	14468242	deletion	None	clonal	c2,c3	0.6000	60
e4	c50p60m10	39	60	10	6	54	40	cnv_007	chrX	16255989	16355988	inversion	None	clonal	c2,c3	0.6000	60
e4	c50p60m10	39	60	10	6	54	40	cnv_008	chrX	18791669	18891668	inversion	None	clonal	c2,c3	0.6000	60
e4	c50p60m10	39	60	10	6	54	40	cnv_009	chrX	18938577	19038576	deletion	None	clonal	c2,c3	0.6000	60
e4	c50p60m10	39	60	10	6	54	40	cnv_010	chrX	20575628	20675627	deletion	None	clonal	c2,c3	0.6000	60
e4	c50p60m10	39	60	10	6	54	40	cnv_011	chrX	20779427	20879426	inversion	None	clonal	c2,c3	0.6000	60
e4	c50p60m10	39	60	10	6	54	40	cnv_012	chrX	21300398	21400397	inversion	None	clonal	c2,c3	0.6000	60
e4	c50p60m10	39	60	10	6	54	40	cnv_013	chrX	22604418	22704417	deletion	None	clonal	c2,c3	0.6000	60
e4	c50p60m10	39	60	10	6	54	40	cnv_014	chrX	22716399	22816398	inversion	None	clonal	c2,c3	0.6000	60
e4	c50p60m10	39	60	10	6	54	40	cnv_015	chrX	25126924	25226923	deletion	None	clonal	c2,c3	0.6000	60
e4	c50p60m10	39	60	10	6	54	40	cnv_016	chrX	28852336	28952335	deletion	None	clonal	c2,c3	0.6000	60
e4	c50p60m10	39	60	10	6	54	40	cnv_017	chrX	30410890	30510889	deletion	None	clonal	c2,c3	0.6000	60
e4	c50p60m10	39	60	10	6	54	40	cnv_018	chrX	31928834	32028833	inversion	None	clonal	c2,c3	0.6000	60
e4	c50p60m10	39	60	10	6	54	40	cnv_019	chrX	32290755	32390754	inversion	None	clonal	c2,c3	0.6000	60
e4	c50p60m10	39	60	10	6	54	40	cnv_020	chrX	33445241	33545240	deletion	None	clonal	c2,c3	0.6000	60
e4	c50p60m10	39	60	10	6	54	40	cnv_021	chrX	33730254	33830253	inversion	None	clonal	c2,c3	0.6000	60
e4	c50p60m10	39	60	10	6	54	40	cnv_022	chrX	34594945	34694944	deletion	None	clonal	c2,c3	0.6000	60
e4	c50p60m10	39	60	10	6	54	40	cnv_023	chrX	34846067	34946066	inversion	None	clonal	c2,c3	0.6000	60
e4	c50p60m10	39	60	10	6	54	40	cnv_024	chrX	35101599	35201598	deletion	None	clonal	c2,c3	0.6000	60
e4	c50p60m10	39	60	10	6	54	40	cnv_025	chrX	35756414	35856413	inversion	None	clonal	c2,c3	0.6000	60
e4	c50p60m10	39	60	10	6	54	40	cnv_026	chrX	38780830	38880829	inversion	None	clonal	c2,c3	0.6000	60
e4	c50p60m10	39	60	10	6	54	40	cnv_027	chrX	39218579	39318578	deletion	None	clonal	c2,c3	0.6000	60
e4	c50p60m10	39	60	10	6	54	40	cnv_028	chrX	39964009	40064008	inversion	None	clonal	c2,c3	0.6000	60
e4	c50p60m10	39	60	10	6	54	40	cnv_029	chrX	40190233	40290232	inversion	None	clonal	c2,c3	0.6000	60
e4	c50p60m10	39	60	10	6	54	40	cnv_030	chrX	41964843	42064842	inversion	None	clonal	c2,c3	0.6000	60
e4	c50p60m10	39	60	10	6	54	40	cnv_031	chrX	45865164	45965163	deletion	None	clonal	c2,c3	0.6000	60
e4	c50p60m10	39	60	10	6	54	40	cnv_032	chrX	46009804	46109803	deletion	None	clonal	c2,c3	0.6000	60
e4	c50p60m10	39	60	10	6	54	40	cnv_033	chrX	46543011	46643010	inversion	None	clonal	c2,c3	0.6000	60
e4	c50p60m10	39	60	10	6	54	40	cnv_034	chrX	47416632	47516631	inversion	None	clonal	c2,c3	0.6000	60
e4	c50p60m10	39	60	10	6	54	40	cnv_035	chrX	48046028	48146027	inversion	None	clonal	c2,c3	0.6000	60
e4	c50p60m10	39	60	10	6	54	40	cnv_036	chrX	49099756	49199755	inversion	None	clonal	c2,c3	0.6000	60
e4	c50p60m10	39	60	10	6	54	40	cnv_037	chrX	49586904	49686903	deletion	None	clonal	c2,c3	0.6000	60
e4	c50p60m10	39	60	10	6	54	40	cnv_038	chrX	51219613	51319612	deletion	None	c2_private	c2	0.0600	6
e4	c50p60m10	39	60	10	6	54	40	cnv_039	chrX	52282733	52382732	inversion	None	c2_private	c2	0.0600	6
e4	c50p60m10	39	60	10	6	54	40	cnv_040	chrX	52828302	52928301	inversion	None	c2_private	c2	0.0600	6
e4	c50p60m10	39	60	10	6	54	40	cnv_041	chrX	53433174	53533173	inversion	None	c2_private	c2	0.0600	6
e4	c50p60m10	39	60	10	6	54	40	cnv_042	chrX	54303323	54403322	inversion	None	c2_private	c2	0.0600	6
e4	c50p60m10	39	60	10	6	54	40	cnv_043	chrX	54996975	55096974	deletion	None	c2_private	c2	0.0600	6
e4	c50p60m10	39	60	10	6	54	40	cnv_044	chrX	56708059	56808058	deletion	None	c2_private	c2	0.0600	6
e4	c50p60m10	39	60	10	6	54	40	cnv_045	chrX	64768560	64868559	inversion	None	c2_private	c2	0.0600	6
e4	c50p60m10	39	60	10	6	54	40	cnv_046	chrX	66999575	67099574	inversion	None	c2_private	c2	0.0600	6
e4	c50p60m10	39	60	10	6	54	40	cnv_047	chrX	67196579	67296578	deletion	None	c2_private	c2	0.0600	6
e4	c50p60m10	39	60	10	6	54	40	cnv_048	chrX	68245435	68345434	deletion	None	c2_private	c2	0.0600	6
e4	c50p60m10	39	60	10	6	54	40	cnv_049	chrX	69313490	69413489	inversion	None	c2_private	c2	0.0600	6
e4	c50p60m10	39	60	10	6	54	40	cnv_050	chrX	69578797	69678796	deletion	None	c2_private	c2	0.0600	6
e4	c50p60m10	39	60	10	6	54	40	cnv_051	chrX	70072789	70172788	inversion	None	c2_private	c2	0.0600	6
e4	c50p60m10	39	60	10	6	54	40	cnv_052	chrX	70415058	70515057	deletion	None	c2_private	c2	0.0600	6
e4	c50p60m10	39	60	10	6	54	40	cnv_053	chrX	70737488	70837487	inversion	None	c2_private	c2	0.0600	6
e4	c50p60m10	39	60	10	6	54	40	cnv_054	chrX	71158330	71258329	inversion	None	c2_private	c2	0.0600	6
e4	c50p60m10	39	60	10	6	54	40	cnv_055	chrX	74974791	75074790	deletion	None	c2_private	c2	0.0600	6
e4	c50p60m10	39	60	10	6	54	40	cnv_056	chrX	75760354	75860353	deletion	None	c2_private	c2	0.0600	6
e4	c50p60m10	39	60	10	6	54	40	cnv_057	chrX	76493731	76593730	inversion	None	c2_private	c2	0.0600	6
e4	c50p60m10	39	60	10	6	54	40	cnv_058	chrX	77427278	77527277	inversion	None	c2_private	c2	0.0600	6
e4	c50p60m10	39	60	10	6	54	40	cnv_059	chrX	77697373	77797372	deletion	None	c2_private	c2	0.0600	6
e4	c50p60m10	39	60	10	6	54	40	cnv_060	chrX	78286754	78386753	deletion	None	c2_private	c2	0.0600	6
e4	c50p60m10	39	60	10	6	54	40	cnv_061	chrX	81211472	81311471	deletion	None	c2_private	c2	0.0600	6
e4	c50p60m10	39	60	10	6	54	40	cnv_062	chrX	83157545	83257544	inversion	None	c2_private	c2	0.0600	6
e4	c50p60m10	39	60	10	6	54	40	cnv_063	chrX	83434710	83534709	inversion	None	c2_private	c2	0.0600	6
e4	c50p60m10	39	60	10	6	54	40	cnv_064	chrX	87748068	87848067	deletion	None	c2_private	c2	0.0600	6
e4	c50p60m10	39	60	10	6	54	40	cnv_065	chrX	89210691	89310690	deletion	None	c2_private	c2	0.0600	6
e4	c50p60m10	39	60	10	6	54	40	cnv_066	chrX	90723254	90823253	deletion	None	c2_private	c2	0.0600	6
e4	c50p60m10	39	60	10	6	54	40	cnv_067	chrX	92586296	92686295	inversion	None	c2_private	c2	0.0600	6
e4	c50p60m10	39	60	10	6	54	40	cnv_068	chrX	94048223	94148222	deletion	None	c2_private	c2	0.0600	6
e4	c50p60m10	39	60	10	6	54	40	cnv_069	chrX	94591766	94691765	inversion	None	c2_private	c2	0.0600	6
e4	c50p60m10	39	60	10	6	54	40	cnv_070	chrX	95097124	95197123	deletion	None	c2_private	c2	0.0600	6
e4	c50p60m10	39	60	10	6	54	40	cnv_071	chrX	95767788	95867787	inversion	None	c2_private	c2	0.0600	6
e4	c50p60m10	39	60	10	6	54	40	cnv_072	chrX	97056317	97156316	inversion	None	c2_private	c2	0.0600	6
e4	c50p60m10	39	60	10	6	54	40	cnv_073	chrX	97804709	97904708	deletion	None	c2_private	c2	0.0600	6
e4	c50p60m10	39	60	10	6	54	40	cnv_074	chrX	100503375	100603374	inversion	None	c2_private	c2	0.0600	6
e4	c50p60m10	39	60	10	6	54	40	cnv_075	chrX	103025775	103125774	inversion	None	c3_private	c3	0.5400	54
e4	c50p60m10	39	60	10	6	54	40	cnv_076	chrX	104858118	104958117	inversion	None	c3_private	c3	0.5400	54
e4	c50p60m10	39	60	10	6	54	40	cnv_077	chrX	105469655	105569654	inversion	None	c3_private	c3	0.5400	54
e4	c50p60m10	39	60	10	6	54	40	cnv_078	chrX	106587021	106687020	inversion	None	c3_private	c3	0.5400	54
e4	c50p60m10	39	60	10	6	54	40	cnv_079	chrX	109684210	109784209	deletion	None	c3_private	c3	0.5400	54
e4	c50p60m10	39	60	10	6	54	40	cnv_080	chrX	112219541	112319540	deletion	None	c3_private	c3	0.5400	54
e4	c50p60m10	39	60	10	6	54	40	cnv_081	chrX	113223197	113323196	deletion	None	c3_private	c3	0.5400	54
e4	c50p60m10	39	60	10	6	54	40	cnv_082	chrX	113522070	113622069	inversion	None	c3_private	c3	0.5400	54
e4	c50p60m10	39	60	10	6	54	40	cnv_083	chrX	115234491	115334490	deletion	None	c3_private	c3	0.5400	54
e4	c50p60m10	39	60	10	6	54	40	cnv_084	chrX	115497064	115597063	deletion	None	c3_private	c3	0.5400	54
e4	c50p60m10	39	60	10	6	54	40	cnv_085	chrX	118728698	118828697	inversion	None	c3_private	c3	0.5400	54
e4	c50p60m10	39	60	10	6	54	40	cnv_086	chrX	119368691	119468690	deletion	None	c3_private	c3	0.5400	54
e4	c50p60m10	39	60	10	6	54	40	cnv_087	chrX	121040239	121140238	deletion	None	c3_private	c3	0.5400	54
e4	c50p60m10	39	60	10	6	54	40	cnv_088	chrX	121783132	121883131	deletion	None	c3_private	c3	0.5400	54
e4	c50p60m10	39	60	10	6	54	40	cnv_089	chrX	126101979	126201978	deletion	None	c3_private	c3	0.5400	54
e4	c50p60m10	39	60	10	6	54	40	cnv_090	chrX	130412338	130512337	inversion	None	c3_private	c3	0.5400	54
e4	c50p60m10	39	60	10	6	54	40	cnv_091	chrX	130947691	131047690	inversion	None	c3_private	c3	0.5400	54
e4	c50p60m10	39	60	10	6	54	40	cnv_092	chrX	131342494	131442493	inversion	None	c3_private	c3	0.5400	54
e4	c50p60m10	39	60	10	6	54	40	cnv_093	chrX	133615367	133715366	inversion	None	c3_private	c3	0.5400	54
e4	c50p60m10	39	60	10	6	54	40	cnv_094	chrX	133841307	133941306	inversion	None	c3_private	c3	0.5400	54
e4	c50p60m10	39	60	10	6	54	40	cnv_095	chrX	135048129	135148128	deletion	None	c3_private	c3	0.5400	54
e4	c50p60m10	39	60	10	6	54	40	cnv_096	chrX	136315184	136415183	inversion	None	c3_private	c3	0.5400	54
e4	c50p60m10	39	60	10	6	54	40	cnv_097	chrX	137740038	137840037	inversion	None	c3_private	c3	0.5400	54
e4	c50p60m10	39	60	10	6	54	40	cnv_098	chrX	142163532	142263531	deletion	None	c3_private	c3	0.5400	54
e4	c50p60m10	39	60	10	6	54	40	cnv_099	chrX	142326428	142426427	inversion	None	c3_private	c3	0.5400	54
e4	c50p60m10	39	60	10	6	54	40	cnv_100	chrX	142852663	142952662	deletion	None	c3_private	c3	0.5400	54
e4	c50p60m10	39	60	10	6	54	40	cnv_101	chrX	143052907	143152906	inversion	None	c3_private	c3	0.5400	54
e4	c50p60m10	39	60	10	6	54	40	cnv_102	chrX	143211943	143311942	deletion	None	c3_private	c3	0.5400	54
e4	c50p60m10	39	60	10	6	54	40	cnv_103	chrX	143832911	143932910	deletion	None	c3_private	c3	0.5400	54
e4	c50p60m10	39	60	10	6	54	40	cnv_104	chrX	144581680	144681679	inversion	None	c3_private	c3	0.5400	54
e4	c50p60m10	39	60	10	6	54	40	cnv_105	chrX	148152530	148252529	deletion	None	c3_private	c3	0.5400	54
e4	c50p60m10	39	60	10	6	54	40	cnv_106	chrX	149252704	149352703	deletion	None	c3_private	c3	0.5400	54
e4	c50p60m10	39	60	10	6	54	40	cnv_107	chrX	151425507	151525506	deletion	None	c3_private	c3	0.5400	54
e4	c50p60m10	39	60	10	6	54	40	cnv_108	chrX	151986036	152086035	inversion	None	c3_private	c3	0.5400	54
e4	c50p60m10	39	60	10	6	54	40	cnv_109	chrX	153163327	153263326	deletion	None	c3_private	c3	0.5400	54
e4	c50p60m10	39	60	10	6	54	40	cnv_110	chrX	153599472	153699471	deletion	None	c3_private	c3	0.5400	54
e4	c50p60m30	40	60	30	18	42	40	cnv_001	chrX	7534655	7634654	deletion	None	clonal	c2,c3	0.6000	60
e4	c50p60m30	40	60	30	18	42	40	cnv_002	chrX	10392001	10492000	deletion	None	clonal	c2,c3	0.6000	60
e4	c50p60m30	40	60	30	18	42	40	cnv_003	chrX	12113065	12213064	deletion	None	clonal	c2,c3	0.6000	60
e4	c50p60m30	40	60	30	18	42	40	cnv_004	chrX	12451669	12551668	deletion	None	clonal	c2,c3	0.6000	60
e4	c50p60m30	40	60	30	18	42	40	cnv_005	chrX	12622845	12722844	inversion	None	clonal	c2,c3	0.6000	60
e4	c50p60m30	40	60	30	18	42	40	cnv_006	chrX	14368243	14468242	deletion	None	clonal	c2,c3	0.6000	60
e4	c50p60m30	40	60	30	18	42	40	cnv_007	chrX	16255989	16355988	inversion	None	clonal	c2,c3	0.6000	60
e4	c50p60m30	40	60	30	18	42	40	cnv_008	chrX	18791669	18891668	inversion	None	clonal	c2,c3	0.6000	60
e4	c50p60m30	40	60	30	18	42	40	cnv_009	chrX	18938577	19038576	deletion	None	clonal	c2,c3	0.6000	60
e4	c50p60m30	40	60	30	18	42	40	cnv_010	chrX	20575628	20675627	deletion	None	clonal	c2,c3	0.6000	60
e4	c50p60m30	40	60	30	18	42	40	cnv_011	chrX	20779427	20879426	inversion	None	clonal	c2,c3	0.6000	60
e4	c50p60m30	40	60	30	18	42	40	cnv_012	chrX	21300398	21400397	inversion	None	clonal	c2,c3	0.6000	60
e4	c50p60m30	40	60	30	18	42	40	cnv_013	chrX	22604418	22704417	deletion	None	clonal	c2,c3	0.6000	60
e4	c50p60m30	40	60	30	18	42	40	cnv_014	chrX	22716399	22816398	inversion	None	clonal	c2,c3	0.6000	60
e4	c50p60m30	40	60	30	18	42	40	cnv_015	chrX	25126924	25226923	deletion	None	clonal	c2,c3	0.6000	60
e4	c50p60m30	40	60	30	18	42	40	cnv_016	chrX	28852336	28952335	deletion	None	clonal	c2,c3	0.6000	60
e4	c50p60m30	40	60	30	18	42	40	cnv_017	chrX	30410890	30510889	deletion	None	clonal	c2,c3	0.6000	60
e4	c50p60m30	40	60	30	18	42	40	cnv_018	chrX	31928834	32028833	inversion	None	clonal	c2,c3	0.6000	60
e4	c50p60m30	40	60	30	18	42	40	cnv_019	chrX	32290755	32390754	inversion	None	clonal	c2,c3	0.6000	60
e4	c50p60m30	40	60	30	18	42	40	cnv_020	chrX	33445241	33545240	deletion	None	clonal	c2,c3	0.6000	60
e4	c50p60m30	40	60	30	18	42	40	cnv_021	chrX	33730254	33830253	inversion	None	clonal	c2,c3	0.6000	60
e4	c50p60m30	40	60	30	18	42	40	cnv_022	chrX	34594945	34694944	deletion	None	clonal	c2,c3	0.6000	60
e4	c50p60m30	40	60	30	18	42	40	cnv_023	chrX	34846067	34946066	inversion	None	clonal	c2,c3	0.6000	60
e4	c50p60m30	40	60	30	18	42	40	cnv_024	chrX	35101599	35201598	deletion	None	clonal	c2,c3	0.6000	60
e4	c50p60m30	40	60	30	18	42	40	cnv_025	chrX	35756414	35856413	inversion	None	clonal	c2,c3	0.6000	60
e4	c50p60m30	40	60	30	18	42	40	cnv_026	chrX	38780830	38880829	inversion	None	clonal	c2,c3	0.6000	60
e4	c50p60m30	40	60	30	18	42	40	cnv_027	chrX	39218579	39318578	deletion	None	clonal	c2,c3	0.6000	60
e4	c50p60m30	40	60	30	18	42	40	cnv_028	chrX	39964009	40064008	inversion	None	clonal	c2,c3	0.6000	60
e4	c50p60m30	40	60	30	18	42	40	cnv_029	chrX	40190233	40290232	inversion	None	clonal	c2,c3	0.6000	60
e4	c50p60m30	40	60	30	18	42	40	cnv_030	chrX	41964843	42064842	inversion	None	clonal	c2,c3	0.6000	60
e4	c50p60m30	40	60	30	18	42	40	cnv_031	chrX	45865164	45965163	deletion	None	clonal	c2,c3	0.6000	60
e4	c50p60m30	40	60	30	18	42	40	cnv_032	chrX	46009804	46109803	deletion	None	clonal	c2,c3	0.6000	60
e4	c50p60m30	40	60	30	18	42	40	cnv_033	chrX	46543011	46643010	inversion	None	clonal	c2,c3	0.6000	60
e4	c50p60m30	40	60	30	18	42	40	cnv_034	chrX	47416632	47516631	inversion	None	clonal	c2,c3	0.6000	60
e4	c50p60m30	40	60	30	18	42	40	cnv_035	chrX	48046028	48146027	inversion	None	clonal	c2,c3	0.6000	60
e4	c50p60m30	40	60	30	18	42	40	cnv_036	chrX	49099756	49199755	inversion	None	clonal	c2,c3	0.6000	60
e4	c50p60m30	40	60	30	18	42	40	cnv_037	chrX	49586904	49686903	deletion	None	clonal	c2,c3	0.6000	60
e4	c50p60m30	40	60	30	18	42	40	cnv_038	chrX	51219613	51319612	deletion	None	c2_private	c2	0.1800	18
e4	c50p60m30	40	60	30	18	42	40	cnv_039	chrX	52282733	52382732	inversion	None	c2_private	c2	0.1800	18
e4	c50p60m30	40	60	30	18	42	40	cnv_040	chrX	52828302	52928301	inversion	None	c2_private	c2	0.1800	18
e4	c50p60m30	40	60	30	18	42	40	cnv_041	chrX	53433174	53533173	inversion	None	c2_private	c2	0.1800	18
e4	c50p60m30	40	60	30	18	42	40	cnv_042	chrX	54303323	54403322	inversion	None	c2_private	c2	0.1800	18
e4	c50p60m30	40	60	30	18	42	40	cnv_043	chrX	54996975	55096974	deletion	None	c2_private	c2	0.1800	18
e4	c50p60m30	40	60	30	18	42	40	cnv_044	chrX	56708059	56808058	deletion	None	c2_private	c2	0.1800	18
e4	c50p60m30	40	60	30	18	42	40	cnv_045	chrX	64768560	64868559	inversion	None	c2_private	c2	0.1800	18
e4	c50p60m30	40	60	30	18	42	40	cnv_046	chrX	66999575	67099574	inversion	None	c2_private	c2	0.1800	18
e4	c50p60m30	40	60	30	18	42	40	cnv_047	chrX	67196579	67296578	deletion	None	c2_private	c2	0.1800	18
e4	c50p60m30	40	60	30	18	42	40	cnv_048	chrX	68245435	68345434	deletion	None	c2_private	c2	0.1800	18
e4	c50p60m30	40	60	30	18	42	40	cnv_049	chrX	69313490	69413489	inversion	None	c2_private	c2	0.1800	18
e4	c50p60m30	40	60	30	18	42	40	cnv_050	chrX	69578797	69678796	deletion	None	c2_private	c2	0.1800	18
e4	c50p60m30	40	60	30	18	42	40	cnv_051	chrX	70072789	70172788	inversion	None	c2_private	c2	0.1800	18
e4	c50p60m30	40	60	30	18	42	40	cnv_052	chrX	70415058	70515057	deletion	None	c2_private	c2	0.1800	18
e4	c50p60m30	40	60	30	18	42	40	cnv_053	chrX	70737488	70837487	inversion	None	c2_private	c2	0.1800	18
e4	c50p60m30	40	60	30	18	42	40	cnv_054	chrX	71158330	71258329	inversion	None	c2_private	c2	0.1800	18
e4	c50p60m30	40	60	30	18	42	40	cnv_055	chrX	74974791	75074790	deletion	None	c2_private	c2	0.1800	18
e4	c50p60m30	40	60	30	18	42	40	cnv_056	chrX	75760354	75860353	deletion	None	c2_private	c2	0.1800	18
e4	c50p60m30	40	60	30	18	42	40	cnv_057	chrX	76493731	76593730	inversion	None	c2_private	c2	0.1800	18
e4	c50p60m30	40	60	30	18	42	40	cnv_058	chrX	77427278	77527277	inversion	None	c2_private	c2	0.1800	18
e4	c50p60m30	40	60	30	18	42	40	cnv_059	chrX	77697373	77797372	deletion	None	c2_private	c2	0.1800	18
e4	c50p60m30	40	60	30	18	42	40	cnv_060	chrX	78286754	78386753	deletion	None	c2_private	c2	0.1800	18
e4	c50p60m30	40	60	30	18	42	40	cnv_061	chrX	81211472	81311471	deletion	None	c2_private	c2	0.1800	18
e4	c50p60m30	40	60	30	18	42	40	cnv_062	chrX	83157545	83257544	inversion	None	c2_private	c2	0.1800	18
e4	c50p60m30	40	60	30	18	42	40	cnv_063	chrX	83434710	83534709	inversion	None	c2_private	c2	0.1800	18
e4	c50p60m30	40	60	30	18	42	40	cnv_064	chrX	87748068	87848067	deletion	None	c2_private	c2	0.1800	18
e4	c50p60m30	40	60	30	18	42	40	cnv_065	chrX	89210691	89310690	deletion	None	c2_private	c2	0.1800	18
e4	c50p60m30	40	60	30	18	42	40	cnv_066	chrX	90723254	90823253	deletion	None	c2_private	c2	0.1800	18
e4	c50p60m30	40	60	30	18	42	40	cnv_067	chrX	92586296	92686295	inversion	None	c2_private	c2	0.1800	18
e4	c50p60m30	40	60	30	18	42	40	cnv_068	chrX	94048223	94148222	deletion	None	c2_private	c2	0.1800	18
e4	c50p60m30	40	60	30	18	42	40	cnv_069	chrX	94591766	94691765	inversion	None	c2_private	c2	0.1800	18
e4	c50p60m30	40	60	30	18	42	40	cnv_070	chrX	95097124	95197123	deletion	None	c2_private	c2	0.1800	18
e4	c50p60m30	40	60	30	18	42	40	cnv_071	chrX	95767788	95867787	inversion	None	c2_private	c2	0.1800	18
e4	c50p60m30	40	60	30	18	42	40	cnv_072	chrX	97056317	97156316	inversion	None	c2_private	c2	0.1800	18
e4	c50p60m30	40	60	30	18	42	40	cnv_073	chrX	97804709	97904708	deletion	None	c2_private	c2	0.1800	18
e4	c50p60m30	40	60	30	18	42	40	cnv_074	chrX	100503375	100603374	inversion	None	c2_private	c2	0.1800	18
e4	c50p60m30	40	60	30	18	42	40	cnv_075	chrX	103025775	103125774	inversion	None	c3_private	c3	0.4200	42
e4	c50p60m30	40	60	30	18	42	40	cnv_076	chrX	104858118	104958117	inversion	None	c3_private	c3	0.4200	42
e4	c50p60m30	40	60	30	18	42	40	cnv_077	chrX	105469655	105569654	inversion	None	c3_private	c3	0.4200	42
e4	c50p60m30	40	60	30	18	42	40	cnv_078	chrX	106587021	106687020	inversion	None	c3_private	c3	0.4200	42
e4	c50p60m30	40	60	30	18	42	40	cnv_079	chrX	109684210	109784209	deletion	None	c3_private	c3	0.4200	42
e4	c50p60m30	40	60	30	18	42	40	cnv_080	chrX	112219541	112319540	deletion	None	c3_private	c3	0.4200	42
e4	c50p60m30	40	60	30	18	42	40	cnv_081	chrX	113223197	113323196	deletion	None	c3_private	c3	0.4200	42
e4	c50p60m30	40	60	30	18	42	40	cnv_082	chrX	113522070	113622069	inversion	None	c3_private	c3	0.4200	42
e4	c50p60m30	40	60	30	18	42	40	cnv_083	chrX	115234491	115334490	deletion	None	c3_private	c3	0.4200	42
e4	c50p60m30	40	60	30	18	42	40	cnv_084	chrX	115497064	115597063	deletion	None	c3_private	c3	0.4200	42
e4	c50p60m30	40	60	30	18	42	40	cnv_085	chrX	118728698	118828697	inversion	None	c3_private	c3	0.4200	42
e4	c50p60m30	40	60	30	18	42	40	cnv_086	chrX	119368691	119468690	deletion	None	c3_private	c3	0.4200	42
e4	c50p60m30	40	60	30	18	42	40	cnv_087	chrX	121040239	121140238	deletion	None	c3_private	c3	0.4200	42
e4	c50p60m30	40	60	30	18	42	40	cnv_088	chrX	121783132	121883131	deletion	None	c3_private	c3	0.4200	42
e4	c50p60m30	40	60	30	18	42	40	cnv_089	chrX	126101979	126201978	deletion	None	c3_private	c3	0.4200	42
e4	c50p60m30	40	60	30	18	42	40	cnv_090	chrX	130412338	130512337	inversion	None	c3_private	c3	0.4200	42
e4	c50p60m30	40	60	30	18	42	40	cnv_091	chrX	130947691	131047690	inversion	None	c3_private	c3	0.4200	42
e4	c50p60m30	40	60	30	18	42	40	cnv_092	chrX	131342494	131442493	inversion	None	c3_private	c3	0.4200	42
e4	c50p60m30	40	60	30	18	42	40	cnv_093	chrX	133615367	133715366	inversion	None	c3_private	c3	0.4200	42
e4	c50p60m30	40	60	30	18	42	40	cnv_094	chrX	133841307	133941306	inversion	None	c3_private	c3	0.4200	42
e4	c50p60m30	40	60	30	18	42	40	cnv_095	chrX	135048129	135148128	deletion	None	c3_private	c3	0.4200	42
e4	c50p60m30	40	60	30	18	42	40	cnv_096	chrX	136315184	136415183	inversion	None	c3_private	c3	0.4200	42
e4	c50p60m30	40	60	30	18	42	40	cnv_097	chrX	137740038	137840037	inversion	None	c3_private	c3	0.4200	42
e4	c50p60m30	40	60	30	18	42	40	cnv_098	chrX	142163532	142263531	deletion	None	c3_private	c3	0.4200	42
e4	c50p60m30	40	60	30	18	42	40	cnv_099	chrX	142326428	142426427	inversion	None	c3_private	c3	0.4200	42
e4	c50p60m30	40	60	30	18	42	40	cnv_100	chrX	142852663	142952662	deletion	None	c3_private	c3	0.4200	42
e4	c50p60m30	40	60	30	18	42	40	cnv_101	chrX	143052907	143152906	inversion	None	c3_private	c3	0.4200	42
e4	c50p60m30	40	60	30	18	42	40	cnv_102	chrX	143211943	143311942	deletion	None	c3_private	c3	0.4200	42
e4	c50p60m30	40	60	30	18	42	40	cnv_103	chrX	143832911	143932910	deletion	None	c3_private	c3	0.4200	42
e4	c50p60m30	40	60	30	18	42	40	cnv_104	chrX	144581680	144681679	inversion	None	c3_private	c3	0.4200	42
e4	c50p60m30	40	60	30	18	42	40	cnv_105	chrX	148152530	148252529	deletion	None	c3_private	c3	0.4200	42
e4	c50p60m30	40	60	30	18	42	40	cnv_106	chrX	149252704	149352703	deletion	None	c3_private	c3	0.4200	42
e4	c50p60m30	40	60	30	18	42	40	cnv_107	chrX	151425507	151525506	deletion	None	c3_private	c3	0.4200	42
e4	c50p60m30	40	60	30	18	42	40	cnv_108	chrX	151986036	152086035	inversion	None	c3_private	c3	0.4200	42
e4	c50p60m30	40	60	30	18	42	40	cnv_109	chrX	153163327	153263326	deletion	None	c3_private	c3	0.4200	42
e4	c50p60m30	40	60	30	18	42	40	cnv_110	chrX	153599472	153699471	deletion	None	c3_private	c3	0.4200	42
e4	c50p60m50	41	60	50	30	30	40	cnv_001	chrX	7534655	7634654	deletion	None	clonal	c2,c3	0.6000	60
e4	c50p60m50	41	60	50	30	30	40	cnv_002	chrX	10392001	10492000	deletion	None	clonal	c2,c3	0.6000	60
e4	c50p60m50	41	60	50	30	30	40	cnv_003	chrX	12113065	12213064	deletion	None	clonal	c2,c3	0.6000	60
e4	c50p60m50	41	60	50	30	30	40	cnv_004	chrX	12451669	12551668	deletion	None	clonal	c2,c3	0.6000	60
e4	c50p60m50	41	60	50	30	30	40	cnv_005	chrX	12622845	12722844	inversion	None	clonal	c2,c3	0.6000	60
e4	c50p60m50	41	60	50	30	30	40	cnv_006	chrX	14368243	14468242	deletion	None	clonal	c2,c3	0.6000	60
e4	c50p60m50	41	60	50	30	30	40	cnv_007	chrX	16255989	16355988	inversion	None	clonal	c2,c3	0.6000	60
e4	c50p60m50	41	60	50	30	30	40	cnv_008	chrX	18791669	18891668	inversion	None	clonal	c2,c3	0.6000	60
e4	c50p60m50	41	60	50	30	30	40	cnv_009	chrX	18938577	19038576	deletion	None	clonal	c2,c3	0.6000	60
e4	c50p60m50	41	60	50	30	30	40	cnv_010	chrX	20575628	20675627	deletion	None	clonal	c2,c3	0.6000	60
e4	c50p60m50	41	60	50	30	30	40	cnv_011	chrX	20779427	20879426	inversion	None	clonal	c2,c3	0.6000	60
e4	c50p60m50	41	60	50	30	30	40	cnv_012	chrX	21300398	21400397	inversion	None	clonal	c2,c3	0.6000	60
e4	c50p60m50	41	60	50	30	30	40	cnv_013	chrX	22604418	22704417	deletion	None	clonal	c2,c3	0.6000	60
e4	c50p60m50	41	60	50	30	30	40	cnv_014	chrX	22716399	22816398	inversion	None	clonal	c2,c3	0.6000	60
e4	c50p60m50	41	60	50	30	30	40	cnv_015	chrX	25126924	25226923	deletion	None	clonal	c2,c3	0.6000	60
e4	c50p60m50	41	60	50	30	30	40	cnv_016	chrX	28852336	28952335	deletion	None	clonal	c2,c3	0.6000	60
e4	c50p60m50	41	60	50	30	30	40	cnv_017	chrX	30410890	30510889	deletion	None	clonal	c2,c3	0.6000	60
e4	c50p60m50	41	60	50	30	30	40	cnv_018	chrX	31928834	32028833	inversion	None	clonal	c2,c3	0.6000	60
e4	c50p60m50	41	60	50	30	30	40	cnv_019	chrX	32290755	32390754	inversion	None	clonal	c2,c3	0.6000	60
e4	c50p60m50	41	60	50	30	30	40	cnv_020	chrX	33445241	33545240	deletion	None	clonal	c2,c3	0.6000	60
e4	c50p60m50	41	60	50	30	30	40	cnv_021	chrX	33730254	33830253	inversion	None	clonal	c2,c3	0.6000	60
e4	c50p60m50	41	60	50	30	30	40	cnv_022	chrX	34594945	34694944	deletion	None	clonal	c2,c3	0.6000	60
e4	c50p60m50	41	60	50	30	30	40	cnv_023	chrX	34846067	34946066	inversion	None	clonal	c2,c3	0.6000	60
e4	c50p60m50	41	60	50	30	30	40	cnv_024	chrX	35101599	35201598	deletion	None	clonal	c2,c3	0.6000	60
e4	c50p60m50	41	60	50	30	30	40	cnv_025	chrX	35756414	35856413	inversion	None	clonal	c2,c3	0.6000	60
e4	c50p60m50	41	60	50	30	30	40	cnv_026	chrX	38780830	38880829	inversion	None	clonal	c2,c3	0.6000	60
e4	c50p60m50	41	60	50	30	30	40	cnv_027	chrX	39218579	39318578	deletion	None	clonal	c2,c3	0.6000	60
e4	c50p60m50	41	60	50	30	30	40	cnv_028	chrX	39964009	40064008	inversion	None	clonal	c2,c3	0.6000	60
e4	c50p60m50	41	60	50	30	30	40	cnv_029	chrX	40190233	40290232	inversion	None	clonal	c2,c3	0.6000	60
e4	c50p60m50	41	60	50	30	30	40	cnv_030	chrX	41964843	42064842	inversion	None	clonal	c2,c3	0.6000	60
e4	c50p60m50	41	60	50	30	30	40	cnv_031	chrX	45865164	45965163	deletion	None	clonal	c2,c3	0.6000	60
e4	c50p60m50	41	60	50	30	30	40	cnv_032	chrX	46009804	46109803	deletion	None	clonal	c2,c3	0.6000	60
e4	c50p60m50	41	60	50	30	30	40	cnv_033	chrX	46543011	46643010	inversion	None	clonal	c2,c3	0.6000	60
e4	c50p60m50	41	60	50	30	30	40	cnv_034	chrX	47416632	47516631	inversion	None	clonal	c2,c3	0.6000	60
e4	c50p60m50	41	60	50	30	30	40	cnv_035	chrX	48046028	48146027	inversion	None	clonal	c2,c3	0.6000	60
e4	c50p60m50	41	60	50	30	30	40	cnv_036	chrX	49099756	49199755	inversion	None	clonal	c2,c3	0.6000	60
e4	c50p60m50	41	60	50	30	30	40	cnv_037	chrX	49586904	49686903	deletion	None	clonal	c2,c3	0.6000	60
e4	c50p60m50	41	60	50	30	30	40	cnv_038	chrX	51219613	51319612	deletion	None	c2_private	c2	0.3000	30
e4	c50p60m50	41	60	50	30	30	40	cnv_039	chrX	52282733	52382732	inversion	None	c2_private	c2	0.3000	30
e4	c50p60m50	41	60	50	30	30	40	cnv_040	chrX	52828302	52928301	inversion	None	c2_private	c2	0.3000	30
e4	c50p60m50	41	60	50	30	30	40	cnv_041	chrX	53433174	53533173	inversion	None	c2_private	c2	0.3000	30
e4	c50p60m50	41	60	50	30	30	40	cnv_042	chrX	54303323	54403322	inversion	None	c2_private	c2	0.3000	30
e4	c50p60m50	41	60	50	30	30	40	cnv_043	chrX	54996975	55096974	deletion	None	c2_private	c2	0.3000	30
e4	c50p60m50	41	60	50	30	30	40	cnv_044	chrX	56708059	56808058	deletion	None	c2_private	c2	0.3000	30
e4	c50p60m50	41	60	50	30	30	40	cnv_045	chrX	64768560	64868559	inversion	None	c2_private	c2	0.3000	30
e4	c50p60m50	41	60	50	30	30	40	cnv_046	chrX	66999575	67099574	inversion	None	c2_private	c2	0.3000	30
e4	c50p60m50	41	60	50	30	30	40	cnv_047	chrX	67196579	67296578	deletion	None	c2_private	c2	0.3000	30
e4	c50p60m50	41	60	50	30	30	40	cnv_048	chrX	68245435	68345434	deletion	None	c2_private	c2	0.3000	30
e4	c50p60m50	41	60	50	30	30	40	cnv_049	chrX	69313490	69413489	inversion	None	c2_private	c2	0.3000	30
e4	c50p60m50	41	60	50	30	30	40	cnv_050	chrX	69578797	69678796	deletion	None	c2_private	c2	0.3000	30
e4	c50p60m50	41	60	50	30	30	40	cnv_051	chrX	70072789	70172788	inversion	None	c2_private	c2	0.3000	30
e4	c50p60m50	41	60	50	30	30	40	cnv_052	chrX	70415058	70515057	deletion	None	c2_private	c2	0.3000	30
e4	c50p60m50	41	60	50	30	30	40	cnv_053	chrX	70737488	70837487	inversion	None	c2_private	c2	0.3000	30
e4	c50p60m50	41	60	50	30	30	40	cnv_054	chrX	71158330	71258329	inversion	None	c2_private	c2	0.3000	30
e4	c50p60m50	41	60	50	30	30	40	cnv_055	chrX	74974791	75074790	deletion	None	c2_private	c2	0.3000	30
e4	c50p60m50	41	60	50	30	30	40	cnv_056	chrX	75760354	75860353	deletion	None	c2_private	c2	0.3000	30
e4	c50p60m50	41	60	50	30	30	40	cnv_057	chrX	76493731	76593730	inversion	None	c2_private	c2	0.3000	30
e4	c50p60m50	41	60	50	30	30	40	cnv_058	chrX	77427278	77527277	inversion	None	c2_private	c2	0.3000	30
e4	c50p60m50	41	60	50	30	30	40	cnv_059	chrX	77697373	77797372	deletion	None	c2_private	c2	0.3000	30
e4	c50p60m50	41	60	50	30	30	40	cnv_060	chrX	78286754	78386753	deletion	None	c2_private	c2	0.3000	30
e4	c50p60m50	41	60	50	30	30	40	cnv_061	chrX	81211472	81311471	deletion	None	c2_private	c2	0.3000	30
e4	c50p60m50	41	60	50	30	30	40	cnv_062	chrX	83157545	83257544	inversion	None	c2_private	c2	0.3000	30
e4	c50p60m50	41	60	50	30	30	40	cnv_063	chrX	83434710	83534709	inversion	None	c2_private	c2	0.3000	30
e4	c50p60m50	41	60	50	30	30	40	cnv_064	chrX	87748068	87848067	deletion	None	c2_private	c2	0.3000	30
e4	c50p60m50	41	60	50	30	30	40	cnv_065	chrX	89210691	89310690	deletion	None	c2_private	c2	0.3000	30
e4	c50p60m50	41	60	50	30	30	40	cnv_066	chrX	90723254	90823253	deletion	None	c2_private	c2	0.3000	30
e4	c50p60m50	41	60	50	30	30	40	cnv_067	chrX	92586296	92686295	inversion	None	c2_private	c2	0.3000	30
e4	c50p60m50	41	60	50	30	30	40	cnv_068	chrX	94048223	94148222	deletion	None	c2_private	c2	0.3000	30
e4	c50p60m50	41	60	50	30	30	40	cnv_069	chrX	94591766	94691765	inversion	None	c2_private	c2	0.3000	30
e4	c50p60m50	41	60	50	30	30	40	cnv_070	chrX	95097124	95197123	deletion	None	c2_private	c2	0.3000	30
e4	c50p60m50	41	60	50	30	30	40	cnv_071	chrX	95767788	95867787	inversion	None	c2_private	c2	0.3000	30
e4	c50p60m50	41	60	50	30	30	40	cnv_072	chrX	97056317	97156316	inversion	None	c2_private	c2	0.3000	30
e4	c50p60m50	41	60	50	30	30	40	cnv_073	chrX	97804709	97904708	deletion	None	c2_private	c2	0.3000	30
e4	c50p60m50	41	60	50	30	30	40	cnv_074	chrX	100503375	100603374	inversion	None	c2_private	c2	0.3000	30
e4	c50p60m50	41	60	50	30	30	40	cnv_075	chrX	103025775	103125774	inversion	None	c3_private	c3	0.3000	30
e4	c50p60m50	41	60	50	30	30	40	cnv_076	chrX	104858118	104958117	inversion	None	c3_private	c3	0.3000	30
e4	c50p60m50	41	60	50	30	30	40	cnv_077	chrX	105469655	105569654	inversion	None	c3_private	c3	0.3000	30
e4	c50p60m50	41	60	50	30	30	40	cnv_078	chrX	106587021	106687020	inversion	None	c3_private	c3	0.3000	30
e4	c50p60m50	41	60	50	30	30	40	cnv_079	chrX	109684210	109784209	deletion	None	c3_private	c3	0.3000	30
e4	c50p60m50	41	60	50	30	30	40	cnv_080	chrX	112219541	112319540	deletion	None	c3_private	c3	0.3000	30
e4	c50p60m50	41	60	50	30	30	40	cnv_081	chrX	113223197	113323196	deletion	None	c3_private	c3	0.3000	30
e4	c50p60m50	41	60	50	30	30	40	cnv_082	chrX	113522070	113622069	inversion	None	c3_private	c3	0.3000	30
e4	c50p60m50	41	60	50	30	30	40	cnv_083	chrX	115234491	115334490	deletion	None	c3_private	c3	0.3000	30
e4	c50p60m50	41	60	50	30	30	40	cnv_084	chrX	115497064	115597063	deletion	None	c3_private	c3	0.3000	30
e4	c50p60m50	41	60	50	30	30	40	cnv_085	chrX	118728698	118828697	inversion	None	c3_private	c3	0.3000	30
e4	c50p60m50	41	60	50	30	30	40	cnv_086	chrX	119368691	119468690	deletion	None	c3_private	c3	0.3000	30
e4	c50p60m50	41	60	50	30	30	40	cnv_087	chrX	121040239	121140238	deletion	None	c3_private	c3	0.3000	30
e4	c50p60m50	41	60	50	30	30	40	cnv_088	chrX	121783132	121883131	deletion	None	c3_private	c3	0.3000	30
e4	c50p60m50	41	60	50	30	30	40	cnv_089	chrX	126101979	126201978	deletion	None	c3_private	c3	0.3000	30
e4	c50p60m50	41	60	50	30	30	40	cnv_090	chrX	130412338	130512337	inversion	None	c3_private	c3	0.3000	30
e4	c50p60m50	41	60	50	30	30	40	cnv_091	chrX	130947691	131047690	inversion	None	c3_private	c3	0.3000	30
e4	c50p60m50	41	60	50	30	30	40	cnv_092	chrX	131342494	131442493	inversion	None	c3_private	c3	0.3000	30
e4	c50p60m50	41	60	50	30	30	40	cnv_093	chrX	133615367	133715366	inversion	None	c3_private	c3	0.3000	30
e4	c50p60m50	41	60	50	30	30	40	cnv_094	chrX	133841307	133941306	inversion	None	c3_private	c3	0.3000	30
e4	c50p60m50	41	60	50	30	30	40	cnv_095	chrX	135048129	135148128	deletion	None	c3_private	c3	0.3000	30
e4	c50p60m50	41	60	50	30	30	40	cnv_096	chrX	136315184	136415183	inversion	None	c3_private	c3	0.3000	30
e4	c50p60m50	41	60	50	30	30	40	cnv_097	chrX	137740038	137840037	inversion	None	c3_private	c3	0.3000	30
e4	c50p60m50	41	60	50	30	30	40	cnv_098	chrX	142163532	142263531	deletion	None	c3_private	c3	0.3000	30
e4	c50p60m50	41	60	50	30	30	40	cnv_099	chrX	142326428	142426427	inversion	None	c3_private	c3	0.3000	30
e4	c50p60m50	41	60	50	30	30	40	cnv_100	chrX	142852663	142952662	deletion	None	c3_private	c3	0.3000	30
e4	c50p60m50	41	60	50	30	30	40	cnv_101	chrX	143052907	143152906	inversion	None	c3_private	c3	0.3000	30
e4	c50p60m50	41	60	50	30	30	40	cnv_102	chrX	143211943	143311942	deletion	None	c3_private	c3	0.3000	30
e4	c50p60m50	41	60	50	30	30	40	cnv_103	chrX	143832911	143932910	deletion	None	c3_private	c3	0.3000	30
e4	c50p60m50	41	60	50	30	30	40	cnv_104	chrX	144581680	144681679	inversion	None	c3_private	c3	0.3000	30
e4	c50p60m50	41	60	50	30	30	40	cnv_105	chrX	148152530	148252529	deletion	None	c3_private	c3	0.3000	30
e4	c50p60m50	41	60	50	30	30	40	cnv_106	chrX	149252704	149352703	deletion	None	c3_private	c3	0.3000	30
e4	c50p60m50	41	60	50	30	30	40	cnv_107	chrX	151425507	151525506	deletion	None	c3_private	c3	0.3000	30
e4	c50p60m50	41	60	50	30	30	40	cnv_108	chrX	151986036	152086035	inversion	None	c3_private	c3	0.3000	30
e4	c50p60m50	41	60	50	30	30	40	cnv_109	chrX	153163327	153263326	deletion	None	c3_private	c3	0.3000	30
e4	c50p60m50	41	60	50	30	30	40	cnv_110	chrX	153599472	153699471	deletion	None	c3_private	c3	0.3000	30
e4	c50p80m10	42	80	10	8	72	20	cnv_001	chrX	7534655	7634654	deletion	None	clonal	c2,c3	0.8000	80
e4	c50p80m10	42	80	10	8	72	20	cnv_002	chrX	10392001	10492000	deletion	None	clonal	c2,c3	0.8000	80
e4	c50p80m10	42	80	10	8	72	20	cnv_003	chrX	12113065	12213064	deletion	None	clonal	c2,c3	0.8000	80
e4	c50p80m10	42	80	10	8	72	20	cnv_004	chrX	12451669	12551668	deletion	None	clonal	c2,c3	0.8000	80
e4	c50p80m10	42	80	10	8	72	20	cnv_005	chrX	12622845	12722844	inversion	None	clonal	c2,c3	0.8000	80
e4	c50p80m10	42	80	10	8	72	20	cnv_006	chrX	14368243	14468242	deletion	None	clonal	c2,c3	0.8000	80
e4	c50p80m10	42	80	10	8	72	20	cnv_007	chrX	16255989	16355988	inversion	None	clonal	c2,c3	0.8000	80
e4	c50p80m10	42	80	10	8	72	20	cnv_008	chrX	18791669	18891668	inversion	None	clonal	c2,c3	0.8000	80
e4	c50p80m10	42	80	10	8	72	20	cnv_009	chrX	18938577	19038576	deletion	None	clonal	c2,c3	0.8000	80
e4	c50p80m10	42	80	10	8	72	20	cnv_010	chrX	20575628	20675627	deletion	None	clonal	c2,c3	0.8000	80
e4	c50p80m10	42	80	10	8	72	20	cnv_011	chrX	20779427	20879426	inversion	None	clonal	c2,c3	0.8000	80
e4	c50p80m10	42	80	10	8	72	20	cnv_012	chrX	21300398	21400397	inversion	None	clonal	c2,c3	0.8000	80
e4	c50p80m10	42	80	10	8	72	20	cnv_013	chrX	22604418	22704417	deletion	None	clonal	c2,c3	0.8000	80
e4	c50p80m10	42	80	10	8	72	20	cnv_014	chrX	22716399	22816398	inversion	None	clonal	c2,c3	0.8000	80
e4	c50p80m10	42	80	10	8	72	20	cnv_015	chrX	25126924	25226923	deletion	None	clonal	c2,c3	0.8000	80
e4	c50p80m10	42	80	10	8	72	20	cnv_016	chrX	28852336	28952335	deletion	None	clonal	c2,c3	0.8000	80
e4	c50p80m10	42	80	10	8	72	20	cnv_017	chrX	30410890	30510889	deletion	None	clonal	c2,c3	0.8000	80
e4	c50p80m10	42	80	10	8	72	20	cnv_018	chrX	31928834	32028833	inversion	None	clonal	c2,c3	0.8000	80
e4	c50p80m10	42	80	10	8	72	20	cnv_019	chrX	32290755	32390754	inversion	None	clonal	c2,c3	0.8000	80
e4	c50p80m10	42	80	10	8	72	20	cnv_020	chrX	33445241	33545240	deletion	None	clonal	c2,c3	0.8000	80
e4	c50p80m10	42	80	10	8	72	20	cnv_021	chrX	33730254	33830253	inversion	None	clonal	c2,c3	0.8000	80
e4	c50p80m10	42	80	10	8	72	20	cnv_022	chrX	34594945	34694944	deletion	None	clonal	c2,c3	0.8000	80
e4	c50p80m10	42	80	10	8	72	20	cnv_023	chrX	34846067	34946066	inversion	None	clonal	c2,c3	0.8000	80
e4	c50p80m10	42	80	10	8	72	20	cnv_024	chrX	35101599	35201598	deletion	None	clonal	c2,c3	0.8000	80
e4	c50p80m10	42	80	10	8	72	20	cnv_025	chrX	35756414	35856413	inversion	None	clonal	c2,c3	0.8000	80
e4	c50p80m10	42	80	10	8	72	20	cnv_026	chrX	38780830	38880829	inversion	None	clonal	c2,c3	0.8000	80
e4	c50p80m10	42	80	10	8	72	20	cnv_027	chrX	39218579	39318578	deletion	None	clonal	c2,c3	0.8000	80
e4	c50p80m10	42	80	10	8	72	20	cnv_028	chrX	39964009	40064008	inversion	None	clonal	c2,c3	0.8000	80
e4	c50p80m10	42	80	10	8	72	20	cnv_029	chrX	40190233	40290232	inversion	None	clonal	c2,c3	0.8000	80
e4	c50p80m10	42	80	10	8	72	20	cnv_030	chrX	41964843	42064842	inversion	None	clonal	c2,c3	0.8000	80
e4	c50p80m10	42	80	10	8	72	20	cnv_031	chrX	45865164	45965163	deletion	None	clonal	c2,c3	0.8000	80
e4	c50p80m10	42	80	10	8	72	20	cnv_032	chrX	46009804	46109803	deletion	None	clonal	c2,c3	0.8000	80
e4	c50p80m10	42	80	10	8	72	20	cnv_033	chrX	46543011	46643010	inversion	None	clonal	c2,c3	0.8000	80
e4	c50p80m10	42	80	10	8	72	20	cnv_034	chrX	47416632	47516631	inversion	None	clonal	c2,c3	0.8000	80
e4	c50p80m10	42	80	10	8	72	20	cnv_035	chrX	48046028	48146027	inversion	None	clonal	c2,c3	0.8000	80
e4	c50p80m10	42	80	10	8	72	20	cnv_036	chrX	49099756	49199755	inversion	None	clonal	c2,c3	0.8000	80
e4	c50p80m10	42	80	10	8	72	20	cnv_037	chrX	49586904	49686903	deletion	None	clonal	c2,c3	0.8000	80
e4	c50p80m10	42	80	10	8	72	20	cnv_038	chrX	51219613	51319612	deletion	None	c2_private	c2	0.0800	8
e4	c50p80m10	42	80	10	8	72	20	cnv_039	chrX	52282733	52382732	inversion	None	c2_private	c2	0.0800	8
e4	c50p80m10	42	80	10	8	72	20	cnv_040	chrX	52828302	52928301	inversion	None	c2_private	c2	0.0800	8
e4	c50p80m10	42	80	10	8	72	20	cnv_041	chrX	53433174	53533173	inversion	None	c2_private	c2	0.0800	8
e4	c50p80m10	42	80	10	8	72	20	cnv_042	chrX	54303323	54403322	inversion	None	c2_private	c2	0.0800	8
e4	c50p80m10	42	80	10	8	72	20	cnv_043	chrX	54996975	55096974	deletion	None	c2_private	c2	0.0800	8
e4	c50p80m10	42	80	10	8	72	20	cnv_044	chrX	56708059	56808058	deletion	None	c2_private	c2	0.0800	8
e4	c50p80m10	42	80	10	8	72	20	cnv_045	chrX	64768560	64868559	inversion	None	c2_private	c2	0.0800	8
e4	c50p80m10	42	80	10	8	72	20	cnv_046	chrX	66999575	67099574	inversion	None	c2_private	c2	0.0800	8
e4	c50p80m10	42	80	10	8	72	20	cnv_047	chrX	67196579	67296578	deletion	None	c2_private	c2	0.0800	8
e4	c50p80m10	42	80	10	8	72	20	cnv_048	chrX	68245435	68345434	deletion	None	c2_private	c2	0.0800	8
e4	c50p80m10	42	80	10	8	72	20	cnv_049	chrX	69313490	69413489	inversion	None	c2_private	c2	0.0800	8
e4	c50p80m10	42	80	10	8	72	20	cnv_050	chrX	69578797	69678796	deletion	None	c2_private	c2	0.0800	8
e4	c50p80m10	42	80	10	8	72	20	cnv_051	chrX	70072789	70172788	inversion	None	c2_private	c2	0.0800	8
e4	c50p80m10	42	80	10	8	72	20	cnv_052	chrX	70415058	70515057	deletion	None	c2_private	c2	0.0800	8
e4	c50p80m10	42	80	10	8	72	20	cnv_053	chrX	70737488	70837487	inversion	None	c2_private	c2	0.0800	8
e4	c50p80m10	42	80	10	8	72	20	cnv_054	chrX	71158330	71258329	inversion	None	c2_private	c2	0.0800	8
e4	c50p80m10	42	80	10	8	72	20	cnv_055	chrX	74974791	75074790	deletion	None	c2_private	c2	0.0800	8
e4	c50p80m10	42	80	10	8	72	20	cnv_056	chrX	75760354	75860353	deletion	None	c2_private	c2	0.0800	8
e4	c50p80m10	42	80	10	8	72	20	cnv_057	chrX	76493731	76593730	inversion	None	c2_private	c2	0.0800	8
e4	c50p80m10	42	80	10	8	72	20	cnv_058	chrX	77427278	77527277	inversion	None	c2_private	c2	0.0800	8
e4	c50p80m10	42	80	10	8	72	20	cnv_059	chrX	77697373	77797372	deletion	None	c2_private	c2	0.0800	8
e4	c50p80m10	42	80	10	8	72	20	cnv_060	chrX	78286754	78386753	deletion	None	c2_private	c2	0.0800	8
e4	c50p80m10	42	80	10	8	72	20	cnv_061	chrX	81211472	81311471	deletion	None	c2_private	c2	0.0800	8
e4	c50p80m10	42	80	10	8	72	20	cnv_062	chrX	83157545	83257544	inversion	None	c2_private	c2	0.0800	8
e4	c50p80m10	42	80	10	8	72	20	cnv_063	chrX	83434710	83534709	inversion	None	c2_private	c2	0.0800	8
e4	c50p80m10	42	80	10	8	72	20	cnv_064	chrX	87748068	87848067	deletion	None	c2_private	c2	0.0800	8
e4	c50p80m10	42	80	10	8	72	20	cnv_065	chrX	89210691	89310690	deletion	None	c2_private	c2	0.0800	8
e4	c50p80m10	42	80	10	8	72	20	cnv_066	chrX	90723254	90823253	deletion	None	c2_private	c2	0.0800	8
e4	c50p80m10	42	80	10	8	72	20	cnv_067	chrX	92586296	92686295	inversion	None	c2_private	c2	0.0800	8
e4	c50p80m10	42	80	10	8	72	20	cnv_068	chrX	94048223	94148222	deletion	None	c2_private	c2	0.0800	8
e4	c50p80m10	42	80	10	8	72	20	cnv_069	chrX	94591766	94691765	inversion	None	c2_private	c2	0.0800	8
e4	c50p80m10	42	80	10	8	72	20	cnv_070	chrX	95097124	95197123	deletion	None	c2_private	c2	0.0800	8
e4	c50p80m10	42	80	10	8	72	20	cnv_071	chrX	95767788	95867787	inversion	None	c2_private	c2	0.0800	8
e4	c50p80m10	42	80	10	8	72	20	cnv_072	chrX	97056317	97156316	inversion	None	c2_private	c2	0.0800	8
e4	c50p80m10	42	80	10	8	72	20	cnv_073	chrX	97804709	97904708	deletion	None	c2_private	c2	0.0800	8
e4	c50p80m10	42	80	10	8	72	20	cnv_074	chrX	100503375	100603374	inversion	None	c2_private	c2	0.0800	8
e4	c50p80m10	42	80	10	8	72	20	cnv_075	chrX	103025775	103125774	inversion	None	c3_private	c3	0.7200	72
e4	c50p80m10	42	80	10	8	72	20	cnv_076	chrX	104858118	104958117	inversion	None	c3_private	c3	0.7200	72
e4	c50p80m10	42	80	10	8	72	20	cnv_077	chrX	105469655	105569654	inversion	None	c3_private	c3	0.7200	72
e4	c50p80m10	42	80	10	8	72	20	cnv_078	chrX	106587021	106687020	inversion	None	c3_private	c3	0.7200	72
e4	c50p80m10	42	80	10	8	72	20	cnv_079	chrX	109684210	109784209	deletion	None	c3_private	c3	0.7200	72
e4	c50p80m10	42	80	10	8	72	20	cnv_080	chrX	112219541	112319540	deletion	None	c3_private	c3	0.7200	72
e4	c50p80m10	42	80	10	8	72	20	cnv_081	chrX	113223197	113323196	deletion	None	c3_private	c3	0.7200	72
e4	c50p80m10	42	80	10	8	72	20	cnv_082	chrX	113522070	113622069	inversion	None	c3_private	c3	0.7200	72
e4	c50p80m10	42	80	10	8	72	20	cnv_083	chrX	115234491	115334490	deletion	None	c3_private	c3	0.7200	72
e4	c50p80m10	42	80	10	8	72	20	cnv_084	chrX	115497064	115597063	deletion	None	c3_private	c3	0.7200	72
e4	c50p80m10	42	80	10	8	72	20	cnv_085	chrX	118728698	118828697	inversion	None	c3_private	c3	0.7200	72
e4	c50p80m10	42	80	10	8	72	20	cnv_086	chrX	119368691	119468690	deletion	None	c3_private	c3	0.7200	72
e4	c50p80m10	42	80	10	8	72	20	cnv_087	chrX	121040239	121140238	deletion	None	c3_private	c3	0.7200	72
e4	c50p80m10	42	80	10	8	72	20	cnv_088	chrX	121783132	121883131	deletion	None	c3_private	c3	0.7200	72
e4	c50p80m10	42	80	10	8	72	20	cnv_089	chrX	126101979	126201978	deletion	None	c3_private	c3	0.7200	72
e4	c50p80m10	42	80	10	8	72	20	cnv_090	chrX	130412338	130512337	inversion	None	c3_private	c3	0.7200	72
e4	c50p80m10	42	80	10	8	72	20	cnv_091	chrX	130947691	131047690	inversion	None	c3_private	c3	0.7200	72
e4	c50p80m10	42	80	10	8	72	20	cnv_092	chrX	131342494	131442493	inversion	None	c3_private	c3	0.7200	72
e4	c50p80m10	42	80	10	8	72	20	cnv_093	chrX	133615367	133715366	inversion	None	c3_private	c3	0.7200	72
e4	c50p80m10	42	80	10	8	72	20	cnv_094	chrX	133841307	133941306	inversion	None	c3_private	c3	0.7200	72
e4	c50p80m10	42	80	10	8	72	20	cnv_095	chrX	135048129	135148128	deletion	None	c3_private	c3	0.7200	72
e4	c50p80m10	42	80	10	8	72	20	cnv_096	chrX	136315184	136415183	inversion	None	c3_private	c3	0.7200	72
e4	c50p80m10	42	80	10	8	72	20	cnv_097	chrX	137740038	137840037	inversion	None	c3_private	c3	0.7200	72
e4	c50p80m10	42	80	10	8	72	20	cnv_098	chrX	142163532	142263531	deletion	None	c3_private	c3	0.7200	72
e4	c50p80m10	42	80	10	8	72	20	cnv_099	chrX	142326428	142426427	inversion	None	c3_private	c3	0.7200	72
e4	c50p80m10	42	80	10	8	72	20	cnv_100	chrX	142852663	142952662	deletion	None	c3_private	c3	0.7200	72
e4	c50p80m10	42	80	10	8	72	20	cnv_101	chrX	143052907	143152906	inversion	None	c3_private	c3	0.7200	72
e4	c50p80m10	42	80	10	8	72	20	cnv_102	chrX	143211943	143311942	deletion	None	c3_private	c3	0.7200	72
e4	c50p80m10	42	80	10	8	72	20	cnv_103	chrX	143832911	143932910	deletion	None	c3_private	c3	0.7200	72
e4	c50p80m10	42	80	10	8	72	20	cnv_104	chrX	144581680	144681679	inversion	None	c3_private	c3	0.7200	72
e4	c50p80m10	42	80	10	8	72	20	cnv_105	chrX	148152530	148252529	deletion	None	c3_private	c3	0.7200	72
e4	c50p80m10	42	80	10	8	72	20	cnv_106	chrX	149252704	149352703	deletion	None	c3_private	c3	0.7200	72
e4	c50p80m10	42	80	10	8	72	20	cnv_107	chrX	151425507	151525506	deletion	None	c3_private	c3	0.7200	72
e4	c50p80m10	42	80	10	8	72	20	cnv_108	chrX	151986036	152086035	inversion	None	c3_private	c3	0.7200	72
e4	c50p80m10	42	80	10	8	72	20	cnv_109	chrX	153163327	153263326	deletion	None	c3_private	c3	0.7200	72
e4	c50p80m10	42	80	10	8	72	20	cnv_110	chrX	153599472	153699471	deletion	None	c3_private	c3	0.7200	72
e4	c50p80m30	43	80	30	24	56	20	cnv_001	chrX	7534655	7634654	deletion	None	clonal	c2,c3	0.8000	80
e4	c50p80m30	43	80	30	24	56	20	cnv_002	chrX	10392001	10492000	deletion	None	clonal	c2,c3	0.8000	80
e4	c50p80m30	43	80	30	24	56	20	cnv_003	chrX	12113065	12213064	deletion	None	clonal	c2,c3	0.8000	80
e4	c50p80m30	43	80	30	24	56	20	cnv_004	chrX	12451669	12551668	deletion	None	clonal	c2,c3	0.8000	80
e4	c50p80m30	43	80	30	24	56	20	cnv_005	chrX	12622845	12722844	inversion	None	clonal	c2,c3	0.8000	80
e4	c50p80m30	43	80	30	24	56	20	cnv_006	chrX	14368243	14468242	deletion	None	clonal	c2,c3	0.8000	80
e4	c50p80m30	43	80	30	24	56	20	cnv_007	chrX	16255989	16355988	inversion	None	clonal	c2,c3	0.8000	80
e4	c50p80m30	43	80	30	24	56	20	cnv_008	chrX	18791669	18891668	inversion	None	clonal	c2,c3	0.8000	80
e4	c50p80m30	43	80	30	24	56	20	cnv_009	chrX	18938577	19038576	deletion	None	clonal	c2,c3	0.8000	80
e4	c50p80m30	43	80	30	24	56	20	cnv_010	chrX	20575628	20675627	deletion	None	clonal	c2,c3	0.8000	80
e4	c50p80m30	43	80	30	24	56	20	cnv_011	chrX	20779427	20879426	inversion	None	clonal	c2,c3	0.8000	80
e4	c50p80m30	43	80	30	24	56	20	cnv_012	chrX	21300398	21400397	inversion	None	clonal	c2,c3	0.8000	80
e4	c50p80m30	43	80	30	24	56	20	cnv_013	chrX	22604418	22704417	deletion	None	clonal	c2,c3	0.8000	80
e4	c50p80m30	43	80	30	24	56	20	cnv_014	chrX	22716399	22816398	inversion	None	clonal	c2,c3	0.8000	80
e4	c50p80m30	43	80	30	24	56	20	cnv_015	chrX	25126924	25226923	deletion	None	clonal	c2,c3	0.8000	80
e4	c50p80m30	43	80	30	24	56	20	cnv_016	chrX	28852336	28952335	deletion	None	clonal	c2,c3	0.8000	80
e4	c50p80m30	43	80	30	24	56	20	cnv_017	chrX	30410890	30510889	deletion	None	clonal	c2,c3	0.8000	80
e4	c50p80m30	43	80	30	24	56	20	cnv_018	chrX	31928834	32028833	inversion	None	clonal	c2,c3	0.8000	80
e4	c50p80m30	43	80	30	24	56	20	cnv_019	chrX	32290755	32390754	inversion	None	clonal	c2,c3	0.8000	80
e4	c50p80m30	43	80	30	24	56	20	cnv_020	chrX	33445241	33545240	deletion	None	clonal	c2,c3	0.8000	80
e4	c50p80m30	43	80	30	24	56	20	cnv_021	chrX	33730254	33830253	inversion	None	clonal	c2,c3	0.8000	80
e4	c50p80m30	43	80	30	24	56	20	cnv_022	chrX	34594945	34694944	deletion	None	clonal	c2,c3	0.8000	80
e4	c50p80m30	43	80	30	24	56	20	cnv_023	chrX	34846067	34946066	inversion	None	clonal	c2,c3	0.8000	80
e4	c50p80m30	43	80	30	24	56	20	cnv_024	chrX	35101599	35201598	deletion	None	clonal	c2,c3	0.8000	80
e4	c50p80m30	43	80	30	24	56	20	cnv_025	chrX	35756414	35856413	inversion	None	clonal	c2,c3	0.8000	80
e4	c50p80m30	43	80	30	24	56	20	cnv_026	chrX	38780830	38880829	inversion	None	clonal	c2,c3	0.8000	80
e4	c50p80m30	43	80	30	24	56	20	cnv_027	chrX	39218579	39318578	deletion	None	clonal	c2,c3	0.8000	80
e4	c50p80m30	43	80	30	24	56	20	cnv_028	chrX	39964009	40064008	inversion	None	clonal	c2,c3	0.8000	80
e4	c50p80m30	43	80	30	24	56	20	cnv_029	chrX	40190233	40290232	inversion	None	clonal	c2,c3	0.8000	80
e4	c50p80m30	43	80	30	24	56	20	cnv_030	chrX	41964843	42064842	inversion	None	clonal	c2,c3	0.8000	80
e4	c50p80m30	43	80	30	24	56	20	cnv_031	chrX	45865164	45965163	deletion	None	clonal	c2,c3	0.8000	80
e4	c50p80m30	43	80	30	24	56	20	cnv_032	chrX	46009804	46109803	deletion	None	clonal	c2,c3	0.8000	80
e4	c50p80m30	43	80	30	24	56	20	cnv_033	chrX	46543011	46643010	inversion	None	clonal	c2,c3	0.8000	80
e4	c50p80m30	43	80	30	24	56	20	cnv_034	chrX	47416632	47516631	inversion	None	clonal	c2,c3	0.8000	80
e4	c50p80m30	43	80	30	24	56	20	cnv_035	chrX	48046028	48146027	inversion	None	clonal	c2,c3	0.8000	80
e4	c50p80m30	43	80	30	24	56	20	cnv_036	chrX	49099756	49199755	inversion	None	clonal	c2,c3	0.8000	80
e4	c50p80m30	43	80	30	24	56	20	cnv_037	chrX	49586904	49686903	deletion	None	clonal	c2,c3	0.8000	80
e4	c50p80m30	43	80	30	24	56	20	cnv_038	chrX	51219613	51319612	deletion	None	c2_private	c2	0.2400	24
e4	c50p80m30	43	80	30	24	56	20	cnv_039	chrX	52282733	52382732	inversion	None	c2_private	c2	0.2400	24
e4	c50p80m30	43	80	30	24	56	20	cnv_040	chrX	52828302	52928301	inversion	None	c2_private	c2	0.2400	24
e4	c50p80m30	43	80	30	24	56	20	cnv_041	chrX	53433174	53533173	inversion	None	c2_private	c2	0.2400	24
e4	c50p80m30	43	80	30	24	56	20	cnv_042	chrX	54303323	54403322	inversion	None	c2_private	c2	0.2400	24
e4	c50p80m30	43	80	30	24	56	20	cnv_043	chrX	54996975	55096974	deletion	None	c2_private	c2	0.2400	24
e4	c50p80m30	43	80	30	24	56	20	cnv_044	chrX	56708059	56808058	deletion	None	c2_private	c2	0.2400	24
e4	c50p80m30	43	80	30	24	56	20	cnv_045	chrX	64768560	64868559	inversion	None	c2_private	c2	0.2400	24
e4	c50p80m30	43	80	30	24	56	20	cnv_046	chrX	66999575	67099574	inversion	None	c2_private	c2	0.2400	24
e4	c50p80m30	43	80	30	24	56	20	cnv_047	chrX	67196579	67296578	deletion	None	c2_private	c2	0.2400	24
e4	c50p80m30	43	80	30	24	56	20	cnv_048	chrX	68245435	68345434	deletion	None	c2_private	c2	0.2400	24
e4	c50p80m30	43	80	30	24	56	20	cnv_049	chrX	69313490	69413489	inversion	None	c2_private	c2	0.2400	24
e4	c50p80m30	43	80	30	24	56	20	cnv_050	chrX	69578797	69678796	deletion	None	c2_private	c2	0.2400	24
e4	c50p80m30	43	80	30	24	56	20	cnv_051	chrX	70072789	70172788	inversion	None	c2_private	c2	0.2400	24
e4	c50p80m30	43	80	30	24	56	20	cnv_052	chrX	70415058	70515057	deletion	None	c2_private	c2	0.2400	24
e4	c50p80m30	43	80	30	24	56	20	cnv_053	chrX	70737488	70837487	inversion	None	c2_private	c2	0.2400	24
e4	c50p80m30	43	80	30	24	56	20	cnv_054	chrX	71158330	71258329	inversion	None	c2_private	c2	0.2400	24
e4	c50p80m30	43	80	30	24	56	20	cnv_055	chrX	74974791	75074790	deletion	None	c2_private	c2	0.2400	24
e4	c50p80m30	43	80	30	24	56	20	cnv_056	chrX	75760354	75860353	deletion	None	c2_private	c2	0.2400	24
e4	c50p80m30	43	80	30	24	56	20	cnv_057	chrX	76493731	76593730	inversion	None	c2_private	c2	0.2400	24
e4	c50p80m30	43	80	30	24	56	20	cnv_058	chrX	77427278	77527277	inversion	None	c2_private	c2	0.2400	24
e4	c50p80m30	43	80	30	24	56	20	cnv_059	chrX	77697373	77797372	deletion	None	c2_private	c2	0.2400	24
e4	c50p80m30	43	80	30	24	56	20	cnv_060	chrX	78286754	78386753	deletion	None	c2_private	c2	0.2400	24
e4	c50p80m30	43	80	30	24	56	20	cnv_061	chrX	81211472	81311471	deletion	None	c2_private	c2	0.2400	24
e4	c50p80m30	43	80	30	24	56	20	cnv_062	chrX	83157545	83257544	inversion	None	c2_private	c2	0.2400	24
e4	c50p80m30	43	80	30	24	56	20	cnv_063	chrX	83434710	83534709	inversion	None	c2_private	c2	0.2400	24
e4	c50p80m30	43	80	30	24	56	20	cnv_064	chrX	87748068	87848067	deletion	None	c2_private	c2	0.2400	24
e4	c50p80m30	43	80	30	24	56	20	cnv_065	chrX	89210691	89310690	deletion	None	c2_private	c2	0.2400	24
e4	c50p80m30	43	80	30	24	56	20	cnv_066	chrX	90723254	90823253	deletion	None	c2_private	c2	0.2400	24
e4	c50p80m30	43	80	30	24	56	20	cnv_067	chrX	92586296	92686295	inversion	None	c2_private	c2	0.2400	24
e4	c50p80m30	43	80	30	24	56	20	cnv_068	chrX	94048223	94148222	deletion	None	c2_private	c2	0.2400	24
e4	c50p80m30	43	80	30	24	56	20	cnv_069	chrX	94591766	94691765	inversion	None	c2_private	c2	0.2400	24
e4	c50p80m30	43	80	30	24	56	20	cnv_070	chrX	95097124	95197123	deletion	None	c2_private	c2	0.2400	24
e4	c50p80m30	43	80	30	24	56	20	cnv_071	chrX	95767788	95867787	inversion	None	c2_private	c2	0.2400	24
e4	c50p80m30	43	80	30	24	56	20	cnv_072	chrX	97056317	97156316	inversion	None	c2_private	c2	0.2400	24
e4	c50p80m30	43	80	30	24	56	20	cnv_073	chrX	97804709	97904708	deletion	None	c2_private	c2	0.2400	24
e4	c50p80m30	43	80	30	24	56	20	cnv_074	chrX	100503375	100603374	inversion	None	c2_private	c2	0.2400	24
e4	c50p80m30	43	80	30	24	56	20	cnv_075	chrX	103025775	103125774	inversion	None	c3_private	c3	0.5600	56
e4	c50p80m30	43	80	30	24	56	20	cnv_076	chrX	104858118	104958117	inversion	None	c3_private	c3	0.5600	56
e4	c50p80m30	43	80	30	24	56	20	cnv_077	chrX	105469655	105569654	inversion	None	c3_private	c3	0.5600	56
e4	c50p80m30	43	80	30	24	56	20	cnv_078	chrX	106587021	106687020	inversion	None	c3_private	c3	0.5600	56
e4	c50p80m30	43	80	30	24	56	20	cnv_079	chrX	109684210	109784209	deletion	None	c3_private	c3	0.5600	56
e4	c50p80m30	43	80	30	24	56	20	cnv_080	chrX	112219541	112319540	deletion	None	c3_private	c3	0.5600	56
e4	c50p80m30	43	80	30	24	56	20	cnv_081	chrX	113223197	113323196	deletion	None	c3_private	c3	0.5600	56
e4	c50p80m30	43	80	30	24	56	20	cnv_082	chrX	113522070	113622069	inversion	None	c3_private	c3	0.5600	56
e4	c50p80m30	43	80	30	24	56	20	cnv_083	chrX	115234491	115334490	deletion	None	c3_private	c3	0.5600	56
e4	c50p80m30	43	80	30	24	56	20	cnv_084	chrX	115497064	115597063	deletion	None	c3_private	c3	0.5600	56
e4	c50p80m30	43	80	30	24	56	20	cnv_085	chrX	118728698	118828697	inversion	None	c3_private	c3	0.5600	56
e4	c50p80m30	43	80	30	24	56	20	cnv_086	chrX	119368691	119468690	deletion	None	c3_private	c3	0.5600	56
e4	c50p80m30	43	80	30	24	56	20	cnv_087	chrX	121040239	121140238	deletion	None	c3_private	c3	0.5600	56
e4	c50p80m30	43	80	30	24	56	20	cnv_088	chrX	121783132	121883131	deletion	None	c3_private	c3	0.5600	56
e4	c50p80m30	43	80	30	24	56	20	cnv_089	chrX	126101979	126201978	deletion	None	c3_private	c3	0.5600	56
e4	c50p80m30	43	80	30	24	56	20	cnv_090	chrX	130412338	130512337	inversion	None	c3_private	c3	0.5600	56
e4	c50p80m30	43	80	30	24	56	20	cnv_091	chrX	130947691	131047690	inversion	None	c3_private	c3	0.5600	56
e4	c50p80m30	43	80	30	24	56	20	cnv_092	chrX	131342494	131442493	inversion	None	c3_private	c3	0.5600	56
e4	c50p80m30	43	80	30	24	56	20	cnv_093	chrX	133615367	133715366	inversion	None	c3_private	c3	0.5600	56
e4	c50p80m30	43	80	30	24	56	20	cnv_094	chrX	133841307	133941306	inversion	None	c3_private	c3	0.5600	56
e4	c50p80m30	43	80	30	24	56	20	cnv_095	chrX	135048129	135148128	deletion	None	c3_private	c3	0.5600	56
e4	c50p80m30	43	80	30	24	56	20	cnv_096	chrX	136315184	136415183	inversion	None	c3_private	c3	0.5600	56
e4	c50p80m30	43	80	30	24	56	20	cnv_097	chrX	137740038	137840037	inversion	None	c3_private	c3	0.5600	56
e4	c50p80m30	43	80	30	24	56	20	cnv_098	chrX	142163532	142263531	deletion	None	c3_private	c3	0.5600	56
e4	c50p80m30	43	80	30	24	56	20	cnv_099	chrX	142326428	142426427	inversion	None	c3_private	c3	0.5600	56
e4	c50p80m30	43	80	30	24	56	20	cnv_100	chrX	142852663	142952662	deletion	None	c3_private	c3	0.5600	56
e4	c50p80m30	43	80	30	24	56	20	cnv_101	chrX	143052907	143152906	inversion	None	c3_private	c3	0.5600	56
e4	c50p80m30	43	80	30	24	56	20	cnv_102	chrX	143211943	143311942	deletion	None	c3_private	c3	0.5600	56
e4	c50p80m30	43	80	30	24	56	20	cnv_103	chrX	143832911	143932910	deletion	None	c3_private	c3	0.5600	56
e4	c50p80m30	43	80	30	24	56	20	cnv_104	chrX	144581680	144681679	inversion	None	c3_private	c3	0.5600	56
e4	c50p80m30	43	80	30	24	56	20	cnv_105	chrX	148152530	148252529	deletion	None	c3_private	c3	0.5600	56
e4	c50p80m30	43	80	30	24	56	20	cnv_106	chrX	149252704	149352703	deletion	None	c3_private	c3	0.5600	56
e4	c50p80m30	43	80	30	24	56	20	cnv_107	chrX	151425507	151525506	deletion	None	c3_private	c3	0.5600	56
e4	c50p80m30	43	80	30	24	56	20	cnv_108	chrX	151986036	152086035	inversion	None	c3_private	c3	0.5600	56
e4	c50p80m30	43	80	30	24	56	20	cnv_109	chrX	153163327	153263326	deletion	None	c3_private	c3	0.5600	56
e4	c50p80m30	43	80	30	24	56	20	cnv_110	chrX	153599472	153699471	deletion	None	c3_private	c3	0.5600	56
e4	c50p80m50	44	80	50	40	40	20	cnv_001	chrX	7534655	7634654	deletion	None	clonal	c2,c3	0.8000	80
e4	c50p80m50	44	80	50	40	40	20	cnv_002	chrX	10392001	10492000	deletion	None	clonal	c2,c3	0.8000	80
e4	c50p80m50	44	80	50	40	40	20	cnv_003	chrX	12113065	12213064	deletion	None	clonal	c2,c3	0.8000	80
e4	c50p80m50	44	80	50	40	40	20	cnv_004	chrX	12451669	12551668	deletion	None	clonal	c2,c3	0.8000	80
e4	c50p80m50	44	80	50	40	40	20	cnv_005	chrX	12622845	12722844	inversion	None	clonal	c2,c3	0.8000	80
e4	c50p80m50	44	80	50	40	40	20	cnv_006	chrX	14368243	14468242	deletion	None	clonal	c2,c3	0.8000	80
e4	c50p80m50	44	80	50	40	40	20	cnv_007	chrX	16255989	16355988	inversion	None	clonal	c2,c3	0.8000	80
e4	c50p80m50	44	80	50	40	40	20	cnv_008	chrX	18791669	18891668	inversion	None	clonal	c2,c3	0.8000	80
e4	c50p80m50	44	80	50	40	40	20	cnv_009	chrX	18938577	19038576	deletion	None	clonal	c2,c3	0.8000	80
e4	c50p80m50	44	80	50	40	40	20	cnv_010	chrX	20575628	20675627	deletion	None	clonal	c2,c3	0.8000	80
e4	c50p80m50	44	80	50	40	40	20	cnv_011	chrX	20779427	20879426	inversion	None	clonal	c2,c3	0.8000	80
e4	c50p80m50	44	80	50	40	40	20	cnv_012	chrX	21300398	21400397	inversion	None	clonal	c2,c3	0.8000	80
e4	c50p80m50	44	80	50	40	40	20	cnv_013	chrX	22604418	22704417	deletion	None	clonal	c2,c3	0.8000	80
e4	c50p80m50	44	80	50	40	40	20	cnv_014	chrX	22716399	22816398	inversion	None	clonal	c2,c3	0.8000	80
e4	c50p80m50	44	80	50	40	40	20	cnv_015	chrX	25126924	25226923	deletion	None	clonal	c2,c3	0.8000	80
e4	c50p80m50	44	80	50	40	40	20	cnv_016	chrX	28852336	28952335	deletion	None	clonal	c2,c3	0.8000	80
e4	c50p80m50	44	80	50	40	40	20	cnv_017	chrX	30410890	30510889	deletion	None	clonal	c2,c3	0.8000	80
e4	c50p80m50	44	80	50	40	40	20	cnv_018	chrX	31928834	32028833	inversion	None	clonal	c2,c3	0.8000	80
e4	c50p80m50	44	80	50	40	40	20	cnv_019	chrX	32290755	32390754	inversion	None	clonal	c2,c3	0.8000	80
e4	c50p80m50	44	80	50	40	40	20	cnv_020	chrX	33445241	33545240	deletion	None	clonal	c2,c3	0.8000	80
e4	c50p80m50	44	80	50	40	40	20	cnv_021	chrX	33730254	33830253	inversion	None	clonal	c2,c3	0.8000	80
e4	c50p80m50	44	80	50	40	40	20	cnv_022	chrX	34594945	34694944	deletion	None	clonal	c2,c3	0.8000	80
e4	c50p80m50	44	80	50	40	40	20	cnv_023	chrX	34846067	34946066	inversion	None	clonal	c2,c3	0.8000	80
e4	c50p80m50	44	80	50	40	40	20	cnv_024	chrX	35101599	35201598	deletion	None	clonal	c2,c3	0.8000	80
e4	c50p80m50	44	80	50	40	40	20	cnv_025	chrX	35756414	35856413	inversion	None	clonal	c2,c3	0.8000	80
e4	c50p80m50	44	80	50	40	40	20	cnv_026	chrX	38780830	38880829	inversion	None	clonal	c2,c3	0.8000	80
e4	c50p80m50	44	80	50	40	40	20	cnv_027	chrX	39218579	39318578	deletion	None	clonal	c2,c3	0.8000	80
e4	c50p80m50	44	80	50	40	40	20	cnv_028	chrX	39964009	40064008	inversion	None	clonal	c2,c3	0.8000	80
e4	c50p80m50	44	80	50	40	40	20	cnv_029	chrX	40190233	40290232	inversion	None	clonal	c2,c3	0.8000	80
e4	c50p80m50	44	80	50	40	40	20	cnv_030	chrX	41964843	42064842	inversion	None	clonal	c2,c3	0.8000	80
e4	c50p80m50	44	80	50	40	40	20	cnv_031	chrX	45865164	45965163	deletion	None	clonal	c2,c3	0.8000	80
e4	c50p80m50	44	80	50	40	40	20	cnv_032	chrX	46009804	46109803	deletion	None	clonal	c2,c3	0.8000	80
e4	c50p80m50	44	80	50	40	40	20	cnv_033	chrX	46543011	46643010	inversion	None	clonal	c2,c3	0.8000	80
e4	c50p80m50	44	80	50	40	40	20	cnv_034	chrX	47416632	47516631	inversion	None	clonal	c2,c3	0.8000	80
e4	c50p80m50	44	80	50	40	40	20	cnv_035	chrX	48046028	48146027	inversion	None	clonal	c2,c3	0.8000	80
e4	c50p80m50	44	80	50	40	40	20	cnv_036	chrX	49099756	49199755	inversion	None	clonal	c2,c3	0.8000	80
e4	c50p80m50	44	80	50	40	40	20	cnv_037	chrX	49586904	49686903	deletion	None	clonal	c2,c3	0.8000	80
e4	c50p80m50	44	80	50	40	40	20	cnv_038	chrX	51219613	51319612	deletion	None	c2_private	c2	0.4000	40
e4	c50p80m50	44	80	50	40	40	20	cnv_039	chrX	52282733	52382732	inversion	None	c2_private	c2	0.4000	40
e4	c50p80m50	44	80	50	40	40	20	cnv_040	chrX	52828302	52928301	inversion	None	c2_private	c2	0.4000	40
e4	c50p80m50	44	80	50	40	40	20	cnv_041	chrX	53433174	53533173	inversion	None	c2_private	c2	0.4000	40
e4	c50p80m50	44	80	50	40	40	20	cnv_042	chrX	54303323	54403322	inversion	None	c2_private	c2	0.4000	40
e4	c50p80m50	44	80	50	40	40	20	cnv_043	chrX	54996975	55096974	deletion	None	c2_private	c2	0.4000	40
e4	c50p80m50	44	80	50	40	40	20	cnv_044	chrX	56708059	56808058	deletion	None	c2_private	c2	0.4000	40
e4	c50p80m50	44	80	50	40	40	20	cnv_045	chrX	64768560	64868559	inversion	None	c2_private	c2	0.4000	40
e4	c50p80m50	44	80	50	40	40	20	cnv_046	chrX	66999575	67099574	inversion	None	c2_private	c2	0.4000	40
e4	c50p80m50	44	80	50	40	40	20	cnv_047	chrX	67196579	67296578	deletion	None	c2_private	c2	0.4000	40
e4	c50p80m50	44	80	50	40	40	20	cnv_048	chrX	68245435	68345434	deletion	None	c2_private	c2	0.4000	40
e4	c50p80m50	44	80	50	40	40	20	cnv_049	chrX	69313490	69413489	inversion	None	c2_private	c2	0.4000	40
e4	c50p80m50	44	80	50	40	40	20	cnv_050	chrX	69578797	69678796	deletion	None	c2_private	c2	0.4000	40
e4	c50p80m50	44	80	50	40	40	20	cnv_051	chrX	70072789	70172788	inversion	None	c2_private	c2	0.4000	40
e4	c50p80m50	44	80	50	40	40	20	cnv_052	chrX	70415058	70515057	deletion	None	c2_private	c2	0.4000	40
e4	c50p80m50	44	80	50	40	40	20	cnv_053	chrX	70737488	70837487	inversion	None	c2_private	c2	0.4000	40
e4	c50p80m50	44	80	50	40	40	20	cnv_054	chrX	71158330	71258329	inversion	None	c2_private	c2	0.4000	40
e4	c50p80m50	44	80	50	40	40	20	cnv_055	chrX	74974791	75074790	deletion	None	c2_private	c2	0.4000	40
e4	c50p80m50	44	80	50	40	40	20	cnv_056	chrX	75760354	75860353	deletion	None	c2_private	c2	0.4000	40
e4	c50p80m50	44	80	50	40	40	20	cnv_057	chrX	76493731	76593730	inversion	None	c2_private	c2	0.4000	40
e4	c50p80m50	44	80	50	40	40	20	cnv_058	chrX	77427278	77527277	inversion	None	c2_private	c2	0.4000	40
e4	c50p80m50	44	80	50	40	40	20	cnv_059	chrX	77697373	77797372	deletion	None	c2_private	c2	0.4000	40
e4	c50p80m50	44	80	50	40	40	20	cnv_060	chrX	78286754	78386753	deletion	None	c2_private	c2	0.4000	40
e4	c50p80m50	44	80	50	40	40	20	cnv_061	chrX	81211472	81311471	deletion	None	c2_private	c2	0.4000	40
e4	c50p80m50	44	80	50	40	40	20	cnv_062	chrX	83157545	83257544	inversion	None	c2_private	c2	0.4000	40
e4	c50p80m50	44	80	50	40	40	20	cnv_063	chrX	83434710	83534709	inversion	None	c2_private	c2	0.4000	40
e4	c50p80m50	44	80	50	40	40	20	cnv_064	chrX	87748068	87848067	deletion	None	c2_private	c2	0.4000	40
e4	c50p80m50	44	80	50	40	40	20	cnv_065	chrX	89210691	89310690	deletion	None	c2_private	c2	0.4000	40
e4	c50p80m50	44	80	50	40	40	20	cnv_066	chrX	90723254	90823253	deletion	None	c2_private	c2	0.4000	40
e4	c50p80m50	44	80	50	40	40	20	cnv_067	chrX	92586296	92686295	inversion	None	c2_private	c2	0.4000	40
e4	c50p80m50	44	80	50	40	40	20	cnv_068	chrX	94048223	94148222	deletion	None	c2_private	c2	0.4000	40
e4	c50p80m50	44	80	50	40	40	20	cnv_069	chrX	94591766	94691765	inversion	None	c2_private	c2	0.4000	40
e4	c50p80m50	44	80	50	40	40	20	cnv_070	chrX	95097124	95197123	deletion	None	c2_private	c2	0.4000	40
e4	c50p80m50	44	80	50	40	40	20	cnv_071	chrX	95767788	95867787	inversion	None	c2_private	c2	0.4000	40
e4	c50p80m50	44	80	50	40	40	20	cnv_072	chrX	97056317	97156316	inversion	None	c2_private	c2	0.4000	40
e4	c50p80m50	44	80	50	40	40	20	cnv_073	chrX	97804709	97904708	deletion	None	c2_private	c2	0.4000	40
e4	c50p80m50	44	80	50	40	40	20	cnv_074	chrX	100503375	100603374	inversion	None	c2_private	c2	0.4000	40
e4	c50p80m50	44	80	50	40	40	20	cnv_075	chrX	103025775	103125774	inversion	None	c3_private	c3	0.4000	40
e4	c50p80m50	44	80	50	40	40	20	cnv_076	chrX	104858118	104958117	inversion	None	c3_private	c3	0.4000	40
e4	c50p80m50	44	80	50	40	40	20	cnv_077	chrX	105469655	105569654	inversion	None	c3_private	c3	0.4000	40
e4	c50p80m50	44	80	50	40	40	20	cnv_078	chrX	106587021	106687020	inversion	None	c3_private	c3	0.4000	40
e4	c50p80m50	44	80	50	40	40	20	cnv_079	chrX	109684210	109784209	deletion	None	c3_private	c3	0.4000	40
e4	c50p80m50	44	80	50	40	40	20	cnv_080	chrX	112219541	112319540	deletion	None	c3_private	c3	0.4000	40
e4	c50p80m50	44	80	50	40	40	20	cnv_081	chrX	113223197	113323196	deletion	None	c3_private	c3	0.4000	40
e4	c50p80m50	44	80	50	40	40	20	cnv_082	chrX	113522070	113622069	inversion	None	c3_private	c3	0.4000	40
e4	c50p80m50	44	80	50	40	40	20	cnv_083	chrX	115234491	115334490	deletion	None	c3_private	c3	0.4000	40
e4	c50p80m50	44	80	50	40	40	20	cnv_084	chrX	115497064	115597063	deletion	None	c3_private	c3	0.4000	40
e4	c50p80m50	44	80	50	40	40	20	cnv_085	chrX	118728698	118828697	inversion	None	c3_private	c3	0.4000	40
e4	c50p80m50	44	80	50	40	40	20	cnv_086	chrX	119368691	119468690	deletion	None	c3_private	c3	0.4000	40
e4	c50p80m50	44	80	50	40	40	20	cnv_087	chrX	121040239	121140238	deletion	None	c3_private	c3	0.4000	40
e4	c50p80m50	44	80	50	40	40	20	cnv_088	chrX	121783132	121883131	deletion	None	c3_private	c3	0.4000	40
e4	c50p80m50	44	80	50	40	40	20	cnv_089	chrX	126101979	126201978	deletion	None	c3_private	c3	0.4000	40
e4	c50p80m50	44	80	50	40	40	20	cnv_090	chrX	130412338	130512337	inversion	None	c3_private	c3	0.4000	40
e4	c50p80m50	44	80	50	40	40	20	cnv_091	chrX	130947691	131047690	inversion	None	c3_private	c3	0.4000	40
e4	c50p80m50	44	80	50	40	40	20	cnv_092	chrX	131342494	131442493	inversion	None	c3_private	c3	0.4000	40
e4	c50p80m50	44	80	50	40	40	20	cnv_093	chrX	133615367	133715366	inversion	None	c3_private	c3	0.4000	40
e4	c50p80m50	44	80	50	40	40	20	cnv_094	chrX	133841307	133941306	inversion	None	c3_private	c3	0.4000	40
e4	c50p80m50	44	80	50	40	40	20	cnv_095	chrX	135048129	135148128	deletion	None	c3_private	c3	0.4000	40
e4	c50p80m50	44	80	50	40	40	20	cnv_096	chrX	136315184	136415183	inversion	None	c3_private	c3	0.4000	40
e4	c50p80m50	44	80	50	40	40	20	cnv_097	chrX	137740038	137840037	inversion	None	c3_private	c3	0.4000	40
e4	c50p80m50	44	80	50	40	40	20	cnv_098	chrX	142163532	142263531	deletion	None	c3_private	c3	0.4000	40
e4	c50p80m50	44	80	50	40	40	20	cnv_099	chrX	142326428	142426427	inversion	None	c3_private	c3	0.4000	40
e4	c50p80m50	44	80	50	40	40	20	cnv_100	chrX	142852663	142952662	deletion	None	c3_private	c3	0.4000	40
e4	c50p80m50	44	80	50	40	40	20	cnv_101	chrX	143052907	143152906	inversion	None	c3_private	c3	0.4000	40
e4	c50p80m50	44	80	50	40	40	20	cnv_102	chrX	143211943	143311942	deletion	None	c3_private	c3	0.4000	40
e4	c50p80m50	44	80	50	40	40	20	cnv_103	chrX	143832911	143932910	deletion	None	c3_private	c3	0.4000	40
e4	c50p80m50	44	80	50	40	40	20	cnv_104	chrX	144581680	144681679	inversion	None	c3_private	c3	0.4000	40
e4	c50p80m50	44	80	50	40	40	20	cnv_105	chrX	148152530	148252529	deletion	None	c3_private	c3	0.4000	40
e4	c50p80m50	44	80	50	40	40	20	cnv_106	chrX	149252704	149352703	deletion	None	c3_private	c3	0.4000	40
e4	c50p80m50	44	80	50	40	40	20	cnv_107	chrX	151425507	151525506	deletion	None	c3_private	c3	0.4000	40
e4	c50p80m50	44	80	50	40	40	20	cnv_108	chrX	151986036	152086035	inversion	None	c3_private	c3	0.4000	40
e4	c50p80m50	44	80	50	40	40	20	cnv_109	chrX	153163327	153263326	deletion	None	c3_private	c3	0.4000	40
e4	c50p80m50	44	80	50	40	40	20	cnv_110	chrX	153599472	153699471	deletion	None	c3_private	c3	0.4000	40
